Starting training for task: modeling_comprehension
2026-04-22 14:39:02.628859: I tensorflow/core/platform/cpu_feature_guard.cc:193] This TensorFlow binary is optimized with oneAPI Deep Neural Network Library (oneDNN) to use the following CPU instructions in performance-critical operations:  AVX2 AVX512F AVX512_VNNI FMA
To enable them in other operations, rebuild TensorFlow with the appropriate compiler flags.
2026-04-22 14:39:02.737808: I tensorflow/core/util/util.cc:169] oneDNN custom operations are on. You may see slightly different numerical results due to floating-point round-off errors from different computation orders. To turn them off, set the environment variable `TF_ENABLE_ONEDNN_OPTS=0`.
2026-04-22 14:39:02.767482: E tensorflow/stream_executor/cuda/cuda_blas.cc:2981] Unable to register cuBLAS factory: Attempting to register factory for plugin cuBLAS when one has already been registered
2026-04-22 14:39:03.364456: W tensorflow/stream_executor/platform/default/dso_loader.cc:64] Could not load dynamic library 'libnvinfer.so.7'; dlerror: libnvinfer.so.7: cannot open shared object file: No such file or directory
2026-04-22 14:39:03.364526: W tensorflow/stream_executor/platform/default/dso_loader.cc:64] Could not load dynamic library 'libnvinfer_plugin.so.7'; dlerror: libnvinfer_plugin.so.7: cannot open shared object file: No such file or directory
2026-04-22 14:39:03.364534: W tensorflow/compiler/tf2tensorrt/utils/py_utils.cc:38] TF-TRT Warning: Cannot dlopen some TensorRT libraries. If you would like to use Nvidia GPU with TensorRT, please make sure the missing libraries mentioned above are installed properly.
`torch_dtype` is deprecated! Use `dtype` instead!
Task: modeling_comprehension | #Samples (train): 159 | #Samples (val): 40

Loading checkpoint shards:   0%|          | 0/4 [00:00<?, ?it/s]
Loading checkpoint shards:  25%|██▌       | 1/4 [00:01<00:04,  1.44s/it]
Loading checkpoint shards:  50%|█████     | 2/4 [00:02<00:02,  1.42s/it]
Loading checkpoint shards:  75%|███████▌  | 3/4 [00:04<00:01,  1.42s/it]
Loading checkpoint shards: 100%|██████████| 4/4 [00:04<00:00,  1.02it/s]
Loading checkpoint shards: 100%|██████████| 4/4 [00:04<00:00,  1.15s/it]
The new embeddings will be initialized from a multivariate normal distribution that has old embeddings' mean and covariance. As described in this article: https://nlp.stanford.edu/~johnhew/vocab-expansion.html. To disable this, use `mean_resizing=False`
The new lm_head weights will be initialized from a multivariate normal distribution that has old embeddings' mean and covariance. As described in this article: https://nlp.stanford.edu/~johnhew/vocab-expansion.html. To disable this, use `mean_resizing=False`
  Initialised 'CORRECT_ALL' from 'correct' (seed token ids: [20523])
  Initialised 'CORRECT_SUBSET' from 'partial' (seed token ids: [38520])
  Initialised 'NO_INTERPRETATION' from 'void' (seed token ids: [1019])
  Initialised 'INCORRECT_INTERPRETATION' from 'wrong' (seed token ids: [35970])
Registered 4 new label tokens.
Embeddings+lm_head for token ids [128256, 128257, 128258, 128259] set as trainable (others masked via backward hook).
['CORRECT_ALL', 'CORRECT_SUBSET', 'NO_INTERPRETATION', 'INCORRECT_INTERPRETATION']
['CORRECT_SUBSET', 'CORRECT_ALL', 'CORRECT_ALL', 'INCORRECT_INTERPRETATION', 'CORRECT_ALL', 'INCORRECT_INTERPRETATION', 'CORRECT_ALL', 'CORRECT_ALL', 'CORRECT_ALL', 'CORRECT_ALL', 'CORRECT_ALL', 'CORRECT_SUBSET', 'CORRECT_ALL', 'CORRECT_ALL', 'CORRECT_ALL', 'INCORRECT_INTERPRETATION', 'INCORRECT_INTERPRETATION', 'CORRECT_SUBSET', 'CORRECT_ALL', 'CORRECT_ALL', 'CORRECT_ALL', 'CORRECT_ALL', 'CORRECT_ALL', 'CORRECT_ALL', 'CORRECT_ALL', 'CORRECT_ALL', 'CORRECT_ALL', 'CORRECT_ALL', 'CORRECT_ALL', 'INCORRECT_INTERPRETATION', 'CORRECT_ALL', 'CORRECT_ALL', 'INCORRECT_INTERPRETATION', 'CORRECT_SUBSET', 'CORRECT_ALL', 'CORRECT_ALL', 'CORRECT_ALL', 'INCORRECT_INTERPRETATION', 'CORRECT_ALL', 'INCORRECT_INTERPRETATION', 'CORRECT_SUBSET', 'INCORRECT_INTERPRETATION', 'CORRECT_ALL', 'CORRECT_ALL', 'CORRECT_ALL', 'INCORRECT_INTERPRETATION', 'CORRECT_ALL', 'INCORRECT_INTERPRETATION', 'CORRECT_ALL', 'CORRECT_SUBSET', 'CORRECT_ALL', 'CORRECT_ALL', 'INCORRECT_INTERPRETATION', 'CORRECT_SUBSET', 'CORRECT_ALL', 'CORRECT_SUBSET', 'INCORRECT_INTERPRETATION', 'CORRECT_SUBSET', 'CORRECT_ALL', 'CORRECT_ALL', 'CORRECT_ALL', 'INCORRECT_INTERPRETATION', 'CORRECT_ALL', 'CORRECT_ALL', 'INCORRECT_INTERPRETATION', 'CORRECT_ALL', 'CORRECT_ALL', 'INCORRECT_INTERPRETATION', 'INCORRECT_INTERPRETATION', 'CORRECT_ALL', 'CORRECT_ALL', 'CORRECT_ALL', 'CORRECT_SUBSET', 'CORRECT_ALL', 'INCORRECT_INTERPRETATION', 'CORRECT_ALL', 'CORRECT_ALL', 'INCORRECT_INTERPRETATION', 'INCORRECT_INTERPRETATION', 'CORRECT_ALL', 'INCORRECT_INTERPRETATION', 'CORRECT_ALL', 'CORRECT_ALL', 'CORRECT_ALL', 'CORRECT_ALL', 'CORRECT_ALL', 'CORRECT_ALL', 'CORRECT_ALL', 'CORRECT_ALL', 'CORRECT_ALL', 'CORRECT_ALL', 'CORRECT_ALL', 'INCORRECT_INTERPRETATION', 'INCORRECT_INTERPRETATION', 'INCORRECT_INTERPRETATION', 'CORRECT_ALL', 'CORRECT_ALL', 'CORRECT_SUBSET', 'CORRECT_ALL', 'CORRECT_ALL', 'CORRECT_ALL', 'CORRECT_ALL', 'INCORRECT_INTERPRETATION', 'INCORRECT_INTERPRETATION', 'CORRECT_ALL', 'CORRECT_SUBSET', 'CORRECT_ALL', 'INCORRECT_INTERPRETATION', 'INCORRECT_INTERPRETATION', 'CORRECT_SUBSET', 'CORRECT_ALL', 'CORRECT_SUBSET', 'CORRECT_ALL', 'INCORRECT_INTERPRETATION', 'INCORRECT_INTERPRETATION', 'CORRECT_ALL', 'CORRECT_ALL', 'CORRECT_ALL', 'NO_INTERPRETATION', 'INCORRECT_INTERPRETATION', 'CORRECT_ALL', 'CORRECT_ALL', 'CORRECT_ALL', 'CORRECT_ALL', 'INCORRECT_INTERPRETATION', 'INCORRECT_INTERPRETATION', 'CORRECT_ALL', 'CORRECT_ALL', 'CORRECT_ALL', 'INCORRECT_INTERPRETATION', 'CORRECT_ALL', 'CORRECT_ALL', 'CORRECT_ALL', 'CORRECT_ALL', 'CORRECT_ALL', 'CORRECT_ALL', 'CORRECT_ALL', 'INCORRECT_INTERPRETATION', 'INCORRECT_INTERPRETATION', 'CORRECT_ALL', 'CORRECT_ALL', 'CORRECT_SUBSET', 'CORRECT_ALL', 'CORRECT_ALL', 'CORRECT_ALL', 'CORRECT_ALL', 'CORRECT_SUBSET', 'CORRECT_ALL', 'INCORRECT_INTERPRETATION', 'CORRECT_ALL', 'CORRECT_ALL', 'CORRECT_ALL', 'CORRECT_ALL', 'CORRECT_ALL', 'CORRECT_ALL', 'CORRECT_ALL', 'NO_INTERPRETATION', 'INCORRECT_INTERPRETATION', 'CORRECT_SUBSET']

Class weights (inverse frequency):
  CORRECT_ALL: 0.3897  (n=102)
  CORRECT_SUBSET: 2.3382  (n=17)
  NO_INTERPRETATION: 19.8750  (n=2)
  INCORRECT_INTERPRETATION: 1.0461  (n=38)

Epoch 1/50:   0%|          | 0/40 [00:00<?, ?it/s]
Epoch 1/50:   2%|▎         | 1/40 [00:02<01:40,  2.58s/it]
Epoch 1/50:   5%|▌         | 2/40 [00:04<01:30,  2.38s/it]
Epoch 1/50:   8%|▊         | 3/40 [00:07<01:34,  2.55s/it]
Epoch 1/50:  10%|█         | 4/40 [00:10<01:34,  2.63s/it]
Epoch 1/50:  12%|█▎        | 5/40 [00:12<01:27,  2.49s/it]
Epoch 1/50:  15%|█▌        | 6/40 [00:15<01:27,  2.58s/it]
Epoch 1/50:  18%|█▊        | 7/40 [00:17<01:21,  2.47s/it]
Epoch 1/50:  20%|██        | 8/40 [00:20<01:22,  2.57s/it]
Epoch 1/50:  22%|██▎       | 9/40 [00:22<01:16,  2.47s/it]
Epoch 1/50:  25%|██▌       | 10/40 [00:25<01:16,  2.56s/it]
Epoch 1/50:  28%|██▊       | 11/40 [00:27<01:11,  2.47s/it]
Epoch 1/50:  30%|███       | 12/40 [00:30<01:11,  2.56s/it]
Epoch 1/50:  32%|███▎      | 13/40 [00:32<01:06,  2.47s/it]
Epoch 1/50:  35%|███▌      | 14/40 [00:34<01:02,  2.41s/it]
Epoch 1/50:  38%|███▊      | 15/40 [00:37<01:03,  2.52s/it]
Epoch 1/50:  40%|████      | 16/40 [00:40<01:02,  2.60s/it]
Epoch 1/50:  42%|████▎     | 17/40 [00:42<00:57,  2.50s/it]
Epoch 1/50:  45%|████▌     | 18/40 [00:45<00:57,  2.59s/it]
Epoch 1/50:  48%|████▊     | 19/40 [00:48<00:55,  2.65s/it]
Epoch 1/50:  50%|█████     | 20/40 [00:51<00:53,  2.70s/it]
Epoch 1/50:  52%|█████▎    | 21/40 [00:53<00:51,  2.73s/it]
Epoch 1/50:  55%|█████▌    | 22/40 [00:56<00:49,  2.75s/it]
Epoch 1/50:  57%|█████▊    | 23/40 [00:59<00:44,  2.62s/it]
Epoch 1/50:  60%|██████    | 24/40 [01:01<00:42,  2.67s/it]
Epoch 1/50:  62%|██████▎   | 25/40 [01:04<00:38,  2.56s/it]
Epoch 1/50:  65%|██████▌   | 26/40 [01:06<00:34,  2.49s/it]
Epoch 1/50:  68%|██████▊   | 27/40 [01:09<00:33,  2.58s/it]
Epoch 1/50:  70%|███████   | 28/40 [01:12<00:31,  2.65s/it]
Epoch 1/50:  72%|███████▎  | 29/40 [01:14<00:29,  2.70s/it]
Epoch 1/50:  75%|███████▌  | 30/40 [01:17<00:27,  2.74s/it]
Epoch 1/50:  78%|███████▊  | 31/40 [01:20<00:23,  2.61s/it]
Epoch 1/50:  80%|████████  | 32/40 [01:22<00:21,  2.65s/it]
Epoch 1/50:  82%|████████▎ | 33/40 [01:25<00:18,  2.70s/it]
Epoch 1/50:  85%|████████▌ | 34/40 [01:28<00:16,  2.74s/it]
Epoch 1/50:  88%|████████▊ | 35/40 [01:31<00:13,  2.76s/it]
Epoch 1/50:  90%|█████████ | 36/40 [01:33<00:10,  2.63s/it]
Epoch 1/50:  92%|█████████▎| 37/40 [01:36<00:08,  2.70s/it]
Epoch 1/50:  95%|█████████▌| 38/40 [01:39<00:05,  2.74s/it]
Epoch 1/50:  98%|█████████▊| 39/40 [01:42<00:02,  2.76s/it]
Epoch 1/50: 100%|██████████| 40/40 [01:44<00:00,  2.59s/it]
Epoch 1/50: 100%|██████████| 40/40 [01:44<00:00,  2.61s/it]

Epoch 1 — avg train loss: 17.7172

[Train classification report — Epoch 1]
                          precision    recall  f1-score   support

             CORRECT_ALL       0.92      0.64      0.75       102
          CORRECT_SUBSET       0.75      0.18      0.29        17
       NO_INTERPRETATION       0.03      1.00      0.05         2
INCORRECT_INTERPRETATION       1.00      0.29      0.45        38

                accuracy                           0.51       159
               macro avg       0.67      0.53      0.38       159
            weighted avg       0.91      0.51      0.62       159


------------------------------------------------------------
DIAGNOSTIC — Epoch 1 | Task: modeling_comprehension
------------------------------------------------------------

[1] Label token ID check
  'CORRECT_ALL' → token_id=128256 → decoded='CORRECT_ALL'
  'CORRECT_SUBSET' → token_id=128257 → decoded='CORRECT_SUBSET'
  'NO_INTERPRETATION' → token_id=128258 → decoded='NO_INTERPRETATION'
  'INCORRECT_INTERPRETATION' → token_id=128259 → decoded='INCORRECT_INTERPRETATION'
  ✓ All label token IDs are unique.

[2] Last-token identity (first 3 val samples)

Diag-val epoch 1:   0%|          | 0/10 [00:00<?, ?it/s]
Diag-val epoch 1:  10%|█         | 1/10 [00:00<00:06,  1.34it/s]
Diag-val epoch 1:  20%|██        | 2/10 [00:01<00:05,  1.35it/s]
Diag-val epoch 1:  30%|███       | 3/10 [00:02<00:05,  1.35it/s]
Diag-val epoch 1:  40%|████      | 4/10 [00:02<00:04,  1.35it/s]
Diag-val epoch 1:  50%|█████     | 5/10 [00:03<00:03,  1.39it/s]
Diag-val epoch 1:  60%|██████    | 6/10 [00:04<00:02,  1.37it/s]
Diag-val epoch 1:  70%|███████   | 7/10 [00:05<00:02,  1.37it/s]
Diag-val epoch 1:  80%|████████  | 8/10 [00:05<00:01,  1.39it/s]
Diag-val epoch 1:  90%|█████████ | 9/10 [00:06<00:00,  1.38it/s]
Diag-val epoch 1: 100%|██████████| 10/10 [00:07<00:00,  1.37it/s]
Diag-val epoch 1: 100%|██████████| 10/10 [00:07<00:00,  1.37it/s]
  Sample 0: last real token=':' (id=25) ✓ | position[-1] token=':' (id=25) ✓
  Sample 1: last real token=':' (id=25) ✓ | position[-1] token=':' (id=25) ✓
  Sample 2: last real token=':' (id=25) ✓ | position[-1] token=':' (id=25) ✓

[3] Logit spread over label tokens (first batch)
  'CORRECT_ALL': mean=1.775  std=0.231  min=1.445  max=1.984
  'CORRECT_SUBSET': mean=-2.488  std=0.313  min=-2.906  max=-2.156
  'NO_INTERPRETATION': mean=-0.904  std=0.513  min=-1.539  max=-0.453
  'INCORRECT_INTERPRETATION': mean=-1.654  std=0.436  min=-1.945  max=-1.008
  Max-min spread per sample: mean=4.264  min=3.977  max=4.375
  (Spread near 0 → model not differentiating labels; large spread → confident predictions)

[4] Prediction vs. true label distribution
  Label                            True %   Pred %
  ------------------------------ -------- --------
  CORRECT_ALL                       62.5%   100.0% ← collapsed?
  CORRECT_SUBSET                    10.0%     0.0%
  NO_INTERPRETATION                  2.5%     0.0%
  INCORRECT_INTERPRETATION          25.0%     0.0%

[Classification report — Epoch 1]
                          precision    recall  f1-score   support

             CORRECT_ALL       0.62      1.00      0.77        25
          CORRECT_SUBSET       0.00      0.00      0.00         4
       NO_INTERPRETATION       0.00      0.00      0.00         1
INCORRECT_INTERPRETATION       0.00      0.00      0.00        10

                accuracy                           0.62        40
               macro avg       0.16      0.25      0.19        40
            weighted avg       0.39      0.62      0.48        40

------------------------------------------------------------

Epoch 2/50:   0%|          | 0/40 [00:00<?, ?it/s]
Epoch 2/50:   2%|▎         | 1/40 [00:02<01:31,  2.35s/it]
Epoch 2/50:   5%|▌         | 2/40 [00:04<01:28,  2.34s/it]
Epoch 2/50:   8%|▊         | 3/40 [00:07<01:35,  2.57s/it]
Epoch 2/50:  10%|█         | 4/40 [00:10<01:36,  2.68s/it]
Epoch 2/50:  12%|█▎        | 5/40 [00:13<01:35,  2.74s/it]
Epoch 2/50:  15%|█▌        | 6/40 [00:15<01:28,  2.60s/it]
Epoch 2/50:  18%|█▊        | 7/40 [00:18<01:28,  2.68s/it]
Epoch 2/50:  20%|██        | 8/40 [00:21<01:27,  2.73s/it]
Epoch 2/50:  22%|██▎       | 9/40 [00:24<01:25,  2.77s/it]
Epoch 2/50:  25%|██▌       | 10/40 [00:26<01:23,  2.79s/it]
Epoch 2/50:  28%|██▊       | 11/40 [00:29<01:21,  2.81s/it]
Epoch 2/50:  30%|███       | 12/40 [00:32<01:18,  2.82s/it]
Epoch 2/50:  32%|███▎      | 13/40 [00:35<01:16,  2.83s/it]
Epoch 2/50:  35%|███▌      | 14/40 [00:38<01:13,  2.84s/it]
Epoch 2/50:  38%|███▊      | 15/40 [00:40<01:07,  2.69s/it]
Epoch 2/50:  40%|████      | 16/40 [00:43<01:05,  2.74s/it]
Epoch 2/50:  42%|████▎     | 17/40 [00:46<01:03,  2.78s/it]
Epoch 2/50:  45%|████▌     | 18/40 [00:49<01:01,  2.80s/it]
Epoch 2/50:  48%|████▊     | 19/40 [00:52<00:59,  2.82s/it]
Epoch 2/50:  50%|█████     | 20/40 [00:54<00:56,  2.83s/it]
Epoch 2/50:  52%|█████▎    | 21/40 [00:57<00:53,  2.83s/it]
Epoch 2/50:  55%|█████▌    | 22/40 [01:00<00:48,  2.69s/it]
Epoch 2/50:  57%|█████▊    | 23/40 [01:03<00:46,  2.74s/it]
Epoch 2/50:  60%|██████    | 24/40 [01:05<00:44,  2.77s/it]
Epoch 2/50:  62%|██████▎   | 25/40 [01:08<00:39,  2.65s/it]
Epoch 2/50:  65%|██████▌   | 26/40 [01:11<00:37,  2.71s/it]
Epoch 2/50:  68%|██████▊   | 27/40 [01:13<00:35,  2.75s/it]
Epoch 2/50:  70%|███████   | 28/40 [01:16<00:31,  2.63s/it]
Epoch 2/50:  72%|███████▎  | 29/40 [01:19<00:29,  2.70s/it]
Epoch 2/50:  75%|███████▌  | 30/40 [01:21<00:25,  2.59s/it]
Epoch 2/50:  78%|███████▊  | 31/40 [01:23<00:22,  2.52s/it]
Epoch 2/50:  80%|████████  | 32/40 [01:26<00:20,  2.62s/it]
Epoch 2/50:  82%|████████▎ | 33/40 [01:29<00:18,  2.69s/it]
Epoch 2/50:  85%|████████▌ | 34/40 [01:31<00:15,  2.59s/it]
Epoch 2/50:  88%|████████▊ | 35/40 [01:34<00:13,  2.67s/it]
Epoch 2/50:  90%|█████████ | 36/40 [01:37<00:10,  2.57s/it]
Epoch 2/50:  92%|█████████▎| 37/40 [01:39<00:07,  2.65s/it]
Epoch 2/50:  95%|█████████▌| 38/40 [01:42<00:05,  2.56s/it]
Epoch 2/50:  98%|█████████▊| 39/40 [01:45<00:02,  2.65s/it]
Epoch 2/50: 100%|██████████| 40/40 [01:46<00:00,  2.39s/it]
Epoch 2/50: 100%|██████████| 40/40 [01:46<00:00,  2.67s/it]

Epoch 2 — avg train loss: 16.3969

[Train classification report — Epoch 2]
                          precision    recall  f1-score   support

             CORRECT_ALL       0.89      0.78      0.83       102
          CORRECT_SUBSET       0.75      0.18      0.29        17
       NO_INTERPRETATION       0.02      0.50      0.04         2
INCORRECT_INTERPRETATION       0.93      0.34      0.50        38

                accuracy                           0.61       159
               macro avg       0.65      0.45      0.41       159
            weighted avg       0.87      0.61      0.69       159


------------------------------------------------------------
DIAGNOSTIC — Epoch 2 | Task: modeling_comprehension
------------------------------------------------------------

[1] Label token ID check
  'CORRECT_ALL' → token_id=128256 → decoded='CORRECT_ALL'
  'CORRECT_SUBSET' → token_id=128257 → decoded='CORRECT_SUBSET'
  'NO_INTERPRETATION' → token_id=128258 → decoded='NO_INTERPRETATION'
  'INCORRECT_INTERPRETATION' → token_id=128259 → decoded='INCORRECT_INTERPRETATION'
  ✓ All label token IDs are unique.

[2] Last-token identity (first 3 val samples)

Diag-val epoch 2:   0%|          | 0/10 [00:00<?, ?it/s]
Diag-val epoch 2:  10%|█         | 1/10 [00:00<00:06,  1.36it/s]
Diag-val epoch 2:  20%|██        | 2/10 [00:01<00:05,  1.35it/s]
Diag-val epoch 2:  30%|███       | 3/10 [00:02<00:05,  1.35it/s]
Diag-val epoch 2:  40%|████      | 4/10 [00:02<00:04,  1.35it/s]
Diag-val epoch 2:  50%|█████     | 5/10 [00:03<00:03,  1.38it/s]
Diag-val epoch 2:  60%|██████    | 6/10 [00:04<00:02,  1.37it/s]
Diag-val epoch 2:  70%|███████   | 7/10 [00:05<00:02,  1.36it/s]
Diag-val epoch 2:  80%|████████  | 8/10 [00:05<00:01,  1.38it/s]
Diag-val epoch 2:  90%|█████████ | 9/10 [00:06<00:00,  1.37it/s]
Diag-val epoch 2: 100%|██████████| 10/10 [00:07<00:00,  1.36it/s]
Diag-val epoch 2: 100%|██████████| 10/10 [00:07<00:00,  1.36it/s]
  Sample 0: last real token=':' (id=25) ✓ | position[-1] token=':' (id=25) ✓
  Sample 1: last real token=':' (id=25) ✓ | position[-1] token=':' (id=25) ✓
  Sample 2: last real token=':' (id=25) ✓ | position[-1] token=':' (id=25) ✓

[3] Logit spread over label tokens (first batch)
  'CORRECT_ALL': mean=2.551  std=0.306  min=2.094  max=2.734
  'CORRECT_SUBSET': mean=-1.398  std=0.661  min=-2.016  max=-0.555
  'NO_INTERPRETATION': mean=0.015  std=0.338  min=-0.314  max=0.326
  'INCORRECT_INTERPRETATION': mean=-0.902  std=0.119  min=-1.078  max=-0.824
  Max-min spread per sample: mean=4.017  min=3.496  max=4.750
  (Spread near 0 → model not differentiating labels; large spread → confident predictions)

[4] Prediction vs. true label distribution
  Label                            True %   Pred %
  ------------------------------ -------- --------
  CORRECT_ALL                       62.5%   100.0% ← collapsed?
  CORRECT_SUBSET                    10.0%     0.0%
  NO_INTERPRETATION                  2.5%     0.0%
  INCORRECT_INTERPRETATION          25.0%     0.0%

[Classification report — Epoch 2]
                          precision    recall  f1-score   support

             CORRECT_ALL       0.62      1.00      0.77        25
          CORRECT_SUBSET       0.00      0.00      0.00         4
       NO_INTERPRETATION       0.00      0.00      0.00         1
INCORRECT_INTERPRETATION       0.00      0.00      0.00        10

                accuracy                           0.62        40
               macro avg       0.16      0.25      0.19        40
            weighted avg       0.39      0.62      0.48        40

------------------------------------------------------------

Epoch 3/50:   0%|          | 0/40 [00:00<?, ?it/s]
Epoch 3/50:   2%|▎         | 1/40 [00:02<01:51,  2.86s/it]
Epoch 3/50:   5%|▌         | 2/40 [00:05<01:48,  2.86s/it]
Epoch 3/50:   8%|▊         | 3/40 [00:08<01:45,  2.85s/it]
Epoch 3/50:  10%|█         | 4/40 [00:11<01:42,  2.85s/it]
Epoch 3/50:  12%|█▎        | 5/40 [00:14<01:39,  2.85s/it]
Epoch 3/50:  15%|█▌        | 6/40 [00:17<01:36,  2.85s/it]
Epoch 3/50:  18%|█▊        | 7/40 [00:19<01:34,  2.85s/it]
Epoch 3/50:  20%|██        | 8/40 [00:22<01:26,  2.69s/it]
Epoch 3/50:  22%|██▎       | 9/40 [00:25<01:24,  2.74s/it]
Epoch 3/50:  25%|██▌       | 10/40 [00:27<01:18,  2.62s/it]
Epoch 3/50:  28%|██▊       | 11/40 [00:29<01:13,  2.54s/it]
Epoch 3/50:  30%|███       | 12/40 [00:32<01:13,  2.63s/it]
Epoch 3/50:  32%|███▎      | 13/40 [00:35<01:12,  2.70s/it]
Epoch 3/50:  35%|███▌      | 14/40 [00:38<01:11,  2.74s/it]
Epoch 3/50:  38%|███▊      | 15/40 [00:41<01:09,  2.78s/it]
Epoch 3/50:  40%|████      | 16/40 [00:44<01:07,  2.80s/it]
Epoch 3/50:  42%|████▎     | 17/40 [00:46<01:04,  2.81s/it]
Epoch 3/50:  45%|████▌     | 18/40 [00:49<01:02,  2.82s/it]
Epoch 3/50:  48%|████▊     | 19/40 [00:52<00:56,  2.68s/it]
Epoch 3/50:  50%|█████     | 20/40 [00:55<00:54,  2.73s/it]
Epoch 3/50:  52%|█████▎    | 21/40 [00:57<00:52,  2.77s/it]
Epoch 3/50:  55%|█████▌    | 22/40 [01:00<00:47,  2.64s/it]
Epoch 3/50:  57%|█████▊    | 23/40 [01:03<00:45,  2.70s/it]
Epoch 3/50:  60%|██████    | 24/40 [01:05<00:41,  2.60s/it]
Epoch 3/50:  62%|██████▎   | 25/40 [01:07<00:37,  2.52s/it]
Epoch 3/50:  65%|██████▌   | 26/40 [01:10<00:34,  2.47s/it]
Epoch 3/50:  68%|██████▊   | 27/40 [01:12<00:31,  2.43s/it]
Epoch 3/50:  70%|███████   | 28/40 [01:14<00:28,  2.40s/it]
Epoch 3/50:  72%|███████▎  | 29/40 [01:17<00:26,  2.39s/it]
Epoch 3/50:  75%|███████▌  | 30/40 [01:19<00:23,  2.37s/it]
Epoch 3/50:  78%|███████▊  | 31/40 [01:21<00:21,  2.36s/it]
Epoch 3/50:  80%|████████  | 32/40 [01:24<00:20,  2.51s/it]
Epoch 3/50:  82%|████████▎ | 33/40 [01:27<00:18,  2.61s/it]
Epoch 3/50:  85%|████████▌ | 34/40 [01:30<00:16,  2.68s/it]
Epoch 3/50:  88%|████████▊ | 35/40 [01:33<00:13,  2.73s/it]
Epoch 3/50:  90%|█████████ | 36/40 [01:36<00:11,  2.77s/it]
Epoch 3/50:  92%|█████████▎| 37/40 [01:38<00:08,  2.79s/it]
Epoch 3/50:  95%|█████████▌| 38/40 [01:41<00:05,  2.66s/it]
Epoch 3/50:  98%|█████████▊| 39/40 [01:44<00:02,  2.71s/it]
Epoch 3/50: 100%|██████████| 40/40 [01:46<00:00,  2.55s/it]
Epoch 3/50: 100%|██████████| 40/40 [01:46<00:00,  2.66s/it]

Epoch 3 — avg train loss: 11.9359

[Train classification report — Epoch 3]
                          precision    recall  f1-score   support

             CORRECT_ALL       0.73      0.99      0.84       102
          CORRECT_SUBSET       0.00      0.00      0.00        17
       NO_INTERPRETATION       0.11      0.50      0.18         2
INCORRECT_INTERPRETATION       1.00      0.32      0.48        38

                accuracy                           0.72       159
               macro avg       0.46      0.45      0.38       159
            weighted avg       0.71      0.72      0.66       159


------------------------------------------------------------
DIAGNOSTIC — Epoch 3 | Task: modeling_comprehension
------------------------------------------------------------

[1] Label token ID check
  'CORRECT_ALL' → token_id=128256 → decoded='CORRECT_ALL'
  'CORRECT_SUBSET' → token_id=128257 → decoded='CORRECT_SUBSET'
  'NO_INTERPRETATION' → token_id=128258 → decoded='NO_INTERPRETATION'
  'INCORRECT_INTERPRETATION' → token_id=128259 → decoded='INCORRECT_INTERPRETATION'
  ✓ All label token IDs are unique.

[2] Last-token identity (first 3 val samples)

Diag-val epoch 3:   0%|          | 0/10 [00:00<?, ?it/s]
Diag-val epoch 3:  10%|█         | 1/10 [00:00<00:06,  1.36it/s]
Diag-val epoch 3:  20%|██        | 2/10 [00:01<00:05,  1.36it/s]
Diag-val epoch 3:  30%|███       | 3/10 [00:02<00:05,  1.35it/s]
Diag-val epoch 3:  40%|████      | 4/10 [00:02<00:04,  1.35it/s]
Diag-val epoch 3:  50%|█████     | 5/10 [00:03<00:03,  1.38it/s]
Diag-val epoch 3:  60%|██████    | 6/10 [00:04<00:02,  1.37it/s]
Diag-val epoch 3:  70%|███████   | 7/10 [00:05<00:02,  1.36it/s]
Diag-val epoch 3:  80%|████████  | 8/10 [00:05<00:01,  1.39it/s]
Diag-val epoch 3:  90%|█████████ | 9/10 [00:06<00:00,  1.37it/s]
Diag-val epoch 3: 100%|██████████| 10/10 [00:07<00:00,  1.37it/s]
Diag-val epoch 3: 100%|██████████| 10/10 [00:07<00:00,  1.37it/s]
  Sample 0: last real token=':' (id=25) ✓ | position[-1] token=':' (id=25) ✓
  Sample 1: last real token=':' (id=25) ✓ | position[-1] token=':' (id=25) ✓
  Sample 2: last real token=':' (id=25) ✓ | position[-1] token=':' (id=25) ✓

[3] Logit spread over label tokens (first batch)
  'CORRECT_ALL': mean=8.766  std=0.400  min=8.188  max=9.062
  'CORRECT_SUBSET': mean=1.381  std=0.568  min=0.742  max=2.094
  'NO_INTERPRETATION': mean=0.697  std=0.250  min=0.465  max=0.941
  'INCORRECT_INTERPRETATION': mean=3.738  std=0.309  min=3.406  max=4.031
  Max-min spread per sample: mean=8.069  min=7.689  max=8.348
  (Spread near 0 → model not differentiating labels; large spread → confident predictions)

[4] Prediction vs. true label distribution
  Label                            True %   Pred %
  ------------------------------ -------- --------
  CORRECT_ALL                       62.5%   100.0% ← collapsed?
  CORRECT_SUBSET                    10.0%     0.0%
  NO_INTERPRETATION                  2.5%     0.0%
  INCORRECT_INTERPRETATION          25.0%     0.0%

[Classification report — Epoch 3]
                          precision    recall  f1-score   support

             CORRECT_ALL       0.62      1.00      0.77        25
          CORRECT_SUBSET       0.00      0.00      0.00         4
       NO_INTERPRETATION       0.00      0.00      0.00         1
INCORRECT_INTERPRETATION       0.00      0.00      0.00        10

                accuracy                           0.62        40
               macro avg       0.16      0.25      0.19        40
            weighted avg       0.39      0.62      0.48        40

------------------------------------------------------------

Epoch 4/50:   0%|          | 0/40 [00:00<?, ?it/s]
Epoch 4/50:   2%|▎         | 1/40 [00:02<01:51,  2.86s/it]
Epoch 4/50:   5%|▌         | 2/40 [00:05<01:48,  2.85s/it]
Epoch 4/50:   8%|▊         | 3/40 [00:08<01:45,  2.85s/it]
Epoch 4/50:  10%|█         | 4/40 [00:11<01:42,  2.85s/it]
Epoch 4/50:  12%|█▎        | 5/40 [00:14<01:39,  2.84s/it]
Epoch 4/50:  15%|█▌        | 6/40 [00:16<01:30,  2.67s/it]
Epoch 4/50:  18%|█▊        | 7/40 [00:19<01:30,  2.73s/it]
Epoch 4/50:  20%|██        | 8/40 [00:22<01:28,  2.76s/it]
Epoch 4/50:  22%|██▎       | 9/40 [00:24<01:21,  2.63s/it]
Epoch 4/50:  25%|██▌       | 10/40 [00:27<01:20,  2.69s/it]
Epoch 4/50:  28%|██▊       | 11/40 [00:29<01:14,  2.59s/it]
Epoch 4/50:  30%|███       | 12/40 [00:32<01:14,  2.67s/it]
Epoch 4/50:  32%|███▎      | 13/40 [00:34<01:09,  2.57s/it]
Epoch 4/50:  35%|███▌      | 14/40 [00:37<01:08,  2.65s/it]
Epoch 4/50:  38%|███▊      | 15/40 [00:40<01:07,  2.71s/it]
Epoch 4/50:  40%|████      | 16/40 [00:43<01:06,  2.75s/it]
Epoch 4/50:  42%|████▎     | 17/40 [00:45<01:00,  2.63s/it]
Epoch 4/50:  45%|████▌     | 18/40 [00:48<00:59,  2.69s/it]
Epoch 4/50:  48%|████▊     | 19/40 [00:51<00:57,  2.74s/it]
Epoch 4/50:  50%|█████     | 20/40 [00:54<00:55,  2.77s/it]
Epoch 4/50:  52%|█████▎    | 21/40 [00:57<00:52,  2.79s/it]
Epoch 4/50:  55%|█████▌    | 22/40 [01:00<00:50,  2.81s/it]
Epoch 4/50:  57%|█████▊    | 23/40 [01:02<00:47,  2.82s/it]
Epoch 4/50:  60%|██████    | 24/40 [01:05<00:45,  2.82s/it]
Epoch 4/50:  62%|██████▎   | 25/40 [01:08<00:40,  2.68s/it]
Epoch 4/50:  65%|██████▌   | 26/40 [01:10<00:36,  2.57s/it]
Epoch 4/50:  68%|██████▊   | 27/40 [01:12<00:32,  2.50s/it]
Epoch 4/50:  70%|███████   | 28/40 [01:15<00:31,  2.61s/it]
Epoch 4/50:  72%|███████▎  | 29/40 [01:17<00:27,  2.53s/it]
Epoch 4/50:  75%|███████▌  | 30/40 [01:20<00:26,  2.62s/it]
Epoch 4/50:  78%|███████▊  | 31/40 [01:23<00:24,  2.69s/it]
Epoch 4/50:  80%|████████  | 32/40 [01:26<00:21,  2.73s/it]
Epoch 4/50:  82%|████████▎ | 33/40 [01:29<00:19,  2.77s/it]
Epoch 4/50:  85%|████████▌ | 34/40 [01:31<00:15,  2.64s/it]
Epoch 4/50:  88%|████████▊ | 35/40 [01:34<00:13,  2.70s/it]
Epoch 4/50:  90%|█████████ | 36/40 [01:36<00:10,  2.59s/it]
Epoch 4/50:  92%|█████████▎| 37/40 [01:39<00:07,  2.67s/it]
Epoch 4/50:  95%|█████████▌| 38/40 [01:41<00:05,  2.57s/it]
Epoch 4/50:  98%|█████████▊| 39/40 [01:44<00:02,  2.65s/it]
Epoch 4/50: 100%|██████████| 40/40 [01:46<00:00,  2.39s/it]
Epoch 4/50: 100%|██████████| 40/40 [01:46<00:00,  2.67s/it]

Epoch 4 — avg train loss: 4.2771

[Train classification report — Epoch 4]
                          precision    recall  f1-score   support

             CORRECT_ALL       0.68      0.96      0.80       102
          CORRECT_SUBSET       0.00      0.00      0.00        17
       NO_INTERPRETATION       0.00      0.00      0.00         2
INCORRECT_INTERPRETATION       0.67      0.26      0.38        38

                accuracy                           0.68       159
               macro avg       0.34      0.31      0.29       159
            weighted avg       0.60      0.68      0.60       159


------------------------------------------------------------
DIAGNOSTIC — Epoch 4 | Task: modeling_comprehension
------------------------------------------------------------

[1] Label token ID check
  'CORRECT_ALL' → token_id=128256 → decoded='CORRECT_ALL'
  'CORRECT_SUBSET' → token_id=128257 → decoded='CORRECT_SUBSET'
  'NO_INTERPRETATION' → token_id=128258 → decoded='NO_INTERPRETATION'
  'INCORRECT_INTERPRETATION' → token_id=128259 → decoded='INCORRECT_INTERPRETATION'
  ✓ All label token IDs are unique.

[2] Last-token identity (first 3 val samples)

Diag-val epoch 4:   0%|          | 0/10 [00:00<?, ?it/s]
Diag-val epoch 4:  10%|█         | 1/10 [00:00<00:06,  1.37it/s]
Diag-val epoch 4:  20%|██        | 2/10 [00:01<00:05,  1.36it/s]
Diag-val epoch 4:  30%|███       | 3/10 [00:02<00:05,  1.35it/s]
Diag-val epoch 4:  40%|████      | 4/10 [00:02<00:04,  1.35it/s]
Diag-val epoch 4:  50%|█████     | 5/10 [00:03<00:03,  1.38it/s]
Diag-val epoch 4:  60%|██████    | 6/10 [00:04<00:02,  1.37it/s]
Diag-val epoch 4:  70%|███████   | 7/10 [00:05<00:02,  1.36it/s]
Diag-val epoch 4:  80%|████████  | 8/10 [00:05<00:01,  1.39it/s]
Diag-val epoch 4:  90%|█████████ | 9/10 [00:06<00:00,  1.37it/s]
Diag-val epoch 4: 100%|██████████| 10/10 [00:07<00:00,  1.37it/s]
Diag-val epoch 4: 100%|██████████| 10/10 [00:07<00:00,  1.37it/s]
  Sample 0: last real token=':' (id=25) ✓ | position[-1] token=':' (id=25) ✓
  Sample 1: last real token=':' (id=25) ✓ | position[-1] token=':' (id=25) ✓
  Sample 2: last real token=':' (id=25) ✓ | position[-1] token=':' (id=25) ✓

[3] Logit spread over label tokens (first batch)
  'CORRECT_ALL': mean=11.906  std=0.605  min=11.062  max=12.375
  'CORRECT_SUBSET': mean=8.297  std=0.428  min=7.812  max=8.688
  'NO_INTERPRETATION': mean=2.434  std=0.197  min=2.234  max=2.703
  'INCORRECT_INTERPRETATION': mean=12.391  std=0.434  min=12.000  max=13.000
  Max-min spread per sample: mean=10.035  min=9.766  max=10.297
  (Spread near 0 → model not differentiating labels; large spread → confident predictions)

[4] Prediction vs. true label distribution
  Label                            True %   Pred %
  ------------------------------ -------- --------
  CORRECT_ALL                       62.5%    15.0%
  CORRECT_SUBSET                    10.0%     0.0%
  NO_INTERPRETATION                  2.5%     0.0%
  INCORRECT_INTERPRETATION          25.0%    85.0%

[Classification report — Epoch 4]
                          precision    recall  f1-score   support

             CORRECT_ALL       0.67      0.16      0.26        25
          CORRECT_SUBSET       0.00      0.00      0.00         4
       NO_INTERPRETATION       0.00      0.00      0.00         1
INCORRECT_INTERPRETATION       0.24      0.80      0.36        10

                accuracy                           0.30        40
               macro avg       0.23      0.24      0.16        40
            weighted avg       0.48      0.30      0.25        40

------------------------------------------------------------

Epoch 5/50:   0%|          | 0/40 [00:00<?, ?it/s]
Epoch 5/50:   2%|▎         | 1/40 [00:02<01:51,  2.85s/it]
Epoch 5/50:   5%|▌         | 2/40 [00:05<01:36,  2.55s/it]
Epoch 5/50:   8%|▊         | 3/40 [00:08<01:39,  2.69s/it]
Epoch 5/50:  10%|█         | 4/40 [00:10<01:38,  2.75s/it]
Epoch 5/50:  12%|█▎        | 5/40 [00:13<01:37,  2.78s/it]
Epoch 5/50:  15%|█▌        | 6/40 [00:16<01:35,  2.80s/it]
Epoch 5/50:  18%|█▊        | 7/40 [00:19<01:32,  2.82s/it]
Epoch 5/50:  20%|██        | 8/40 [00:22<01:30,  2.82s/it]
Epoch 5/50:  22%|██▎       | 9/40 [00:24<01:22,  2.67s/it]
Epoch 5/50:  25%|██▌       | 10/40 [00:26<01:17,  2.57s/it]
Epoch 5/50:  28%|██▊       | 11/40 [00:29<01:16,  2.65s/it]
Epoch 5/50:  30%|███       | 12/40 [00:32<01:11,  2.56s/it]
Epoch 5/50:  32%|███▎      | 13/40 [00:34<01:11,  2.64s/it]
Epoch 5/50:  35%|███▌      | 14/40 [00:37<01:06,  2.55s/it]
Epoch 5/50:  38%|███▊      | 15/40 [00:40<01:05,  2.64s/it]
Epoch 5/50:  40%|████      | 16/40 [00:42<01:01,  2.55s/it]
Epoch 5/50:  42%|████▎     | 17/40 [00:44<00:57,  2.48s/it]
Epoch 5/50:  45%|████▌     | 18/40 [00:47<00:57,  2.59s/it]
Epoch 5/50:  48%|████▊     | 19/40 [00:49<00:52,  2.52s/it]
Epoch 5/50:  50%|█████     | 20/40 [00:52<00:52,  2.61s/it]
Epoch 5/50:  52%|█████▎    | 21/40 [00:55<00:50,  2.68s/it]
Epoch 5/50:  55%|█████▌    | 22/40 [00:58<00:49,  2.73s/it]
Epoch 5/50:  57%|█████▊    | 23/40 [01:00<00:44,  2.61s/it]
Epoch 5/50:  60%|██████    | 24/40 [01:03<00:40,  2.53s/it]
Epoch 5/50:  62%|██████▎   | 25/40 [01:06<00:39,  2.62s/it]
Epoch 5/50:  65%|██████▌   | 26/40 [01:08<00:37,  2.69s/it]
Epoch 5/50:  68%|██████▊   | 27/40 [01:11<00:35,  2.73s/it]
Epoch 5/50:  70%|███████   | 28/40 [01:14<00:33,  2.77s/it]
Epoch 5/50:  72%|███████▎  | 29/40 [01:17<00:30,  2.79s/it]
Epoch 5/50:  75%|███████▌  | 30/40 [01:20<00:28,  2.80s/it]
Epoch 5/50:  78%|███████▊  | 31/40 [01:23<00:25,  2.81s/it]
Epoch 5/50:  80%|████████  | 32/40 [01:25<00:22,  2.82s/it]
Epoch 5/50:  82%|████████▎ | 33/40 [01:28<00:18,  2.68s/it]
Epoch 5/50:  85%|████████▌ | 34/40 [01:30<00:15,  2.57s/it]
Epoch 5/50:  88%|████████▊ | 35/40 [01:33<00:13,  2.65s/it]
Epoch 5/50:  90%|█████████ | 36/40 [01:35<00:10,  2.56s/it]
Epoch 5/50:  92%|█████████▎| 37/40 [01:38<00:07,  2.64s/it]
Epoch 5/50:  95%|█████████▌| 38/40 [01:41<00:05,  2.70s/it]
Epoch 5/50:  98%|█████████▊| 39/40 [01:44<00:02,  2.75s/it]
Epoch 5/50: 100%|██████████| 40/40 [01:46<00:00,  2.46s/it]
Epoch 5/50: 100%|██████████| 40/40 [01:46<00:00,  2.65s/it]

Epoch 5 — avg train loss: 1.5830

[Train classification report — Epoch 5]
                          precision    recall  f1-score   support

             CORRECT_ALL       0.77      0.94      0.85       102
          CORRECT_SUBSET       0.00      0.00      0.00        17
       NO_INTERPRETATION       0.00      0.00      0.00         2
INCORRECT_INTERPRETATION       0.62      0.55      0.58        38

                accuracy                           0.74       159
               macro avg       0.35      0.37      0.36       159
            weighted avg       0.64      0.74      0.68       159


------------------------------------------------------------
DIAGNOSTIC — Epoch 5 | Task: modeling_comprehension
------------------------------------------------------------

[1] Label token ID check
  'CORRECT_ALL' → token_id=128256 → decoded='CORRECT_ALL'
  'CORRECT_SUBSET' → token_id=128257 → decoded='CORRECT_SUBSET'
  'NO_INTERPRETATION' → token_id=128258 → decoded='NO_INTERPRETATION'
  'INCORRECT_INTERPRETATION' → token_id=128259 → decoded='INCORRECT_INTERPRETATION'
  ✓ All label token IDs are unique.

[2] Last-token identity (first 3 val samples)

Diag-val epoch 5:   0%|          | 0/10 [00:00<?, ?it/s]
Diag-val epoch 5:  10%|█         | 1/10 [00:00<00:06,  1.37it/s]
Diag-val epoch 5:  20%|██        | 2/10 [00:01<00:05,  1.36it/s]
Diag-val epoch 5:  30%|███       | 3/10 [00:02<00:05,  1.35it/s]
Diag-val epoch 5:  40%|████      | 4/10 [00:02<00:04,  1.35it/s]
Diag-val epoch 5:  50%|█████     | 5/10 [00:03<00:03,  1.38it/s]
Diag-val epoch 5:  60%|██████    | 6/10 [00:04<00:02,  1.37it/s]
Diag-val epoch 5:  70%|███████   | 7/10 [00:05<00:02,  1.36it/s]
Diag-val epoch 5:  80%|████████  | 8/10 [00:05<00:01,  1.39it/s]
Diag-val epoch 5:  90%|█████████ | 9/10 [00:06<00:00,  1.37it/s]
Diag-val epoch 5: 100%|██████████| 10/10 [00:07<00:00,  1.37it/s]
Diag-val epoch 5: 100%|██████████| 10/10 [00:07<00:00,  1.37it/s]
  Sample 0: last real token=':' (id=25) ✓ | position[-1] token=':' (id=25) ✓
  Sample 1: last real token=':' (id=25) ✓ | position[-1] token=':' (id=25) ✓
  Sample 2: last real token=':' (id=25) ✓ | position[-1] token=':' (id=25) ✓

[3] Logit spread over label tokens (first batch)
  'CORRECT_ALL': mean=13.250  std=0.310  min=12.938  max=13.625
  'CORRECT_SUBSET': mean=10.578  std=0.446  min=10.062  max=11.062
  'NO_INTERPRETATION': mean=4.914  std=0.136  min=4.781  max=5.031
  'INCORRECT_INTERPRETATION': mean=12.422  std=0.277  min=12.125  max=12.688
  Max-min spread per sample: mean=8.336  min=8.125  max=8.594
  (Spread near 0 → model not differentiating labels; large spread → confident predictions)

[4] Prediction vs. true label distribution
  Label                            True %   Pred %
  ------------------------------ -------- --------
  CORRECT_ALL                       62.5%    72.5%
  CORRECT_SUBSET                    10.0%    20.0%
  NO_INTERPRETATION                  2.5%     0.0%
  INCORRECT_INTERPRETATION          25.0%     7.5%

[Classification report — Epoch 5]
                          precision    recall  f1-score   support

             CORRECT_ALL       0.72      0.84      0.78        25
          CORRECT_SUBSET       0.12      0.25      0.17         4
       NO_INTERPRETATION       0.00      0.00      0.00         1
INCORRECT_INTERPRETATION       0.33      0.10      0.15        10

                accuracy                           0.57        40
               macro avg       0.30      0.30      0.27        40
            weighted avg       0.55      0.57      0.54        40

------------------------------------------------------------

Epoch 6/50:   0%|          | 0/40 [00:00<?, ?it/s]
Epoch 6/50:   2%|▎         | 1/40 [00:02<01:51,  2.85s/it]
Epoch 6/50:   5%|▌         | 2/40 [00:05<01:48,  2.85s/it]
Epoch 6/50:   8%|▊         | 3/40 [00:08<01:45,  2.85s/it]
Epoch 6/50:  10%|█         | 4/40 [00:10<01:35,  2.65s/it]
Epoch 6/50:  12%|█▎        | 5/40 [00:13<01:35,  2.72s/it]
Epoch 6/50:  15%|█▌        | 6/40 [00:16<01:33,  2.76s/it]
Epoch 6/50:  18%|█▊        | 7/40 [00:18<01:26,  2.62s/it]
Epoch 6/50:  20%|██        | 8/40 [00:21<01:26,  2.69s/it]
Epoch 6/50:  22%|██▎       | 9/40 [00:24<01:24,  2.74s/it]
Epoch 6/50:  25%|██▌       | 10/40 [00:27<01:23,  2.77s/it]
Epoch 6/50:  28%|██▊       | 11/40 [00:29<01:16,  2.64s/it]
Epoch 6/50:  30%|███       | 12/40 [00:32<01:11,  2.54s/it]
Epoch 6/50:  32%|███▎      | 13/40 [00:34<01:06,  2.48s/it]
Epoch 6/50:  35%|███▌      | 14/40 [00:37<01:07,  2.59s/it]
Epoch 6/50:  38%|███▊      | 15/40 [00:40<01:06,  2.67s/it]
Epoch 6/50:  40%|████      | 16/40 [00:42<01:05,  2.71s/it]
Epoch 6/50:  42%|████▎     | 17/40 [00:45<01:03,  2.75s/it]
Epoch 6/50:  45%|████▌     | 18/40 [00:48<00:57,  2.63s/it]
Epoch 6/50:  48%|████▊     | 19/40 [00:50<00:56,  2.69s/it]
Epoch 6/50:  50%|█████     | 20/40 [00:53<00:51,  2.59s/it]
Epoch 6/50:  52%|█████▎    | 21/40 [00:56<00:50,  2.66s/it]
Epoch 6/50:  55%|█████▌    | 22/40 [00:58<00:48,  2.72s/it]
Epoch 6/50:  57%|█████▊    | 23/40 [01:01<00:46,  2.75s/it]
Epoch 6/50:  60%|██████    | 24/40 [01:04<00:44,  2.78s/it]
Epoch 6/50:  62%|██████▎   | 25/40 [01:07<00:39,  2.65s/it]
Epoch 6/50:  65%|██████▌   | 26/40 [01:09<00:35,  2.55s/it]
Epoch 6/50:  68%|██████▊   | 27/40 [01:11<00:32,  2.49s/it]
Epoch 6/50:  70%|███████   | 28/40 [01:14<00:31,  2.59s/it]
Epoch 6/50:  72%|███████▎  | 29/40 [01:17<00:29,  2.67s/it]
Epoch 6/50:  75%|███████▌  | 30/40 [01:20<00:27,  2.72s/it]
Epoch 6/50:  78%|███████▊  | 31/40 [01:23<00:24,  2.76s/it]
Epoch 6/50:  80%|████████  | 32/40 [01:25<00:22,  2.78s/it]
Epoch 6/50:  82%|████████▎ | 33/40 [01:28<00:19,  2.80s/it]
Epoch 6/50:  85%|████████▌ | 34/40 [01:31<00:16,  2.81s/it]
Epoch 6/50:  88%|████████▊ | 35/40 [01:34<00:14,  2.82s/it]
Epoch 6/50:  90%|█████████ | 36/40 [01:36<00:10,  2.67s/it]
Epoch 6/50:  92%|█████████▎| 37/40 [01:39<00:07,  2.57s/it]
Epoch 6/50:  95%|█████████▌| 38/40 [01:41<00:05,  2.65s/it]
Epoch 6/50:  98%|█████████▊| 39/40 [01:44<00:02,  2.56s/it]
Epoch 6/50: 100%|██████████| 40/40 [01:46<00:00,  2.32s/it]
Epoch 6/50: 100%|██████████| 40/40 [01:46<00:00,  2.65s/it]

Epoch 6 — avg train loss: 1.2594

[Train classification report — Epoch 6]
                          precision    recall  f1-score   support

             CORRECT_ALL       0.76      0.89      0.82       102
          CORRECT_SUBSET       0.00      0.00      0.00        17
       NO_INTERPRETATION       0.00      0.00      0.00         2
INCORRECT_INTERPRETATION       0.57      0.61      0.59        38

                accuracy                           0.72       159
               macro avg       0.33      0.37      0.35       159
            weighted avg       0.63      0.72      0.67       159


------------------------------------------------------------
DIAGNOSTIC — Epoch 6 | Task: modeling_comprehension
------------------------------------------------------------

[1] Label token ID check
  'CORRECT_ALL' → token_id=128256 → decoded='CORRECT_ALL'
  'CORRECT_SUBSET' → token_id=128257 → decoded='CORRECT_SUBSET'
  'NO_INTERPRETATION' → token_id=128258 → decoded='NO_INTERPRETATION'
  'INCORRECT_INTERPRETATION' → token_id=128259 → decoded='INCORRECT_INTERPRETATION'
  ✓ All label token IDs are unique.

[2] Last-token identity (first 3 val samples)

Diag-val epoch 6:   0%|          | 0/10 [00:00<?, ?it/s]
Diag-val epoch 6:  10%|█         | 1/10 [00:00<00:06,  1.37it/s]
Diag-val epoch 6:  20%|██        | 2/10 [00:01<00:05,  1.36it/s]
Diag-val epoch 6:  30%|███       | 3/10 [00:02<00:05,  1.36it/s]
Diag-val epoch 6:  40%|████      | 4/10 [00:02<00:04,  1.35it/s]
Diag-val epoch 6:  50%|█████     | 5/10 [00:03<00:03,  1.38it/s]
Diag-val epoch 6:  60%|██████    | 6/10 [00:04<00:02,  1.37it/s]
Diag-val epoch 6:  70%|███████   | 7/10 [00:05<00:02,  1.37it/s]
Diag-val epoch 6:  80%|████████  | 8/10 [00:05<00:01,  1.39it/s]
Diag-val epoch 6:  90%|█████████ | 9/10 [00:06<00:00,  1.38it/s]
Diag-val epoch 6: 100%|██████████| 10/10 [00:07<00:00,  1.37it/s]
Diag-val epoch 6: 100%|██████████| 10/10 [00:07<00:00,  1.37it/s]
  Sample 0: last real token=':' (id=25) ✓ | position[-1] token=':' (id=25) ✓
  Sample 1: last real token=':' (id=25) ✓ | position[-1] token=':' (id=25) ✓
  Sample 2: last real token=':' (id=25) ✓ | position[-1] token=':' (id=25) ✓

[3] Logit spread over label tokens (first batch)
  'CORRECT_ALL': mean=14.266  std=0.428  min=13.875  max=14.875
  'CORRECT_SUBSET': mean=10.906  std=0.403  min=10.500  max=11.312
  'NO_INTERPRETATION': mean=7.531  std=0.193  min=7.281  max=7.750
  'INCORRECT_INTERPRETATION': mean=13.234  std=0.658  min=12.500  max=14.062
  Max-min spread per sample: mean=6.734  min=6.562  max=7.125
  (Spread near 0 → model not differentiating labels; large spread → confident predictions)

[4] Prediction vs. true label distribution
  Label                            True %   Pred %
  ------------------------------ -------- --------
  CORRECT_ALL                       62.5%    72.5%
  CORRECT_SUBSET                    10.0%    10.0%
  NO_INTERPRETATION                  2.5%     0.0%
  INCORRECT_INTERPRETATION          25.0%    17.5%

[Classification report — Epoch 6]
                          precision    recall  f1-score   support

             CORRECT_ALL       0.69      0.80      0.74        25
          CORRECT_SUBSET       0.25      0.25      0.25         4
       NO_INTERPRETATION       0.00      0.00      0.00         1
INCORRECT_INTERPRETATION       0.43      0.30      0.35        10

                accuracy                           0.60        40
               macro avg       0.34      0.34      0.34        40
            weighted avg       0.56      0.60      0.58        40

------------------------------------------------------------

Epoch 7/50:   0%|          | 0/40 [00:00<?, ?it/s]
Epoch 7/50:   2%|▎         | 1/40 [00:02<01:31,  2.34s/it]
Epoch 7/50:   5%|▌         | 2/40 [00:05<01:40,  2.63s/it]
Epoch 7/50:   8%|▊         | 3/40 [00:08<01:40,  2.73s/it]
Epoch 7/50:  10%|█         | 4/40 [00:10<01:39,  2.77s/it]
Epoch 7/50:  12%|█▎        | 5/40 [00:13<01:37,  2.80s/it]
Epoch 7/50:  15%|█▌        | 6/40 [00:16<01:35,  2.81s/it]
Epoch 7/50:  18%|█▊        | 7/40 [00:19<01:33,  2.82s/it]
Epoch 7/50:  20%|██        | 8/40 [00:22<01:30,  2.82s/it]
Epoch 7/50:  22%|██▎       | 9/40 [00:25<01:27,  2.83s/it]
Epoch 7/50:  25%|██▌       | 10/40 [00:27<01:25,  2.83s/it]
Epoch 7/50:  28%|██▊       | 11/40 [00:30<01:17,  2.68s/it]
Epoch 7/50:  30%|███       | 12/40 [00:33<01:16,  2.73s/it]
Epoch 7/50:  32%|███▎      | 13/40 [00:35<01:10,  2.61s/it]
Epoch 7/50:  35%|███▌      | 14/40 [00:37<01:05,  2.53s/it]
Epoch 7/50:  38%|███▊      | 15/40 [00:40<01:05,  2.62s/it]
Epoch 7/50:  40%|████      | 16/40 [00:43<01:04,  2.69s/it]
Epoch 7/50:  42%|████▎     | 17/40 [00:46<01:02,  2.73s/it]
Epoch 7/50:  45%|████▌     | 18/40 [00:49<01:00,  2.76s/it]
Epoch 7/50:  48%|████▊     | 19/40 [00:51<00:58,  2.79s/it]
Epoch 7/50:  50%|█████     | 20/40 [00:54<00:56,  2.80s/it]
Epoch 7/50:  52%|█████▎    | 21/40 [00:57<00:50,  2.66s/it]
Epoch 7/50:  55%|█████▌    | 22/40 [00:59<00:46,  2.56s/it]
Epoch 7/50:  57%|█████▊    | 23/40 [01:01<00:42,  2.50s/it]
Epoch 7/50:  60%|██████    | 24/40 [01:04<00:39,  2.45s/it]
Epoch 7/50:  62%|██████▎   | 25/40 [01:06<00:36,  2.41s/it]
Epoch 7/50:  65%|██████▌   | 26/40 [01:09<00:35,  2.54s/it]
Epoch 7/50:  68%|██████▊   | 27/40 [01:11<00:32,  2.48s/it]
Epoch 7/50:  70%|███████   | 28/40 [01:14<00:31,  2.59s/it]
Epoch 7/50:  72%|███████▎  | 29/40 [01:17<00:29,  2.66s/it]
Epoch 7/50:  75%|███████▌  | 30/40 [01:19<00:25,  2.57s/it]
Epoch 7/50:  78%|███████▊  | 31/40 [01:22<00:23,  2.65s/it]
Epoch 7/50:  80%|████████  | 32/40 [01:24<00:20,  2.56s/it]
Epoch 7/50:  82%|████████▎ | 33/40 [01:27<00:17,  2.49s/it]
Epoch 7/50:  85%|████████▌ | 34/40 [01:29<00:14,  2.45s/it]
Epoch 7/50:  88%|████████▊ | 35/40 [01:32<00:12,  2.56s/it]
Epoch 7/50:  90%|█████████ | 36/40 [01:34<00:09,  2.49s/it]
Epoch 7/50:  92%|█████████▎| 37/40 [01:37<00:07,  2.60s/it]
Epoch 7/50:  95%|█████████▌| 38/40 [01:40<00:05,  2.67s/it]
Epoch 7/50:  98%|█████████▊| 39/40 [01:42<00:02,  2.57s/it]
Epoch 7/50: 100%|██████████| 40/40 [01:44<00:00,  2.46s/it]
Epoch 7/50: 100%|██████████| 40/40 [01:44<00:00,  2.62s/it]

Epoch 7 — avg train loss: 1.1540

[Train classification report — Epoch 7]
                          precision    recall  f1-score   support

             CORRECT_ALL       0.82      0.91      0.87       102
          CORRECT_SUBSET       0.00      0.00      0.00        17
       NO_INTERPRETATION       0.00      0.00      0.00         2
INCORRECT_INTERPRETATION       0.61      0.74      0.67        38

                accuracy                           0.76       159
               macro avg       0.36      0.41      0.38       159
            weighted avg       0.67      0.76      0.71       159


------------------------------------------------------------
DIAGNOSTIC — Epoch 7 | Task: modeling_comprehension
------------------------------------------------------------

[1] Label token ID check
  'CORRECT_ALL' → token_id=128256 → decoded='CORRECT_ALL'
  'CORRECT_SUBSET' → token_id=128257 → decoded='CORRECT_SUBSET'
  'NO_INTERPRETATION' → token_id=128258 → decoded='NO_INTERPRETATION'
  'INCORRECT_INTERPRETATION' → token_id=128259 → decoded='INCORRECT_INTERPRETATION'
  ✓ All label token IDs are unique.

[2] Last-token identity (first 3 val samples)

Diag-val epoch 7:   0%|          | 0/10 [00:00<?, ?it/s]
Diag-val epoch 7:  10%|█         | 1/10 [00:00<00:06,  1.37it/s]
Diag-val epoch 7:  20%|██        | 2/10 [00:01<00:05,  1.36it/s]
Diag-val epoch 7:  30%|███       | 3/10 [00:02<00:05,  1.36it/s]
Diag-val epoch 7:  40%|████      | 4/10 [00:02<00:04,  1.35it/s]
Diag-val epoch 7:  50%|█████     | 5/10 [00:03<00:03,  1.38it/s]
Diag-val epoch 7:  60%|██████    | 6/10 [00:04<00:02,  1.37it/s]
Diag-val epoch 7:  70%|███████   | 7/10 [00:05<00:02,  1.36it/s]
Diag-val epoch 7:  80%|████████  | 8/10 [00:05<00:01,  1.39it/s]
Diag-val epoch 7:  90%|█████████ | 9/10 [00:06<00:00,  1.38it/s]
Diag-val epoch 7: 100%|██████████| 10/10 [00:07<00:00,  1.37it/s]
Diag-val epoch 7: 100%|██████████| 10/10 [00:07<00:00,  1.37it/s]
  Sample 0: last real token=':' (id=25) ✓ | position[-1] token=':' (id=25) ✓
  Sample 1: last real token=':' (id=25) ✓ | position[-1] token=':' (id=25) ✓
  Sample 2: last real token=':' (id=25) ✓ | position[-1] token=':' (id=25) ✓

[3] Logit spread over label tokens (first batch)
  'CORRECT_ALL': mean=14.688  std=0.368  min=14.312  max=15.188
  'CORRECT_SUBSET': mean=10.609  std=0.348  min=10.250  max=10.938
  'NO_INTERPRETATION': mean=9.094  std=0.194  min=8.812  max=9.250
  'INCORRECT_INTERPRETATION': mean=13.109  std=0.871  min=12.188  max=14.000
  Max-min spread per sample: mean=5.594  min=5.375  max=5.938
  (Spread near 0 → model not differentiating labels; large spread → confident predictions)

[4] Prediction vs. true label distribution
  Label                            True %   Pred %
  ------------------------------ -------- --------
  CORRECT_ALL                       62.5%    75.0%
  CORRECT_SUBSET                    10.0%     5.0%
  NO_INTERPRETATION                  2.5%     0.0%
  INCORRECT_INTERPRETATION          25.0%    20.0%

[Classification report — Epoch 7]
                          precision    recall  f1-score   support

             CORRECT_ALL       0.70      0.84      0.76        25
          CORRECT_SUBSET       0.50      0.25      0.33         4
       NO_INTERPRETATION       0.00      0.00      0.00         1
INCORRECT_INTERPRETATION       0.38      0.30      0.33        10

                accuracy                           0.62        40
               macro avg       0.39      0.35      0.36        40
            weighted avg       0.58      0.62      0.59        40

------------------------------------------------------------

Epoch 8/50:   0%|          | 0/40 [00:00<?, ?it/s]
Epoch 8/50:   2%|▎         | 1/40 [00:02<01:51,  2.85s/it]
Epoch 8/50:   5%|▌         | 2/40 [00:05<01:48,  2.84s/it]
Epoch 8/50:   8%|▊         | 3/40 [00:08<01:36,  2.61s/it]
Epoch 8/50:  10%|█         | 4/40 [00:10<01:37,  2.70s/it]
Epoch 8/50:  12%|█▎        | 5/40 [00:13<01:29,  2.57s/it]
Epoch 8/50:  15%|█▌        | 6/40 [00:16<01:30,  2.66s/it]
Epoch 8/50:  18%|█▊        | 7/40 [00:18<01:24,  2.56s/it]
Epoch 8/50:  20%|██        | 8/40 [00:21<01:24,  2.65s/it]
Epoch 8/50:  22%|██▎       | 9/40 [00:23<01:19,  2.55s/it]
Epoch 8/50:  25%|██▌       | 10/40 [00:26<01:19,  2.64s/it]
Epoch 8/50:  28%|██▊       | 11/40 [00:28<01:13,  2.55s/it]
Epoch 8/50:  30%|███       | 12/40 [00:31<01:13,  2.64s/it]
Epoch 8/50:  32%|███▎      | 13/40 [00:33<01:08,  2.55s/it]
Epoch 8/50:  35%|███▌      | 14/40 [00:36<01:08,  2.64s/it]
Epoch 8/50:  38%|███▊      | 15/40 [00:39<01:07,  2.70s/it]
Epoch 8/50:  40%|████      | 16/40 [00:42<01:05,  2.74s/it]
Epoch 8/50:  42%|████▎     | 17/40 [00:45<01:03,  2.77s/it]
Epoch 8/50:  45%|████▌     | 18/40 [00:48<01:01,  2.79s/it]
Epoch 8/50:  48%|████▊     | 19/40 [00:50<00:58,  2.81s/it]
Epoch 8/50:  50%|█████     | 20/40 [00:53<00:56,  2.82s/it]
Epoch 8/50:  52%|█████▎    | 21/40 [00:56<00:50,  2.67s/it]
Epoch 8/50:  55%|█████▌    | 22/40 [00:58<00:48,  2.72s/it]
Epoch 8/50:  57%|█████▊    | 23/40 [01:01<00:44,  2.61s/it]
Epoch 8/50:  60%|██████    | 24/40 [01:04<00:42,  2.68s/it]
Epoch 8/50:  62%|██████▎   | 25/40 [01:06<00:40,  2.73s/it]
Epoch 8/50:  65%|██████▌   | 26/40 [01:09<00:36,  2.61s/it]
Epoch 8/50:  68%|██████▊   | 27/40 [01:11<00:32,  2.53s/it]
Epoch 8/50:  70%|███████   | 28/40 [01:14<00:31,  2.62s/it]
Epoch 8/50:  72%|███████▎  | 29/40 [01:16<00:27,  2.54s/it]
Epoch 8/50:  75%|███████▌  | 30/40 [01:19<00:24,  2.48s/it]
Epoch 8/50:  78%|███████▊  | 31/40 [01:22<00:23,  2.59s/it]
Epoch 8/50:  80%|████████  | 32/40 [01:24<00:21,  2.66s/it]
Epoch 8/50:  82%|████████▎ | 33/40 [01:27<00:19,  2.71s/it]
Epoch 8/50:  85%|████████▌ | 34/40 [01:30<00:16,  2.75s/it]
Epoch 8/50:  88%|████████▊ | 35/40 [01:33<00:13,  2.78s/it]
Epoch 8/50:  90%|█████████ | 36/40 [01:36<00:11,  2.80s/it]
Epoch 8/50:  92%|█████████▎| 37/40 [01:39<00:08,  2.81s/it]
Epoch 8/50:  95%|█████████▌| 38/40 [01:41<00:05,  2.67s/it]
Epoch 8/50:  98%|█████████▊| 39/40 [01:43<00:02,  2.57s/it]
Epoch 8/50: 100%|██████████| 40/40 [01:45<00:00,  2.46s/it]
Epoch 8/50: 100%|██████████| 40/40 [01:45<00:00,  2.65s/it]

Epoch 8 — avg train loss: 0.9054

[Train classification report — Epoch 8]
                          precision    recall  f1-score   support

             CORRECT_ALL       0.79      0.88      0.83       102
          CORRECT_SUBSET       1.00      0.06      0.11        17
       NO_INTERPRETATION       0.00      0.00      0.00         2
INCORRECT_INTERPRETATION       0.59      0.68      0.63        38

                accuracy                           0.74       159
               macro avg       0.60      0.41      0.39       159
            weighted avg       0.75      0.74      0.70       159


------------------------------------------------------------
DIAGNOSTIC — Epoch 8 | Task: modeling_comprehension
------------------------------------------------------------

[1] Label token ID check
  'CORRECT_ALL' → token_id=128256 → decoded='CORRECT_ALL'
  'CORRECT_SUBSET' → token_id=128257 → decoded='CORRECT_SUBSET'
  'NO_INTERPRETATION' → token_id=128258 → decoded='NO_INTERPRETATION'
  'INCORRECT_INTERPRETATION' → token_id=128259 → decoded='INCORRECT_INTERPRETATION'
  ✓ All label token IDs are unique.

[2] Last-token identity (first 3 val samples)

Diag-val epoch 8:   0%|          | 0/10 [00:00<?, ?it/s]
Diag-val epoch 8:  10%|█         | 1/10 [00:00<00:06,  1.37it/s]
Diag-val epoch 8:  20%|██        | 2/10 [00:01<00:05,  1.36it/s]
Diag-val epoch 8:  30%|███       | 3/10 [00:02<00:05,  1.35it/s]
Diag-val epoch 8:  40%|████      | 4/10 [00:02<00:04,  1.35it/s]
Diag-val epoch 8:  50%|█████     | 5/10 [00:03<00:03,  1.38it/s]
Diag-val epoch 8:  60%|██████    | 6/10 [00:04<00:02,  1.37it/s]
Diag-val epoch 8:  70%|███████   | 7/10 [00:05<00:02,  1.36it/s]
Diag-val epoch 8:  80%|████████  | 8/10 [00:05<00:01,  1.39it/s]
Diag-val epoch 8:  90%|█████████ | 9/10 [00:06<00:00,  1.38it/s]
Diag-val epoch 8: 100%|██████████| 10/10 [00:07<00:00,  1.37it/s]
Diag-val epoch 8: 100%|██████████| 10/10 [00:07<00:00,  1.37it/s]
  Sample 0: last real token=':' (id=25) ✓ | position[-1] token=':' (id=25) ✓
  Sample 1: last real token=':' (id=25) ✓ | position[-1] token=':' (id=25) ✓
  Sample 2: last real token=':' (id=25) ✓ | position[-1] token=':' (id=25) ✓

[3] Logit spread over label tokens (first batch)
  'CORRECT_ALL': mean=15.562  std=0.503  min=14.938  max=16.125
  'CORRECT_SUBSET': mean=10.859  std=0.539  min=10.250  max=11.562
  'NO_INTERPRETATION': mean=10.500  std=0.153  min=10.312  max=10.688
  'INCORRECT_INTERPRETATION': mean=13.781  std=0.800  min=12.938  max=14.688
  Max-min spread per sample: mean=5.125  min=4.625  max=5.875
  (Spread near 0 → model not differentiating labels; large spread → confident predictions)

[4] Prediction vs. true label distribution
  Label                            True %   Pred %
  ------------------------------ -------- --------
  CORRECT_ALL                       62.5%    72.5%
  CORRECT_SUBSET                    10.0%     5.0%
  NO_INTERPRETATION                  2.5%     0.0%
  INCORRECT_INTERPRETATION          25.0%    22.5%

[Classification report — Epoch 8]
                          precision    recall  f1-score   support

             CORRECT_ALL       0.72      0.84      0.78        25
          CORRECT_SUBSET       0.50      0.25      0.33         4
       NO_INTERPRETATION       0.00      0.00      0.00         1
INCORRECT_INTERPRETATION       0.33      0.30      0.32        10

                accuracy                           0.62        40
               macro avg       0.39      0.35      0.36        40
            weighted avg       0.59      0.62      0.60        40

------------------------------------------------------------

Epoch 9/50:   0%|          | 0/40 [00:00<?, ?it/s]
Epoch 9/50:   2%|▎         | 1/40 [00:02<01:51,  2.85s/it]
Epoch 9/50:   5%|▌         | 2/40 [00:05<01:48,  2.84s/it]
Epoch 9/50:   8%|▊         | 3/40 [00:08<01:36,  2.61s/it]
Epoch 9/50:  10%|█         | 4/40 [00:10<01:37,  2.71s/it]
Epoch 9/50:  12%|█▎        | 5/40 [00:13<01:30,  2.57s/it]
Epoch 9/50:  15%|█▌        | 6/40 [00:16<01:30,  2.67s/it]
Epoch 9/50:  18%|█▊        | 7/40 [00:18<01:29,  2.72s/it]
Epoch 9/50:  20%|██        | 8/40 [00:21<01:23,  2.60s/it]
Epoch 9/50:  22%|██▎       | 9/40 [00:24<01:22,  2.68s/it]
Epoch 9/50:  25%|██▌       | 10/40 [00:26<01:21,  2.73s/it]
Epoch 9/50:  28%|██▊       | 11/40 [00:29<01:15,  2.61s/it]
Epoch 9/50:  30%|███       | 12/40 [00:32<01:15,  2.68s/it]
Epoch 9/50:  32%|███▎      | 13/40 [00:34<01:13,  2.73s/it]
Epoch 9/50:  35%|███▌      | 14/40 [00:37<01:11,  2.76s/it]
Epoch 9/50:  38%|███▊      | 15/40 [00:40<01:09,  2.79s/it]
Epoch 9/50:  40%|████      | 16/40 [00:43<01:07,  2.80s/it]
Epoch 9/50:  42%|████▎     | 17/40 [00:45<01:01,  2.66s/it]
Epoch 9/50:  45%|████▌     | 18/40 [00:48<00:56,  2.57s/it]
Epoch 9/50:  48%|████▊     | 19/40 [00:50<00:55,  2.65s/it]
Epoch 9/50:  50%|█████     | 20/40 [00:53<00:54,  2.71s/it]
Epoch 9/50:  52%|█████▎    | 21/40 [00:56<00:52,  2.75s/it]
Epoch 9/50:  55%|█████▌    | 22/40 [00:59<00:47,  2.62s/it]
Epoch 9/50:  57%|█████▊    | 23/40 [01:01<00:45,  2.69s/it]
Epoch 9/50:  60%|██████    | 24/40 [01:04<00:43,  2.73s/it]
Epoch 9/50:  62%|██████▎   | 25/40 [01:07<00:39,  2.62s/it]
Epoch 9/50:  65%|██████▌   | 26/40 [01:09<00:37,  2.68s/it]
Epoch 9/50:  68%|██████▊   | 27/40 [01:12<00:35,  2.73s/it]
Epoch 9/50:  70%|███████   | 28/40 [01:15<00:31,  2.61s/it]
Epoch 9/50:  72%|███████▎  | 29/40 [01:17<00:29,  2.68s/it]
Epoch 9/50:  75%|███████▌  | 30/40 [01:20<00:25,  2.58s/it]
Epoch 9/50:  78%|███████▊  | 31/40 [01:23<00:23,  2.66s/it]
Epoch 9/50:  80%|████████  | 32/40 [01:25<00:20,  2.56s/it]
Epoch 9/50:  82%|████████▎ | 33/40 [01:28<00:18,  2.65s/it]
Epoch 9/50:  85%|████████▌ | 34/40 [01:31<00:16,  2.70s/it]
Epoch 9/50:  88%|████████▊ | 35/40 [01:33<00:13,  2.74s/it]
Epoch 9/50:  90%|█████████ | 36/40 [01:36<00:11,  2.77s/it]
Epoch 9/50:  92%|█████████▎| 37/40 [01:39<00:07,  2.64s/it]
Epoch 9/50:  95%|█████████▌| 38/40 [01:41<00:05,  2.70s/it]
Epoch 9/50:  98%|█████████▊| 39/40 [01:44<00:02,  2.74s/it]
Epoch 9/50: 100%|██████████| 40/40 [01:46<00:00,  2.58s/it]
Epoch 9/50: 100%|██████████| 40/40 [01:46<00:00,  2.67s/it]

Epoch 9 — avg train loss: 0.8081

[Train classification report — Epoch 9]
                          precision    recall  f1-score   support

             CORRECT_ALL       0.74      0.90      0.81       102
          CORRECT_SUBSET       1.00      0.06      0.11        17
       NO_INTERPRETATION       0.00      0.00      0.00         2
INCORRECT_INTERPRETATION       0.55      0.47      0.51        38

                accuracy                           0.70       159
               macro avg       0.57      0.36      0.36       159
            weighted avg       0.71      0.70      0.65       159


------------------------------------------------------------
DIAGNOSTIC — Epoch 9 | Task: modeling_comprehension
------------------------------------------------------------

[1] Label token ID check
  'CORRECT_ALL' → token_id=128256 → decoded='CORRECT_ALL'
  'CORRECT_SUBSET' → token_id=128257 → decoded='CORRECT_SUBSET'
  'NO_INTERPRETATION' → token_id=128258 → decoded='NO_INTERPRETATION'
  'INCORRECT_INTERPRETATION' → token_id=128259 → decoded='INCORRECT_INTERPRETATION'
  ✓ All label token IDs are unique.

[2] Last-token identity (first 3 val samples)

Diag-val epoch 9:   0%|          | 0/10 [00:00<?, ?it/s]
Diag-val epoch 9:  10%|█         | 1/10 [00:00<00:06,  1.37it/s]
Diag-val epoch 9:  20%|██        | 2/10 [00:01<00:05,  1.36it/s]
Diag-val epoch 9:  30%|███       | 3/10 [00:02<00:05,  1.35it/s]
Diag-val epoch 9:  40%|████      | 4/10 [00:02<00:04,  1.35it/s]
Diag-val epoch 9:  50%|█████     | 5/10 [00:03<00:03,  1.38it/s]
Diag-val epoch 9:  60%|██████    | 6/10 [00:04<00:02,  1.37it/s]
Diag-val epoch 9:  70%|███████   | 7/10 [00:05<00:02,  1.36it/s]
Diag-val epoch 9:  80%|████████  | 8/10 [00:05<00:01,  1.39it/s]
Diag-val epoch 9:  90%|█████████ | 9/10 [00:06<00:00,  1.37it/s]
Diag-val epoch 9: 100%|██████████| 10/10 [00:07<00:00,  1.37it/s]
Diag-val epoch 9: 100%|██████████| 10/10 [00:07<00:00,  1.37it/s]
  Sample 0: last real token=':' (id=25) ✓ | position[-1] token=':' (id=25) ✓
  Sample 1: last real token=':' (id=25) ✓ | position[-1] token=':' (id=25) ✓
  Sample 2: last real token=':' (id=25) ✓ | position[-1] token=':' (id=25) ✓

[3] Logit spread over label tokens (first batch)
  'CORRECT_ALL': mean=14.516  std=1.029  min=13.250  max=15.625
  'CORRECT_SUBSET': mean=11.453  std=0.551  min=11.000  max=12.188
  'NO_INTERPRETATION': mean=10.906  std=0.410  min=10.312  max=11.250
  'INCORRECT_INTERPRETATION': mean=12.109  std=1.317  min=10.625  max=13.250
  Max-min spread per sample: mean=3.625  min=2.938  max=4.625
  (Spread near 0 → model not differentiating labels; large spread → confident predictions)

[4] Prediction vs. true label distribution
  Label                            True %   Pred %
  ------------------------------ -------- --------
  CORRECT_ALL                       62.5%    65.0%
  CORRECT_SUBSET                    10.0%    22.5%
  NO_INTERPRETATION                  2.5%     0.0%
  INCORRECT_INTERPRETATION          25.0%    12.5%

[Classification report — Epoch 9]
                          precision    recall  f1-score   support

             CORRECT_ALL       0.73      0.76      0.75        25
          CORRECT_SUBSET       0.33      0.75      0.46         4
       NO_INTERPRETATION       0.00      0.00      0.00         1
INCORRECT_INTERPRETATION       0.60      0.30      0.40        10

                accuracy                           0.62        40
               macro avg       0.42      0.45      0.40        40
            weighted avg       0.64      0.62      0.61        40

------------------------------------------------------------

Epoch 10/50:   0%|          | 0/40 [00:00<?, ?it/s]
Epoch 10/50:   2%|▎         | 1/40 [00:02<01:31,  2.35s/it]
Epoch 10/50:   5%|▌         | 2/40 [00:05<01:40,  2.63s/it]
Epoch 10/50:   8%|▊         | 3/40 [00:08<01:40,  2.73s/it]
Epoch 10/50:  10%|█         | 4/40 [00:10<01:39,  2.77s/it]
Epoch 10/50:  12%|█▎        | 5/40 [00:13<01:37,  2.80s/it]
Epoch 10/50:  15%|█▌        | 6/40 [00:16<01:29,  2.64s/it]
Epoch 10/50:  18%|█▊        | 7/40 [00:18<01:23,  2.54s/it]
Epoch 10/50:  20%|██        | 8/40 [00:21<01:24,  2.64s/it]
Epoch 10/50:  22%|██▎       | 9/40 [00:23<01:18,  2.54s/it]
Epoch 10/50:  25%|██▌       | 10/40 [00:26<01:19,  2.64s/it]
Epoch 10/50:  28%|██▊       | 11/40 [00:28<01:13,  2.54s/it]
Epoch 10/50:  30%|███       | 12/40 [00:31<01:13,  2.63s/it]
Epoch 10/50:  32%|███▎      | 13/40 [00:33<01:08,  2.55s/it]
Epoch 10/50:  35%|███▌      | 14/40 [00:36<01:08,  2.63s/it]
Epoch 10/50:  38%|███▊      | 15/40 [00:39<01:03,  2.54s/it]
Epoch 10/50:  40%|████      | 16/40 [00:41<01:03,  2.63s/it]
Epoch 10/50:  42%|████▎     | 17/40 [00:44<01:02,  2.70s/it]
Epoch 10/50:  45%|████▌     | 18/40 [00:47<01:00,  2.74s/it]
Epoch 10/50:  48%|████▊     | 19/40 [00:50<00:58,  2.77s/it]
Epoch 10/50:  50%|█████     | 20/40 [00:53<00:55,  2.79s/it]
Epoch 10/50:  52%|█████▎    | 21/40 [00:56<00:53,  2.81s/it]
Epoch 10/50:  55%|█████▌    | 22/40 [00:58<00:50,  2.82s/it]
Epoch 10/50:  57%|█████▊    | 23/40 [01:01<00:45,  2.67s/it]
Epoch 10/50:  60%|██████    | 24/40 [01:04<00:43,  2.72s/it]
Epoch 10/50:  62%|██████▎   | 25/40 [01:06<00:39,  2.61s/it]
Epoch 10/50:  65%|██████▌   | 26/40 [01:09<00:37,  2.68s/it]
Epoch 10/50:  68%|██████▊   | 27/40 [01:12<00:35,  2.73s/it]
Epoch 10/50:  70%|███████   | 28/40 [01:14<00:31,  2.61s/it]
Epoch 10/50:  72%|███████▎  | 29/40 [01:17<00:29,  2.67s/it]
Epoch 10/50:  75%|███████▌  | 30/40 [01:20<00:27,  2.72s/it]
Epoch 10/50:  78%|███████▊  | 31/40 [01:23<00:24,  2.76s/it]
Epoch 10/50:  80%|████████  | 32/40 [01:25<00:22,  2.78s/it]
Epoch 10/50:  82%|████████▎ | 33/40 [01:28<00:18,  2.65s/it]
Epoch 10/50:  85%|████████▌ | 34/40 [01:30<00:15,  2.55s/it]
Epoch 10/50:  88%|████████▊ | 35/40 [01:33<00:13,  2.64s/it]
Epoch 10/50:  90%|█████████ | 36/40 [01:35<00:10,  2.55s/it]
Epoch 10/50:  92%|█████████▎| 37/40 [01:38<00:07,  2.64s/it]
Epoch 10/50:  95%|█████████▌| 38/40 [01:41<00:05,  2.70s/it]
Epoch 10/50:  98%|█████████▊| 39/40 [01:44<00:02,  2.74s/it]
Epoch 10/50: 100%|██████████| 40/40 [01:46<00:00,  2.57s/it]
Epoch 10/50: 100%|██████████| 40/40 [01:46<00:00,  2.66s/it]

Epoch 10 — avg train loss: 0.6427

[Train classification report — Epoch 10]
                          precision    recall  f1-score   support

             CORRECT_ALL       0.78      0.87      0.82       102
          CORRECT_SUBSET       1.00      0.06      0.11        17
       NO_INTERPRETATION       0.00      0.00      0.00         2
INCORRECT_INTERPRETATION       0.55      0.63      0.59        38

                accuracy                           0.72       159
               macro avg       0.58      0.39      0.38       159
            weighted avg       0.74      0.72      0.68       159


------------------------------------------------------------
DIAGNOSTIC — Epoch 10 | Task: modeling_comprehension
------------------------------------------------------------

[1] Label token ID check
  'CORRECT_ALL' → token_id=128256 → decoded='CORRECT_ALL'
  'CORRECT_SUBSET' → token_id=128257 → decoded='CORRECT_SUBSET'
  'NO_INTERPRETATION' → token_id=128258 → decoded='NO_INTERPRETATION'
  'INCORRECT_INTERPRETATION' → token_id=128259 → decoded='INCORRECT_INTERPRETATION'
  ✓ All label token IDs are unique.

[2] Last-token identity (first 3 val samples)

Diag-val epoch 10:   0%|          | 0/10 [00:00<?, ?it/s]
Diag-val epoch 10:  10%|█         | 1/10 [00:00<00:06,  1.37it/s]
Diag-val epoch 10:  20%|██        | 2/10 [00:01<00:05,  1.36it/s]
Diag-val epoch 10:  30%|███       | 3/10 [00:02<00:05,  1.36it/s]
Diag-val epoch 10:  40%|████      | 4/10 [00:02<00:04,  1.35it/s]
Diag-val epoch 10:  50%|█████     | 5/10 [00:03<00:03,  1.39it/s]
Diag-val epoch 10:  60%|██████    | 6/10 [00:04<00:02,  1.37it/s]
Diag-val epoch 10:  70%|███████   | 7/10 [00:05<00:02,  1.37it/s]
Diag-val epoch 10:  80%|████████  | 8/10 [00:05<00:01,  1.39it/s]
Diag-val epoch 10:  90%|█████████ | 9/10 [00:06<00:00,  1.38it/s]
Diag-val epoch 10: 100%|██████████| 10/10 [00:07<00:00,  1.37it/s]
Diag-val epoch 10: 100%|██████████| 10/10 [00:07<00:00,  1.37it/s]
  Sample 0: last real token=':' (id=25) ✓ | position[-1] token=':' (id=25) ✓
  Sample 1: last real token=':' (id=25) ✓ | position[-1] token=':' (id=25) ✓
  Sample 2: last real token=':' (id=25) ✓ | position[-1] token=':' (id=25) ✓

[3] Logit spread over label tokens (first batch)
  'CORRECT_ALL': mean=18.094  std=0.710  min=17.125  max=18.625
  'CORRECT_SUBSET': mean=11.594  std=0.712  min=10.938  max=12.500
  'NO_INTERPRETATION': mean=11.391  std=0.425  min=10.812  max=11.812
  'INCORRECT_INTERPRETATION': mean=13.172  std=0.793  min=12.375  max=14.250
  Max-min spread per sample: mean=6.766  min=5.562  max=7.812
  (Spread near 0 → model not differentiating labels; large spread → confident predictions)

[4] Prediction vs. true label distribution
  Label                            True %   Pred %
  ------------------------------ -------- --------
  CORRECT_ALL                       62.5%    92.5% ← collapsed?
  CORRECT_SUBSET                    10.0%     5.0%
  NO_INTERPRETATION                  2.5%     0.0%
  INCORRECT_INTERPRETATION          25.0%     2.5%

[Classification report — Epoch 10]
                          precision    recall  f1-score   support

             CORRECT_ALL       0.68      1.00      0.81        25
          CORRECT_SUBSET       0.50      0.25      0.33         4
       NO_INTERPRETATION       0.00      0.00      0.00         1
INCORRECT_INTERPRETATION       1.00      0.10      0.18        10

                accuracy                           0.68        40
               macro avg       0.54      0.34      0.33        40
            weighted avg       0.72      0.68      0.58        40

------------------------------------------------------------

Epoch 11/50:   0%|          | 0/40 [00:00<?, ?it/s]
Epoch 11/50:   2%|▎         | 1/40 [00:02<01:51,  2.85s/it]
Epoch 11/50:   5%|▌         | 2/40 [00:05<01:36,  2.55s/it]
Epoch 11/50:   8%|▊         | 3/40 [00:08<01:39,  2.68s/it]
Epoch 11/50:  10%|█         | 4/40 [00:10<01:38,  2.74s/it]
Epoch 11/50:  12%|█▎        | 5/40 [00:13<01:37,  2.78s/it]
Epoch 11/50:  15%|█▌        | 6/40 [00:16<01:35,  2.80s/it]
Epoch 11/50:  18%|█▊        | 7/40 [00:19<01:32,  2.81s/it]
Epoch 11/50:  20%|██        | 8/40 [00:21<01:25,  2.66s/it]
Epoch 11/50:  22%|██▎       | 9/40 [00:24<01:24,  2.72s/it]
Epoch 11/50:  25%|██▌       | 10/40 [00:27<01:22,  2.75s/it]
Epoch 11/50:  28%|██▊       | 11/40 [00:30<01:20,  2.78s/it]
Epoch 11/50:  30%|███       | 12/40 [00:32<01:14,  2.64s/it]
Epoch 11/50:  32%|███▎      | 13/40 [00:34<01:08,  2.55s/it]
Epoch 11/50:  35%|███▌      | 14/40 [00:37<01:04,  2.49s/it]
Epoch 11/50:  38%|███▊      | 15/40 [00:39<01:01,  2.44s/it]
Epoch 11/50:  40%|████      | 16/40 [00:41<00:57,  2.41s/it]
Epoch 11/50:  42%|████▎     | 17/40 [00:44<00:54,  2.39s/it]
Epoch 11/50:  45%|████▌     | 18/40 [00:46<00:52,  2.37s/it]
Epoch 11/50:  48%|████▊     | 19/40 [00:49<00:52,  2.51s/it]
Epoch 11/50:  50%|█████     | 20/40 [00:51<00:49,  2.46s/it]
Epoch 11/50:  52%|█████▎    | 21/40 [00:54<00:46,  2.42s/it]
Epoch 11/50:  55%|█████▌    | 22/40 [00:56<00:43,  2.40s/it]
Epoch 11/50:  57%|█████▊    | 23/40 [00:59<00:43,  2.53s/it]
Epoch 11/50:  60%|██████    | 24/40 [01:02<00:41,  2.62s/it]
Epoch 11/50:  62%|██████▎   | 25/40 [01:04<00:38,  2.54s/it]
Epoch 11/50:  65%|██████▌   | 26/40 [01:07<00:36,  2.63s/it]
Epoch 11/50:  68%|██████▊   | 27/40 [01:10<00:34,  2.69s/it]
Epoch 11/50:  70%|███████   | 28/40 [01:12<00:32,  2.74s/it]
Epoch 11/50:  72%|███████▎  | 29/40 [01:15<00:28,  2.62s/it]
Epoch 11/50:  75%|███████▌  | 30/40 [01:18<00:26,  2.68s/it]
Epoch 11/50:  78%|███████▊  | 31/40 [01:20<00:23,  2.58s/it]
Epoch 11/50:  80%|████████  | 32/40 [01:23<00:21,  2.66s/it]
Epoch 11/50:  82%|████████▎ | 33/40 [01:25<00:17,  2.56s/it]
Epoch 11/50:  85%|████████▌ | 34/40 [01:28<00:15,  2.64s/it]
Epoch 11/50:  88%|████████▊ | 35/40 [01:31<00:13,  2.70s/it]
Epoch 11/50:  90%|█████████ | 36/40 [01:34<00:10,  2.74s/it]
Epoch 11/50:  92%|█████████▎| 37/40 [01:37<00:08,  2.77s/it]
Epoch 11/50:  95%|█████████▌| 38/40 [01:39<00:05,  2.79s/it]
Epoch 11/50:  98%|█████████▊| 39/40 [01:42<00:02,  2.65s/it]
Epoch 11/50: 100%|██████████| 40/40 [01:43<00:00,  2.39s/it]
Epoch 11/50: 100%|██████████| 40/40 [01:43<00:00,  2.60s/it]

Epoch 11 — avg train loss: 0.6571

[Train classification report — Epoch 11]
                          precision    recall  f1-score   support

             CORRECT_ALL       0.73      0.92      0.81       102
          CORRECT_SUBSET       1.00      0.12      0.21        17
       NO_INTERPRETATION       0.00      0.00      0.00         2
INCORRECT_INTERPRETATION       0.57      0.42      0.48        38

                accuracy                           0.70       159
               macro avg       0.58      0.37      0.38       159
            weighted avg       0.71      0.70      0.66       159


------------------------------------------------------------
DIAGNOSTIC — Epoch 11 | Task: modeling_comprehension
------------------------------------------------------------

[1] Label token ID check
  'CORRECT_ALL' → token_id=128256 → decoded='CORRECT_ALL'
  'CORRECT_SUBSET' → token_id=128257 → decoded='CORRECT_SUBSET'
  'NO_INTERPRETATION' → token_id=128258 → decoded='NO_INTERPRETATION'
  'INCORRECT_INTERPRETATION' → token_id=128259 → decoded='INCORRECT_INTERPRETATION'
  ✓ All label token IDs are unique.

[2] Last-token identity (first 3 val samples)

Diag-val epoch 11:   0%|          | 0/10 [00:00<?, ?it/s]
Diag-val epoch 11:  10%|█         | 1/10 [00:00<00:06,  1.37it/s]
Diag-val epoch 11:  20%|██        | 2/10 [00:01<00:05,  1.36it/s]
Diag-val epoch 11:  30%|███       | 3/10 [00:02<00:05,  1.36it/s]
Diag-val epoch 11:  40%|████      | 4/10 [00:02<00:04,  1.35it/s]
Diag-val epoch 11:  50%|█████     | 5/10 [00:03<00:03,  1.39it/s]
Diag-val epoch 11:  60%|██████    | 6/10 [00:04<00:02,  1.37it/s]
Diag-val epoch 11:  70%|███████   | 7/10 [00:05<00:02,  1.37it/s]
Diag-val epoch 11:  80%|████████  | 8/10 [00:05<00:01,  1.39it/s]
Diag-val epoch 11:  90%|█████████ | 9/10 [00:06<00:00,  1.38it/s]
Diag-val epoch 11: 100%|██████████| 10/10 [00:07<00:00,  1.37it/s]
Diag-val epoch 11: 100%|██████████| 10/10 [00:07<00:00,  1.37it/s]
  Sample 0: last real token=':' (id=25) ✓ | position[-1] token=':' (id=25) ✓
  Sample 1: last real token=':' (id=25) ✓ | position[-1] token=':' (id=25) ✓
  Sample 2: last real token=':' (id=25) ✓ | position[-1] token=':' (id=25) ✓

[3] Logit spread over label tokens (first batch)
  'CORRECT_ALL': mean=16.547  std=0.553  min=15.812  max=17.125
  'CORRECT_SUBSET': mean=10.906  std=1.231  min=9.812  max=12.312
  'NO_INTERPRETATION': mean=11.609  std=0.609  min=11.000  max=12.250
  'INCORRECT_INTERPRETATION': mean=15.938  std=0.893  min=15.000  max=17.125
  Max-min spread per sample: mean=5.812  min=4.250  max=7.312
  (Spread near 0 → model not differentiating labels; large spread → confident predictions)

[4] Prediction vs. true label distribution
  Label                            True %   Pred %
  ------------------------------ -------- --------
  CORRECT_ALL                       62.5%    45.0%
  CORRECT_SUBSET                    10.0%     2.5%
  NO_INTERPRETATION                  2.5%     0.0%
  INCORRECT_INTERPRETATION          25.0%    52.5%

[Classification report — Epoch 11]
                          precision    recall  f1-score   support

             CORRECT_ALL       0.78      0.56      0.65        25
          CORRECT_SUBSET       0.00      0.00      0.00         4
       NO_INTERPRETATION       0.00      0.00      0.00         1
INCORRECT_INTERPRETATION       0.29      0.60      0.39        10

                accuracy                           0.50        40
               macro avg       0.27      0.29      0.26        40
            weighted avg       0.56      0.50      0.50        40

------------------------------------------------------------

Epoch 12/50:   0%|          | 0/40 [00:00<?, ?it/s]
Epoch 12/50:   2%|▎         | 1/40 [00:02<01:51,  2.85s/it]
Epoch 12/50:   5%|▌         | 2/40 [00:05<01:48,  2.84s/it]
Epoch 12/50:   8%|▊         | 3/40 [00:08<01:45,  2.84s/it]
Epoch 12/50:  10%|█         | 4/40 [00:11<01:42,  2.84s/it]
Epoch 12/50:  12%|█▎        | 5/40 [00:13<01:33,  2.66s/it]
Epoch 12/50:  15%|█▌        | 6/40 [00:16<01:32,  2.72s/it]
Epoch 12/50:  18%|█▊        | 7/40 [00:18<01:25,  2.60s/it]
Epoch 12/50:  20%|██        | 8/40 [00:21<01:25,  2.67s/it]
Epoch 12/50:  22%|██▎       | 9/40 [00:24<01:24,  2.72s/it]
Epoch 12/50:  25%|██▌       | 10/40 [00:27<01:22,  2.76s/it]
Epoch 12/50:  28%|██▊       | 11/40 [00:29<01:16,  2.63s/it]
Epoch 12/50:  30%|███       | 12/40 [00:32<01:11,  2.54s/it]
Epoch 12/50:  32%|███▎      | 13/40 [00:34<01:06,  2.48s/it]
Epoch 12/50:  35%|███▌      | 14/40 [00:36<01:03,  2.44s/it]
Epoch 12/50:  38%|███▊      | 15/40 [00:39<01:04,  2.56s/it]
Epoch 12/50:  40%|████      | 16/40 [00:42<01:03,  2.64s/it]
Epoch 12/50:  42%|████▎     | 17/40 [00:45<01:02,  2.70s/it]
Epoch 12/50:  45%|████▌     | 18/40 [00:47<00:57,  2.59s/it]
Epoch 12/50:  48%|████▊     | 19/40 [00:50<00:56,  2.67s/it]
Epoch 12/50:  50%|█████     | 20/40 [00:52<00:51,  2.57s/it]
Epoch 12/50:  52%|█████▎    | 21/40 [00:55<00:50,  2.65s/it]
Epoch 12/50:  55%|█████▌    | 22/40 [00:58<00:48,  2.71s/it]
Epoch 12/50:  57%|█████▊    | 23/40 [01:01<00:46,  2.75s/it]
Epoch 12/50:  60%|██████    | 24/40 [01:04<00:44,  2.78s/it]
Epoch 12/50:  62%|██████▎   | 25/40 [01:06<00:39,  2.64s/it]
Epoch 12/50:  65%|██████▌   | 26/40 [01:09<00:37,  2.70s/it]
Epoch 12/50:  68%|██████▊   | 27/40 [01:11<00:33,  2.59s/it]
Epoch 12/50:  70%|███████   | 28/40 [01:14<00:31,  2.67s/it]
Epoch 12/50:  72%|███████▎  | 29/40 [01:17<00:29,  2.72s/it]
Epoch 12/50:  75%|███████▌  | 30/40 [01:20<00:27,  2.76s/it]
Epoch 12/50:  78%|███████▊  | 31/40 [01:23<00:25,  2.78s/it]
Epoch 12/50:  80%|████████  | 32/40 [01:25<00:22,  2.80s/it]
Epoch 12/50:  82%|████████▎ | 33/40 [01:28<00:19,  2.81s/it]
Epoch 12/50:  85%|████████▌ | 34/40 [01:31<00:16,  2.82s/it]
Epoch 12/50:  88%|████████▊ | 35/40 [01:34<00:14,  2.83s/it]
Epoch 12/50:  90%|█████████ | 36/40 [01:36<00:10,  2.68s/it]
Epoch 12/50:  92%|█████████▎| 37/40 [01:39<00:07,  2.58s/it]
Epoch 12/50:  95%|█████████▌| 38/40 [01:41<00:05,  2.66s/it]
Epoch 12/50:  98%|█████████▊| 39/40 [01:44<00:02,  2.71s/it]
Epoch 12/50: 100%|██████████| 40/40 [01:46<00:00,  2.56s/it]
Epoch 12/50: 100%|██████████| 40/40 [01:46<00:00,  2.67s/it]

Epoch 12 — avg train loss: 0.5566

[Train classification report — Epoch 12]
                          precision    recall  f1-score   support

             CORRECT_ALL       0.76      0.94      0.84       102
          CORRECT_SUBSET       0.67      0.12      0.20        17
       NO_INTERPRETATION       0.00      0.00      0.00         2
INCORRECT_INTERPRETATION       0.69      0.53      0.60        38

                accuracy                           0.74       159
               macro avg       0.53      0.40      0.41       159
            weighted avg       0.72      0.74      0.70       159


------------------------------------------------------------
DIAGNOSTIC — Epoch 12 | Task: modeling_comprehension
------------------------------------------------------------

[1] Label token ID check
  'CORRECT_ALL' → token_id=128256 → decoded='CORRECT_ALL'
  'CORRECT_SUBSET' → token_id=128257 → decoded='CORRECT_SUBSET'
  'NO_INTERPRETATION' → token_id=128258 → decoded='NO_INTERPRETATION'
  'INCORRECT_INTERPRETATION' → token_id=128259 → decoded='INCORRECT_INTERPRETATION'
  ✓ All label token IDs are unique.

[2] Last-token identity (first 3 val samples)

Diag-val epoch 12:   0%|          | 0/10 [00:00<?, ?it/s]
Diag-val epoch 12:  10%|█         | 1/10 [00:00<00:06,  1.37it/s]
Diag-val epoch 12:  20%|██        | 2/10 [00:01<00:05,  1.36it/s]
Diag-val epoch 12:  30%|███       | 3/10 [00:02<00:05,  1.36it/s]
Diag-val epoch 12:  40%|████      | 4/10 [00:02<00:04,  1.35it/s]
Diag-val epoch 12:  50%|█████     | 5/10 [00:03<00:03,  1.38it/s]
Diag-val epoch 12:  60%|██████    | 6/10 [00:04<00:02,  1.37it/s]
Diag-val epoch 12:  70%|███████   | 7/10 [00:05<00:02,  1.36it/s]
Diag-val epoch 12:  80%|████████  | 8/10 [00:05<00:01,  1.39it/s]
Diag-val epoch 12:  90%|█████████ | 9/10 [00:06<00:00,  1.38it/s]
Diag-val epoch 12: 100%|██████████| 10/10 [00:07<00:00,  1.37it/s]
Diag-val epoch 12: 100%|██████████| 10/10 [00:07<00:00,  1.37it/s]
  Sample 0: last real token=':' (id=25) ✓ | position[-1] token=':' (id=25) ✓
  Sample 1: last real token=':' (id=25) ✓ | position[-1] token=':' (id=25) ✓
  Sample 2: last real token=':' (id=25) ✓ | position[-1] token=':' (id=25) ✓

[3] Logit spread over label tokens (first batch)
  'CORRECT_ALL': mean=16.406  std=1.491  min=14.375  max=17.750
  'CORRECT_SUBSET': mean=11.562  std=0.964  min=10.750  max=12.875
  'NO_INTERPRETATION': mean=11.500  std=0.350  min=11.188  max=12.000
  'INCORRECT_INTERPRETATION': mean=13.906  std=1.853  min=11.750  max=15.875
  Max-min spread per sample: mean=5.141  min=3.000  max=7.000
  (Spread near 0 → model not differentiating labels; large spread → confident predictions)

[4] Prediction vs. true label distribution
  Label                            True %   Pred %
  ------------------------------ -------- --------
  CORRECT_ALL                       62.5%    57.5%
  CORRECT_SUBSET                    10.0%     7.5%
  NO_INTERPRETATION                  2.5%     0.0%
  INCORRECT_INTERPRETATION          25.0%    35.0%

[Classification report — Epoch 12]
                          precision    recall  f1-score   support

             CORRECT_ALL       0.78      0.72      0.75        25
          CORRECT_SUBSET       0.33      0.25      0.29         4
       NO_INTERPRETATION       0.00      0.00      0.00         1
INCORRECT_INTERPRETATION       0.36      0.50      0.42        10

                accuracy                           0.60        40
               macro avg       0.37      0.37      0.36        40
            weighted avg       0.61      0.60      0.60        40

------------------------------------------------------------

Epoch 13/50:   0%|          | 0/40 [00:00<?, ?it/s]
Epoch 13/50:   2%|▎         | 1/40 [00:02<01:31,  2.35s/it]
Epoch 13/50:   5%|▌         | 2/40 [00:05<01:40,  2.63s/it]
Epoch 13/50:   8%|▊         | 3/40 [00:08<01:40,  2.73s/it]
Epoch 13/50:  10%|█         | 4/40 [00:10<01:39,  2.77s/it]
Epoch 13/50:  12%|█▎        | 5/40 [00:13<01:37,  2.80s/it]
Epoch 13/50:  15%|█▌        | 6/40 [00:16<01:35,  2.81s/it]
Epoch 13/50:  18%|█▊        | 7/40 [00:19<01:33,  2.82s/it]
Epoch 13/50:  20%|██        | 8/40 [00:22<01:30,  2.83s/it]
Epoch 13/50:  22%|██▎       | 9/40 [00:25<01:27,  2.83s/it]
Epoch 13/50:  25%|██▌       | 10/40 [00:27<01:20,  2.68s/it]
Epoch 13/50:  28%|██▊       | 11/40 [00:30<01:19,  2.73s/it]
Epoch 13/50:  30%|███       | 12/40 [00:33<01:17,  2.76s/it]
Epoch 13/50:  32%|███▎      | 13/40 [00:35<01:15,  2.79s/it]
Epoch 13/50:  35%|███▌      | 14/40 [00:38<01:12,  2.80s/it]
Epoch 13/50:  38%|███▊      | 15/40 [00:41<01:10,  2.81s/it]
Epoch 13/50:  40%|████      | 16/40 [00:44<01:07,  2.82s/it]
Epoch 13/50:  42%|████▎     | 17/40 [00:47<01:05,  2.83s/it]
Epoch 13/50:  45%|████▌     | 18/40 [00:50<01:02,  2.83s/it]
Epoch 13/50:  48%|████▊     | 19/40 [00:52<00:59,  2.84s/it]
Epoch 13/50:  50%|█████     | 20/40 [00:55<00:56,  2.84s/it]
Epoch 13/50:  52%|█████▎    | 21/40 [00:58<00:51,  2.69s/it]
Epoch 13/50:  55%|█████▌    | 22/40 [01:00<00:46,  2.58s/it]
Epoch 13/50:  57%|█████▊    | 23/40 [01:03<00:45,  2.66s/it]
Epoch 13/50:  60%|██████    | 24/40 [01:06<00:43,  2.72s/it]
Epoch 13/50:  62%|██████▎   | 25/40 [01:08<00:39,  2.60s/it]
Epoch 13/50:  65%|██████▌   | 26/40 [01:10<00:35,  2.52s/it]
Epoch 13/50:  68%|██████▊   | 27/40 [01:13<00:34,  2.62s/it]
Epoch 13/50:  70%|███████   | 28/40 [01:16<00:32,  2.69s/it]
Epoch 13/50:  72%|███████▎  | 29/40 [01:19<00:30,  2.73s/it]
Epoch 13/50:  75%|███████▌  | 30/40 [01:21<00:26,  2.61s/it]
Epoch 13/50:  78%|███████▊  | 31/40 [01:24<00:24,  2.68s/it]
Epoch 13/50:  80%|████████  | 32/40 [01:27<00:21,  2.73s/it]
Epoch 13/50:  82%|████████▎ | 33/40 [01:30<00:19,  2.76s/it]
Epoch 13/50:  85%|████████▌ | 34/40 [01:33<00:16,  2.79s/it]
Epoch 13/50:  88%|████████▊ | 35/40 [01:35<00:13,  2.65s/it]
Epoch 13/50:  90%|█████████ | 36/40 [01:38<00:10,  2.71s/it]
Epoch 13/50:  92%|█████████▎| 37/40 [01:40<00:07,  2.60s/it]
Epoch 13/50:  95%|█████████▌| 38/40 [01:42<00:05,  2.52s/it]
Epoch 13/50:  98%|█████████▊| 39/40 [01:45<00:02,  2.46s/it]
Epoch 13/50: 100%|██████████| 40/40 [01:47<00:00,  2.38s/it]
Epoch 13/50: 100%|██████████| 40/40 [01:47<00:00,  2.69s/it]

Epoch 13 — avg train loss: 0.3535

[Train classification report — Epoch 13]
                          precision    recall  f1-score   support

             CORRECT_ALL       0.76      0.91      0.83       102
          CORRECT_SUBSET       1.00      0.18      0.30        17
       NO_INTERPRETATION       0.00      0.00      0.00         2
INCORRECT_INTERPRETATION       0.61      0.53      0.56        38

                accuracy                           0.73       159
               macro avg       0.59      0.40      0.42       159
            weighted avg       0.74      0.73      0.70       159


------------------------------------------------------------
DIAGNOSTIC — Epoch 13 | Task: modeling_comprehension
------------------------------------------------------------

[1] Label token ID check
  'CORRECT_ALL' → token_id=128256 → decoded='CORRECT_ALL'
  'CORRECT_SUBSET' → token_id=128257 → decoded='CORRECT_SUBSET'
  'NO_INTERPRETATION' → token_id=128258 → decoded='NO_INTERPRETATION'
  'INCORRECT_INTERPRETATION' → token_id=128259 → decoded='INCORRECT_INTERPRETATION'
  ✓ All label token IDs are unique.

[2] Last-token identity (first 3 val samples)

Diag-val epoch 13:   0%|          | 0/10 [00:00<?, ?it/s]
Diag-val epoch 13:  10%|█         | 1/10 [00:00<00:06,  1.37it/s]
Diag-val epoch 13:  20%|██        | 2/10 [00:01<00:05,  1.36it/s]
Diag-val epoch 13:  30%|███       | 3/10 [00:02<00:05,  1.36it/s]
Diag-val epoch 13:  40%|████      | 4/10 [00:02<00:04,  1.36it/s]
Diag-val epoch 13:  50%|█████     | 5/10 [00:03<00:03,  1.39it/s]
Diag-val epoch 13:  60%|██████    | 6/10 [00:04<00:02,  1.37it/s]
Diag-val epoch 13:  70%|███████   | 7/10 [00:05<00:02,  1.37it/s]
Diag-val epoch 13:  80%|████████  | 8/10 [00:05<00:01,  1.39it/s]
Diag-val epoch 13:  90%|█████████ | 9/10 [00:06<00:00,  1.38it/s]
Diag-val epoch 13: 100%|██████████| 10/10 [00:07<00:00,  1.37it/s]
Diag-val epoch 13: 100%|██████████| 10/10 [00:07<00:00,  1.37it/s]
  Sample 0: last real token=':' (id=25) ✓ | position[-1] token=':' (id=25) ✓
  Sample 1: last real token=':' (id=25) ✓ | position[-1] token=':' (id=25) ✓
  Sample 2: last real token=':' (id=25) ✓ | position[-1] token=':' (id=25) ✓

[3] Logit spread over label tokens (first batch)
  'CORRECT_ALL': mean=17.875  std=0.890  min=16.625  max=18.625
  'CORRECT_SUBSET': mean=10.672  std=1.619  min=9.250  max=12.312
  'NO_INTERPRETATION': mean=11.656  std=0.862  min=10.562  max=12.562
  'INCORRECT_INTERPRETATION': mean=14.938  std=1.460  min=13.375  max=16.750
  Max-min spread per sample: mean=7.203  min=4.812  max=9.375
  (Spread near 0 → model not differentiating labels; large spread → confident predictions)

[4] Prediction vs. true label distribution
  Label                            True %   Pred %
  ------------------------------ -------- --------
  CORRECT_ALL                       62.5%    80.0%
  CORRECT_SUBSET                    10.0%     2.5%
  NO_INTERPRETATION                  2.5%     0.0%
  INCORRECT_INTERPRETATION          25.0%    17.5%

[Classification report — Epoch 13]
                          precision    recall  f1-score   support

             CORRECT_ALL       0.72      0.92      0.81        25
          CORRECT_SUBSET       0.00      0.00      0.00         4
       NO_INTERPRETATION       0.00      0.00      0.00         1
INCORRECT_INTERPRETATION       0.43      0.30      0.35        10

                accuracy                           0.65        40
               macro avg       0.29      0.30      0.29        40
            weighted avg       0.56      0.65      0.59        40

------------------------------------------------------------

Epoch 14/50:   0%|          | 0/40 [00:00<?, ?it/s]
Epoch 14/50:   2%|▎         | 1/40 [00:02<01:51,  2.85s/it]
Epoch 14/50:   5%|▌         | 2/40 [00:05<01:48,  2.84s/it]
Epoch 14/50:   8%|▊         | 3/40 [00:08<01:36,  2.61s/it]
Epoch 14/50:  10%|█         | 4/40 [00:10<01:37,  2.70s/it]
Epoch 14/50:  12%|█▎        | 5/40 [00:13<01:36,  2.76s/it]
Epoch 14/50:  15%|█▌        | 6/40 [00:16<01:34,  2.78s/it]
Epoch 14/50:  18%|█▊        | 7/40 [00:19<01:32,  2.80s/it]
Epoch 14/50:  20%|██        | 8/40 [00:22<01:30,  2.81s/it]
Epoch 14/50:  22%|██▎       | 9/40 [00:24<01:22,  2.67s/it]
Epoch 14/50:  25%|██▌       | 10/40 [00:27<01:21,  2.72s/it]
Epoch 14/50:  28%|██▊       | 11/40 [00:30<01:19,  2.76s/it]
Epoch 14/50:  30%|███       | 12/40 [00:33<01:17,  2.78s/it]
Epoch 14/50:  32%|███▎      | 13/40 [00:35<01:15,  2.80s/it]
Epoch 14/50:  35%|███▌      | 14/40 [00:38<01:13,  2.81s/it]
Epoch 14/50:  38%|███▊      | 15/40 [00:41<01:10,  2.82s/it]
Epoch 14/50:  40%|████      | 16/40 [00:43<01:04,  2.68s/it]
Epoch 14/50:  42%|████▎     | 17/40 [00:46<00:59,  2.57s/it]
Epoch 14/50:  45%|████▌     | 18/40 [00:49<00:58,  2.66s/it]
Epoch 14/50:  48%|████▊     | 19/40 [00:51<00:53,  2.56s/it]
Epoch 14/50:  50%|█████     | 20/40 [00:54<00:52,  2.64s/it]
Epoch 14/50:  52%|█████▎    | 21/40 [00:57<00:51,  2.71s/it]
Epoch 14/50:  55%|█████▌    | 22/40 [00:59<00:46,  2.60s/it]
Epoch 14/50:  57%|█████▊    | 23/40 [01:01<00:42,  2.52s/it]
Epoch 14/50:  60%|██████    | 24/40 [01:04<00:39,  2.47s/it]
Epoch 14/50:  62%|██████▎   | 25/40 [01:07<00:38,  2.58s/it]
Epoch 14/50:  65%|██████▌   | 26/40 [01:09<00:37,  2.66s/it]
Epoch 14/50:  68%|██████▊   | 27/40 [01:12<00:33,  2.56s/it]
Epoch 14/50:  70%|███████   | 28/40 [01:15<00:31,  2.65s/it]
Epoch 14/50:  72%|███████▎  | 29/40 [01:17<00:28,  2.56s/it]
Epoch 14/50:  75%|███████▌  | 30/40 [01:20<00:26,  2.64s/it]
Epoch 14/50:  78%|███████▊  | 31/40 [01:23<00:24,  2.70s/it]
Epoch 14/50:  80%|████████  | 32/40 [01:25<00:21,  2.74s/it]
Epoch 14/50:  82%|████████▎ | 33/40 [01:28<00:19,  2.77s/it]
Epoch 14/50:  85%|████████▌ | 34/40 [01:31<00:16,  2.79s/it]
Epoch 14/50:  88%|████████▊ | 35/40 [01:34<00:14,  2.80s/it]
Epoch 14/50:  90%|█████████ | 36/40 [01:37<00:11,  2.82s/it]
Epoch 14/50:  92%|█████████▎| 37/40 [01:39<00:08,  2.67s/it]
Epoch 14/50:  95%|█████████▌| 38/40 [01:42<00:05,  2.73s/it]
Epoch 14/50:  98%|█████████▊| 39/40 [01:44<00:02,  2.61s/it]
Epoch 14/50: 100%|██████████| 40/40 [01:46<00:00,  2.36s/it]
Epoch 14/50: 100%|██████████| 40/40 [01:46<00:00,  2.67s/it]

Epoch 14 — avg train loss: 0.4292

[Train classification report — Epoch 14]
                          precision    recall  f1-score   support

             CORRECT_ALL       0.75      0.95      0.84       102
          CORRECT_SUBSET       0.75      0.18      0.29        17
       NO_INTERPRETATION       0.00      0.00      0.00         2
INCORRECT_INTERPRETATION       0.68      0.45      0.54        38

                accuracy                           0.74       159
               macro avg       0.54      0.39      0.42       159
            weighted avg       0.72      0.74      0.70       159


------------------------------------------------------------
DIAGNOSTIC — Epoch 14 | Task: modeling_comprehension
------------------------------------------------------------

[1] Label token ID check
  'CORRECT_ALL' → token_id=128256 → decoded='CORRECT_ALL'
  'CORRECT_SUBSET' → token_id=128257 → decoded='CORRECT_SUBSET'
  'NO_INTERPRETATION' → token_id=128258 → decoded='NO_INTERPRETATION'
  'INCORRECT_INTERPRETATION' → token_id=128259 → decoded='INCORRECT_INTERPRETATION'
  ✓ All label token IDs are unique.

[2] Last-token identity (first 3 val samples)

Diag-val epoch 14:   0%|          | 0/10 [00:00<?, ?it/s]
Diag-val epoch 14:  10%|█         | 1/10 [00:00<00:06,  1.36it/s]
Diag-val epoch 14:  20%|██        | 2/10 [00:01<00:05,  1.36it/s]
Diag-val epoch 14:  30%|███       | 3/10 [00:02<00:05,  1.35it/s]
Diag-val epoch 14:  40%|████      | 4/10 [00:02<00:04,  1.35it/s]
Diag-val epoch 14:  50%|█████     | 5/10 [00:03<00:03,  1.38it/s]
Diag-val epoch 14:  60%|██████    | 6/10 [00:04<00:02,  1.37it/s]
Diag-val epoch 14:  70%|███████   | 7/10 [00:05<00:02,  1.37it/s]
Diag-val epoch 14:  80%|████████  | 8/10 [00:05<00:01,  1.39it/s]
Diag-val epoch 14:  90%|█████████ | 9/10 [00:06<00:00,  1.38it/s]
Diag-val epoch 14: 100%|██████████| 10/10 [00:07<00:00,  1.37it/s]
Diag-val epoch 14: 100%|██████████| 10/10 [00:07<00:00,  1.37it/s]
  Sample 0: last real token=':' (id=25) ✓ | position[-1] token=':' (id=25) ✓
  Sample 1: last real token=':' (id=25) ✓ | position[-1] token=':' (id=25) ✓
  Sample 2: last real token=':' (id=25) ✓ | position[-1] token=':' (id=25) ✓

[3] Logit spread over label tokens (first batch)
  'CORRECT_ALL': mean=17.766  std=1.467  min=15.688  max=19.125
  'CORRECT_SUBSET': mean=11.016  std=1.941  min=9.312  max=12.938
  'NO_INTERPRETATION': mean=11.250  std=0.589  min=10.562  max=12.000
  'INCORRECT_INTERPRETATION': mean=15.438  std=1.098  min=14.438  max=17.000
  Max-min spread per sample: mean=7.297  min=4.500  max=9.812
  (Spread near 0 → model not differentiating labels; large spread → confident predictions)

[4] Prediction vs. true label distribution
  Label                            True %   Pred %
  ------------------------------ -------- --------
  CORRECT_ALL                       62.5%    75.0%
  CORRECT_SUBSET                    10.0%     2.5%
  NO_INTERPRETATION                  2.5%     0.0%
  INCORRECT_INTERPRETATION          25.0%    22.5%

[Classification report — Epoch 14]
                          precision    recall  f1-score   support

             CORRECT_ALL       0.73      0.88      0.80        25
          CORRECT_SUBSET       0.00      0.00      0.00         4
       NO_INTERPRETATION       0.00      0.00      0.00         1
INCORRECT_INTERPRETATION       0.44      0.40      0.42        10

                accuracy                           0.65        40
               macro avg       0.29      0.32      0.31        40
            weighted avg       0.57      0.65      0.61        40

------------------------------------------------------------

Epoch 15/50:   0%|          | 0/40 [00:00<?, ?it/s]
Epoch 15/50:   2%|▎         | 1/40 [00:02<01:51,  2.85s/it]
Epoch 15/50:   5%|▌         | 2/40 [00:05<01:47,  2.84s/it]
Epoch 15/50:   8%|▊         | 3/40 [00:08<01:45,  2.84s/it]
Epoch 15/50:  10%|█         | 4/40 [00:11<01:42,  2.84s/it]
Epoch 15/50:  12%|█▎        | 5/40 [00:14<01:39,  2.84s/it]
Epoch 15/50:  15%|█▌        | 6/40 [00:17<01:36,  2.84s/it]
Epoch 15/50:  18%|█▊        | 7/40 [00:19<01:33,  2.84s/it]
Epoch 15/50:  20%|██        | 8/40 [00:22<01:30,  2.84s/it]
Epoch 15/50:  22%|██▎       | 9/40 [00:25<01:23,  2.68s/it]
Epoch 15/50:  25%|██▌       | 10/40 [00:27<01:21,  2.73s/it]
Epoch 15/50:  28%|██▊       | 11/40 [00:30<01:20,  2.76s/it]
Epoch 15/50:  30%|███       | 12/40 [00:33<01:13,  2.63s/it]
Epoch 15/50:  32%|███▎      | 13/40 [00:35<01:12,  2.70s/it]
Epoch 15/50:  35%|███▌      | 14/40 [00:38<01:11,  2.74s/it]
Epoch 15/50:  38%|███▊      | 15/40 [00:41<01:05,  2.62s/it]
Epoch 15/50:  40%|████      | 16/40 [00:43<01:04,  2.69s/it]
Epoch 15/50:  42%|████▎     | 17/40 [00:46<01:02,  2.73s/it]
Epoch 15/50:  45%|████▌     | 18/40 [00:49<01:00,  2.76s/it]
Epoch 15/50:  48%|████▊     | 19/40 [00:51<00:55,  2.64s/it]
Epoch 15/50:  50%|█████     | 20/40 [00:54<00:53,  2.70s/it]
Epoch 15/50:  52%|█████▎    | 21/40 [00:57<00:52,  2.74s/it]
Epoch 15/50:  55%|█████▌    | 22/40 [00:59<00:47,  2.62s/it]
Epoch 15/50:  57%|█████▊    | 23/40 [01:02<00:43,  2.53s/it]
Epoch 15/50:  60%|██████    | 24/40 [01:05<00:41,  2.62s/it]
Epoch 15/50:  62%|██████▎   | 25/40 [01:07<00:40,  2.69s/it]
Epoch 15/50:  65%|██████▌   | 26/40 [01:10<00:36,  2.58s/it]
Epoch 15/50:  68%|██████▊   | 27/40 [01:12<00:32,  2.51s/it]
Epoch 15/50:  70%|███████   | 28/40 [01:15<00:31,  2.61s/it]
Epoch 15/50:  72%|███████▎  | 29/40 [01:17<00:27,  2.53s/it]
Epoch 15/50:  75%|███████▌  | 30/40 [01:20<00:24,  2.47s/it]
Epoch 15/50:  78%|███████▊  | 31/40 [01:23<00:23,  2.58s/it]
Epoch 15/50:  80%|████████  | 32/40 [01:25<00:21,  2.66s/it]
Epoch 15/50:  82%|████████▎ | 33/40 [01:28<00:17,  2.56s/it]
Epoch 15/50:  85%|████████▌ | 34/40 [01:30<00:14,  2.50s/it]
Epoch 15/50:  88%|████████▊ | 35/40 [01:33<00:12,  2.60s/it]
Epoch 15/50:  90%|█████████ | 36/40 [01:36<00:10,  2.67s/it]
Epoch 15/50:  92%|█████████▎| 37/40 [01:38<00:07,  2.57s/it]
Epoch 15/50:  95%|█████████▌| 38/40 [01:41<00:05,  2.65s/it]
Epoch 15/50:  98%|█████████▊| 39/40 [01:43<00:02,  2.56s/it]
Epoch 15/50: 100%|██████████| 40/40 [01:45<00:00,  2.45s/it]
Epoch 15/50: 100%|██████████| 40/40 [01:45<00:00,  2.65s/it]

Epoch 15 — avg train loss: 0.3132

[Train classification report — Epoch 15]
                          precision    recall  f1-score   support

             CORRECT_ALL       0.78      0.92      0.84       102
          CORRECT_SUBSET       0.86      0.35      0.50        17
       NO_INTERPRETATION       0.00      0.00      0.00         2
INCORRECT_INTERPRETATION       0.74      0.61      0.67        38

                accuracy                           0.77       159
               macro avg       0.59      0.47      0.50       159
            weighted avg       0.77      0.77      0.75       159


------------------------------------------------------------
DIAGNOSTIC — Epoch 15 | Task: modeling_comprehension
------------------------------------------------------------

[1] Label token ID check
  'CORRECT_ALL' → token_id=128256 → decoded='CORRECT_ALL'
  'CORRECT_SUBSET' → token_id=128257 → decoded='CORRECT_SUBSET'
  'NO_INTERPRETATION' → token_id=128258 → decoded='NO_INTERPRETATION'
  'INCORRECT_INTERPRETATION' → token_id=128259 → decoded='INCORRECT_INTERPRETATION'
  ✓ All label token IDs are unique.

[2] Last-token identity (first 3 val samples)

Diag-val epoch 15:   0%|          | 0/10 [00:00<?, ?it/s]
Diag-val epoch 15:  10%|█         | 1/10 [00:00<00:06,  1.37it/s]
Diag-val epoch 15:  20%|██        | 2/10 [00:01<00:05,  1.36it/s]
Diag-val epoch 15:  30%|███       | 3/10 [00:02<00:05,  1.35it/s]
Diag-val epoch 15:  40%|████      | 4/10 [00:02<00:04,  1.35it/s]
Diag-val epoch 15:  50%|█████     | 5/10 [00:03<00:03,  1.38it/s]
Diag-val epoch 15:  60%|██████    | 6/10 [00:04<00:02,  1.37it/s]
Diag-val epoch 15:  70%|███████   | 7/10 [00:05<00:02,  1.36it/s]
Diag-val epoch 15:  80%|████████  | 8/10 [00:05<00:01,  1.39it/s]
Diag-val epoch 15:  90%|█████████ | 9/10 [00:06<00:00,  1.37it/s]
Diag-val epoch 15: 100%|██████████| 10/10 [00:07<00:00,  1.37it/s]
Diag-val epoch 15: 100%|██████████| 10/10 [00:07<00:00,  1.37it/s]
  Sample 0: last real token=':' (id=25) ✓ | position[-1] token=':' (id=25) ✓
  Sample 1: last real token=':' (id=25) ✓ | position[-1] token=':' (id=25) ✓
  Sample 2: last real token=':' (id=25) ✓ | position[-1] token=':' (id=25) ✓

[3] Logit spread over label tokens (first batch)
  'CORRECT_ALL': mean=19.906  std=1.205  min=18.125  max=20.750
  'CORRECT_SUBSET': mean=11.016  std=1.576  min=9.500  max=12.438
  'NO_INTERPRETATION': mean=10.062  std=0.852  min=8.938  max=11.000
  'INCORRECT_INTERPRETATION': mean=13.359  std=0.939  min=12.688  max=14.750
  Max-min spread per sample: mean=9.953  min=8.062  max=11.812
  (Spread near 0 → model not differentiating labels; large spread → confident predictions)

[4] Prediction vs. true label distribution
  Label                            True %   Pred %
  ------------------------------ -------- --------
  CORRECT_ALL                       62.5%    90.0%
  CORRECT_SUBSET                    10.0%     5.0%
  NO_INTERPRETATION                  2.5%     0.0%
  INCORRECT_INTERPRETATION          25.0%     5.0%

[Classification report — Epoch 15]
                          precision    recall  f1-score   support

             CORRECT_ALL       0.69      1.00      0.82        25
          CORRECT_SUBSET       0.50      0.25      0.33         4
       NO_INTERPRETATION       0.00      0.00      0.00         1
INCORRECT_INTERPRETATION       0.50      0.10      0.17        10

                accuracy                           0.68        40
               macro avg       0.42      0.34      0.33        40
            weighted avg       0.61      0.68      0.59        40

------------------------------------------------------------

Epoch 16/50:   0%|          | 0/40 [00:00<?, ?it/s]
Epoch 16/50:   2%|▎         | 1/40 [00:02<01:50,  2.85s/it]
Epoch 16/50:   5%|▌         | 2/40 [00:05<01:48,  2.84s/it]
Epoch 16/50:   8%|▊         | 3/40 [00:08<01:45,  2.84s/it]
Epoch 16/50:  10%|█         | 4/40 [00:10<01:35,  2.64s/it]
Epoch 16/50:  12%|█▎        | 5/40 [00:13<01:35,  2.71s/it]
Epoch 16/50:  15%|█▌        | 6/40 [00:16<01:33,  2.76s/it]
Epoch 16/50:  18%|█▊        | 7/40 [00:18<01:26,  2.62s/it]
Epoch 16/50:  20%|██        | 8/40 [00:21<01:26,  2.69s/it]
Epoch 16/50:  22%|██▎       | 9/40 [00:24<01:24,  2.74s/it]
Epoch 16/50:  25%|██▌       | 10/40 [00:27<01:23,  2.77s/it]
Epoch 16/50:  28%|██▊       | 11/40 [00:30<01:20,  2.79s/it]
Epoch 16/50:  30%|███       | 12/40 [00:33<01:18,  2.81s/it]
Epoch 16/50:  32%|███▎      | 13/40 [00:35<01:16,  2.82s/it]
Epoch 16/50:  35%|███▌      | 14/40 [00:38<01:13,  2.83s/it]
Epoch 16/50:  38%|███▊      | 15/40 [00:41<01:06,  2.68s/it]
Epoch 16/50:  40%|████      | 16/40 [00:43<01:05,  2.73s/it]
Epoch 16/50:  42%|████▎     | 17/40 [00:46<01:00,  2.61s/it]
Epoch 16/50:  45%|████▌     | 18/40 [00:49<00:58,  2.68s/it]
Epoch 16/50:  48%|████▊     | 19/40 [00:51<00:54,  2.58s/it]
Epoch 16/50:  50%|█████     | 20/40 [00:54<00:53,  2.66s/it]
Epoch 16/50:  52%|█████▎    | 21/40 [00:57<00:51,  2.71s/it]
Epoch 16/50:  55%|█████▌    | 22/40 [00:59<00:46,  2.60s/it]
Epoch 16/50:  57%|█████▊    | 23/40 [01:01<00:42,  2.52s/it]
Epoch 16/50:  60%|██████    | 24/40 [01:04<00:41,  2.62s/it]
Epoch 16/50:  62%|██████▎   | 25/40 [01:07<00:40,  2.68s/it]
Epoch 16/50:  65%|██████▌   | 26/40 [01:10<00:38,  2.73s/it]
Epoch 16/50:  68%|██████▊   | 27/40 [01:12<00:33,  2.61s/it]
Epoch 16/50:  70%|███████   | 28/40 [01:15<00:32,  2.68s/it]
Epoch 16/50:  72%|███████▎  | 29/40 [01:18<00:30,  2.73s/it]
Epoch 16/50:  75%|███████▌  | 30/40 [01:20<00:26,  2.61s/it]
Epoch 16/50:  78%|███████▊  | 31/40 [01:23<00:24,  2.68s/it]
Epoch 16/50:  80%|████████  | 32/40 [01:25<00:20,  2.58s/it]
Epoch 16/50:  82%|████████▎ | 33/40 [01:28<00:17,  2.51s/it]
Epoch 16/50:  85%|████████▌ | 34/40 [01:31<00:15,  2.60s/it]
Epoch 16/50:  88%|████████▊ | 35/40 [01:33<00:12,  2.52s/it]
Epoch 16/50:  90%|█████████ | 36/40 [01:35<00:09,  2.47s/it]
Epoch 16/50:  92%|█████████▎| 37/40 [01:38<00:07,  2.58s/it]
Epoch 16/50:  95%|█████████▌| 38/40 [01:41<00:05,  2.66s/it]
Epoch 16/50:  98%|█████████▊| 39/40 [01:44<00:02,  2.71s/it]
Epoch 16/50: 100%|██████████| 40/40 [01:46<00:00,  2.43s/it]
Epoch 16/50: 100%|██████████| 40/40 [01:46<00:00,  2.65s/it]

Epoch 16 — avg train loss: 0.3467

[Train classification report — Epoch 16]
                          precision    recall  f1-score   support

             CORRECT_ALL       0.75      0.95      0.84       102
          CORRECT_SUBSET       1.00      0.18      0.30        17
       NO_INTERPRETATION       0.00      0.00      0.00         2
INCORRECT_INTERPRETATION       0.65      0.45      0.53        38

                accuracy                           0.74       159
               macro avg       0.60      0.39      0.42       159
            weighted avg       0.74      0.74      0.70       159


------------------------------------------------------------
DIAGNOSTIC — Epoch 16 | Task: modeling_comprehension
------------------------------------------------------------

[1] Label token ID check
  'CORRECT_ALL' → token_id=128256 → decoded='CORRECT_ALL'
  'CORRECT_SUBSET' → token_id=128257 → decoded='CORRECT_SUBSET'
  'NO_INTERPRETATION' → token_id=128258 → decoded='NO_INTERPRETATION'
  'INCORRECT_INTERPRETATION' → token_id=128259 → decoded='INCORRECT_INTERPRETATION'
  ✓ All label token IDs are unique.

[2] Last-token identity (first 3 val samples)

Diag-val epoch 16:   0%|          | 0/10 [00:00<?, ?it/s]
Diag-val epoch 16:  10%|█         | 1/10 [00:00<00:06,  1.37it/s]
Diag-val epoch 16:  20%|██        | 2/10 [00:01<00:05,  1.36it/s]
Diag-val epoch 16:  30%|███       | 3/10 [00:02<00:05,  1.35it/s]
Diag-val epoch 16:  40%|████      | 4/10 [00:02<00:04,  1.35it/s]
Diag-val epoch 16:  50%|█████     | 5/10 [00:03<00:03,  1.38it/s]
Diag-val epoch 16:  60%|██████    | 6/10 [00:04<00:02,  1.37it/s]
Diag-val epoch 16:  70%|███████   | 7/10 [00:05<00:02,  1.36it/s]
Diag-val epoch 16:  80%|████████  | 8/10 [00:05<00:01,  1.39it/s]
Diag-val epoch 16:  90%|█████████ | 9/10 [00:06<00:00,  1.38it/s]
Diag-val epoch 16: 100%|██████████| 10/10 [00:07<00:00,  1.37it/s]
Diag-val epoch 16: 100%|██████████| 10/10 [00:07<00:00,  1.37it/s]
  Sample 0: last real token=':' (id=25) ✓ | position[-1] token=':' (id=25) ✓
  Sample 1: last real token=':' (id=25) ✓ | position[-1] token=':' (id=25) ✓
  Sample 2: last real token=':' (id=25) ✓ | position[-1] token=':' (id=25) ✓

[3] Logit spread over label tokens (first batch)
  'CORRECT_ALL': mean=17.625  std=1.195  min=16.250  max=19.000
  'CORRECT_SUBSET': mean=9.625  std=2.759  min=7.062  max=12.312
  'NO_INTERPRETATION': mean=12.031  std=1.034  min=10.812  max=13.188
  'INCORRECT_INTERPRETATION': mean=14.547  std=1.388  min=13.125  max=16.375
  Max-min spread per sample: mean=8.000  min=3.938  max=11.062
  (Spread near 0 → model not differentiating labels; large spread → confident predictions)

[4] Prediction vs. true label distribution
  Label                            True %   Pred %
  ------------------------------ -------- --------
  CORRECT_ALL                       62.5%    77.5%
  CORRECT_SUBSET                    10.0%     2.5%
  NO_INTERPRETATION                  2.5%     0.0%
  INCORRECT_INTERPRETATION          25.0%    20.0%

[Classification report — Epoch 16]
                          precision    recall  f1-score   support

             CORRECT_ALL       0.71      0.88      0.79        25
          CORRECT_SUBSET       0.00      0.00      0.00         4
       NO_INTERPRETATION       0.00      0.00      0.00         1
INCORRECT_INTERPRETATION       0.38      0.30      0.33        10

                accuracy                           0.62        40
               macro avg       0.27      0.29      0.28        40
            weighted avg       0.54      0.62      0.57        40

------------------------------------------------------------

Epoch 17/50:   0%|          | 0/40 [00:00<?, ?it/s]
Epoch 17/50:   2%|▎         | 1/40 [00:02<01:51,  2.86s/it]
Epoch 17/50:   5%|▌         | 2/40 [00:05<01:36,  2.55s/it]
Epoch 17/50:   8%|▊         | 3/40 [00:08<01:39,  2.68s/it]
Epoch 17/50:  10%|█         | 4/40 [00:10<01:38,  2.75s/it]
Epoch 17/50:  12%|█▎        | 5/40 [00:13<01:37,  2.78s/it]
Epoch 17/50:  15%|█▌        | 6/40 [00:16<01:35,  2.80s/it]
Epoch 17/50:  18%|█▊        | 7/40 [00:19<01:32,  2.81s/it]
Epoch 17/50:  20%|██        | 8/40 [00:22<01:30,  2.82s/it]
Epoch 17/50:  22%|██▎       | 9/40 [00:25<01:27,  2.83s/it]
Epoch 17/50:  25%|██▌       | 10/40 [00:27<01:24,  2.83s/it]
Epoch 17/50:  28%|██▊       | 11/40 [00:30<01:17,  2.68s/it]
Epoch 17/50:  30%|███       | 12/40 [00:33<01:16,  2.73s/it]
Epoch 17/50:  32%|███▎      | 13/40 [00:35<01:14,  2.76s/it]
Epoch 17/50:  35%|███▌      | 14/40 [00:38<01:08,  2.63s/it]
Epoch 17/50:  38%|███▊      | 15/40 [00:40<01:03,  2.54s/it]
Epoch 17/50:  40%|████      | 16/40 [00:42<00:59,  2.48s/it]
Epoch 17/50:  42%|████▎     | 17/40 [00:45<00:59,  2.59s/it]
Epoch 17/50:  45%|████▌     | 18/40 [00:48<00:55,  2.51s/it]
Epoch 17/50:  48%|████▊     | 19/40 [00:50<00:54,  2.61s/it]
Epoch 17/50:  50%|█████     | 20/40 [00:53<00:50,  2.53s/it]
Epoch 17/50:  52%|█████▎    | 21/40 [00:56<00:49,  2.62s/it]
Epoch 17/50:  55%|█████▌    | 22/40 [00:58<00:48,  2.69s/it]
Epoch 17/50:  57%|█████▊    | 23/40 [01:01<00:46,  2.73s/it]
Epoch 17/50:  60%|██████    | 24/40 [01:04<00:44,  2.76s/it]
Epoch 17/50:  62%|██████▎   | 25/40 [01:06<00:39,  2.63s/it]
Epoch 17/50:  65%|██████▌   | 26/40 [01:09<00:35,  2.55s/it]
Epoch 17/50:  68%|██████▊   | 27/40 [01:12<00:34,  2.64s/it]
Epoch 17/50:  70%|███████   | 28/40 [01:15<00:32,  2.70s/it]
Epoch 17/50:  72%|███████▎  | 29/40 [01:17<00:28,  2.59s/it]
Epoch 17/50:  75%|███████▌  | 30/40 [01:20<00:26,  2.67s/it]
Epoch 17/50:  78%|███████▊  | 31/40 [01:22<00:23,  2.57s/it]
Epoch 17/50:  80%|████████  | 32/40 [01:24<00:19,  2.50s/it]
Epoch 17/50:  82%|████████▎ | 33/40 [01:27<00:17,  2.45s/it]
Epoch 17/50:  85%|████████▌ | 34/40 [01:30<00:15,  2.57s/it]
Epoch 17/50:  88%|████████▊ | 35/40 [01:32<00:13,  2.65s/it]
Epoch 17/50:  90%|█████████ | 36/40 [01:35<00:10,  2.56s/it]
Epoch 17/50:  92%|█████████▎| 37/40 [01:38<00:07,  2.64s/it]
Epoch 17/50:  95%|█████████▌| 38/40 [01:40<00:05,  2.70s/it]
Epoch 17/50:  98%|█████████▊| 39/40 [01:43<00:02,  2.74s/it]
Epoch 17/50: 100%|██████████| 40/40 [01:45<00:00,  2.58s/it]
Epoch 17/50: 100%|██████████| 40/40 [01:45<00:00,  2.65s/it]

Epoch 17 — avg train loss: 0.2870

[Train classification report — Epoch 17]
                          precision    recall  f1-score   support

             CORRECT_ALL       0.79      0.98      0.87       102
          CORRECT_SUBSET       1.00      0.35      0.52        17
       NO_INTERPRETATION       1.00      0.50      0.67         2
INCORRECT_INTERPRETATION       0.80      0.53      0.63        38

                accuracy                           0.80       159
               macro avg       0.90      0.59      0.67       159
            weighted avg       0.82      0.80      0.78       159


------------------------------------------------------------
DIAGNOSTIC — Epoch 17 | Task: modeling_comprehension
------------------------------------------------------------

[1] Label token ID check
  'CORRECT_ALL' → token_id=128256 → decoded='CORRECT_ALL'
  'CORRECT_SUBSET' → token_id=128257 → decoded='CORRECT_SUBSET'
  'NO_INTERPRETATION' → token_id=128258 → decoded='NO_INTERPRETATION'
  'INCORRECT_INTERPRETATION' → token_id=128259 → decoded='INCORRECT_INTERPRETATION'
  ✓ All label token IDs are unique.

[2] Last-token identity (first 3 val samples)

Diag-val epoch 17:   0%|          | 0/10 [00:00<?, ?it/s]
Diag-val epoch 17:  10%|█         | 1/10 [00:00<00:06,  1.37it/s]
Diag-val epoch 17:  20%|██        | 2/10 [00:01<00:05,  1.36it/s]
Diag-val epoch 17:  30%|███       | 3/10 [00:02<00:05,  1.36it/s]
Diag-val epoch 17:  40%|████      | 4/10 [00:02<00:04,  1.35it/s]
Diag-val epoch 17:  50%|█████     | 5/10 [00:03<00:03,  1.38it/s]
Diag-val epoch 17:  60%|██████    | 6/10 [00:04<00:02,  1.37it/s]
Diag-val epoch 17:  70%|███████   | 7/10 [00:05<00:02,  1.37it/s]
Diag-val epoch 17:  80%|████████  | 8/10 [00:05<00:01,  1.39it/s]
Diag-val epoch 17:  90%|█████████ | 9/10 [00:06<00:00,  1.38it/s]
Diag-val epoch 17: 100%|██████████| 10/10 [00:07<00:00,  1.37it/s]
Diag-val epoch 17: 100%|██████████| 10/10 [00:07<00:00,  1.37it/s]
  Sample 0: last real token=':' (id=25) ✓ | position[-1] token=':' (id=25) ✓
  Sample 1: last real token=':' (id=25) ✓ | position[-1] token=':' (id=25) ✓
  Sample 2: last real token=':' (id=25) ✓ | position[-1] token=':' (id=25) ✓

[3] Logit spread over label tokens (first batch)
  'CORRECT_ALL': mean=18.031  std=1.390  min=16.125  max=19.125
  'CORRECT_SUBSET': mean=11.109  std=2.352  min=8.688  max=13.188
  'NO_INTERPRETATION': mean=10.828  std=0.830  min=9.938  max=11.938
  'INCORRECT_INTERPRETATION': mean=16.641  std=1.255  min=15.438  max=18.375
  Max-min spread per sample: mean=7.969  min=5.500  max=10.438
  (Spread near 0 → model not differentiating labels; large spread → confident predictions)

[4] Prediction vs. true label distribution
  Label                            True %   Pred %
  ------------------------------ -------- --------
  CORRECT_ALL                       62.5%    52.5%
  CORRECT_SUBSET                    10.0%    10.0%
  NO_INTERPRETATION                  2.5%     0.0%
  INCORRECT_INTERPRETATION          25.0%    37.5%

[Classification report — Epoch 17]
                          precision    recall  f1-score   support

             CORRECT_ALL       0.76      0.64      0.70        25
          CORRECT_SUBSET       0.50      0.50      0.50         4
       NO_INTERPRETATION       0.00      0.00      0.00         1
INCORRECT_INTERPRETATION       0.33      0.50      0.40        10

                accuracy                           0.57        40
               macro avg       0.40      0.41      0.40        40
            weighted avg       0.61      0.57      0.58        40

------------------------------------------------------------

Epoch 18/50:   0%|          | 0/40 [00:00<?, ?it/s]
Epoch 18/50:   2%|▎         | 1/40 [00:02<01:50,  2.84s/it]
Epoch 18/50:   5%|▌         | 2/40 [00:05<01:47,  2.84s/it]
Epoch 18/50:   8%|▊         | 3/40 [00:08<01:45,  2.84s/it]
Epoch 18/50:  10%|█         | 4/40 [00:10<01:35,  2.64s/it]
Epoch 18/50:  12%|█▎        | 5/40 [00:13<01:34,  2.71s/it]
Epoch 18/50:  15%|█▌        | 6/40 [00:16<01:27,  2.58s/it]
Epoch 18/50:  18%|█▊        | 7/40 [00:18<01:22,  2.50s/it]
Epoch 18/50:  20%|██        | 8/40 [00:21<01:23,  2.61s/it]
Epoch 18/50:  22%|██▎       | 9/40 [00:24<01:23,  2.68s/it]
Epoch 18/50:  25%|██▌       | 10/40 [00:26<01:21,  2.73s/it]
Epoch 18/50:  28%|██▊       | 11/40 [00:29<01:20,  2.77s/it]
Epoch 18/50:  30%|███       | 12/40 [00:32<01:18,  2.79s/it]
Epoch 18/50:  32%|███▎      | 13/40 [00:35<01:15,  2.80s/it]
Epoch 18/50:  35%|███▌      | 14/40 [00:38<01:13,  2.81s/it]
Epoch 18/50:  38%|███▊      | 15/40 [00:40<01:06,  2.67s/it]
Epoch 18/50:  40%|████      | 16/40 [00:42<01:01,  2.57s/it]
Epoch 18/50:  42%|████▎     | 17/40 [00:45<01:00,  2.65s/it]
Epoch 18/50:  45%|████▌     | 18/40 [00:48<00:59,  2.70s/it]
Epoch 18/50:  48%|████▊     | 19/40 [00:50<00:54,  2.60s/it]
Epoch 18/50:  50%|█████     | 20/40 [00:53<00:50,  2.52s/it]
Epoch 18/50:  52%|█████▎    | 21/40 [00:55<00:46,  2.46s/it]
Epoch 18/50:  55%|█████▌    | 22/40 [00:58<00:46,  2.58s/it]
Epoch 18/50:  57%|█████▊    | 23/40 [01:01<00:45,  2.66s/it]
Epoch 18/50:  60%|██████    | 24/40 [01:04<00:43,  2.71s/it]
Epoch 18/50:  62%|██████▎   | 25/40 [01:06<00:41,  2.75s/it]
Epoch 18/50:  65%|██████▌   | 26/40 [01:09<00:36,  2.63s/it]
Epoch 18/50:  68%|██████▊   | 27/40 [01:12<00:34,  2.69s/it]
Epoch 18/50:  70%|███████   | 28/40 [01:14<00:30,  2.58s/it]
Epoch 18/50:  72%|███████▎  | 29/40 [01:17<00:29,  2.66s/it]
Epoch 18/50:  75%|███████▌  | 30/40 [01:20<00:27,  2.72s/it]
Epoch 18/50:  78%|███████▊  | 31/40 [01:22<00:24,  2.75s/it]
Epoch 18/50:  80%|████████  | 32/40 [01:25<00:21,  2.63s/it]
Epoch 18/50:  82%|████████▎ | 33/40 [01:28<00:18,  2.69s/it]
Epoch 18/50:  85%|████████▌ | 34/40 [01:30<00:15,  2.58s/it]
Epoch 18/50:  88%|████████▊ | 35/40 [01:33<00:13,  2.66s/it]
Epoch 18/50:  90%|█████████ | 36/40 [01:36<00:10,  2.71s/it]
Epoch 18/50:  92%|█████████▎| 37/40 [01:38<00:07,  2.60s/it]
Epoch 18/50:  95%|█████████▌| 38/40 [01:41<00:05,  2.67s/it]
Epoch 18/50:  98%|█████████▊| 39/40 [01:43<00:02,  2.57s/it]
Epoch 18/50: 100%|██████████| 40/40 [01:45<00:00,  2.46s/it]
Epoch 18/50: 100%|██████████| 40/40 [01:45<00:00,  2.65s/it]

Epoch 18 — avg train loss: 0.2510

[Train classification report — Epoch 18]
                          precision    recall  f1-score   support

             CORRECT_ALL       0.80      0.96      0.87       102
          CORRECT_SUBSET       1.00      0.29      0.45        17
       NO_INTERPRETATION       1.00      0.50      0.67         2
INCORRECT_INTERPRETATION       0.73      0.58      0.65        38

                accuracy                           0.79       159
               macro avg       0.88      0.58      0.66       159
            weighted avg       0.81      0.79      0.77       159


------------------------------------------------------------
DIAGNOSTIC — Epoch 18 | Task: modeling_comprehension
------------------------------------------------------------

[1] Label token ID check
  'CORRECT_ALL' → token_id=128256 → decoded='CORRECT_ALL'
  'CORRECT_SUBSET' → token_id=128257 → decoded='CORRECT_SUBSET'
  'NO_INTERPRETATION' → token_id=128258 → decoded='NO_INTERPRETATION'
  'INCORRECT_INTERPRETATION' → token_id=128259 → decoded='INCORRECT_INTERPRETATION'
  ✓ All label token IDs are unique.

[2] Last-token identity (first 3 val samples)

Diag-val epoch 18:   0%|          | 0/10 [00:00<?, ?it/s]
Diag-val epoch 18:  10%|█         | 1/10 [00:00<00:06,  1.37it/s]
Diag-val epoch 18:  20%|██        | 2/10 [00:01<00:05,  1.36it/s]
Diag-val epoch 18:  30%|███       | 3/10 [00:02<00:05,  1.36it/s]
Diag-val epoch 18:  40%|████      | 4/10 [00:02<00:04,  1.36it/s]
Diag-val epoch 18:  50%|█████     | 5/10 [00:03<00:03,  1.39it/s]
Diag-val epoch 18:  60%|██████    | 6/10 [00:04<00:02,  1.37it/s]
Diag-val epoch 18:  70%|███████   | 7/10 [00:05<00:02,  1.37it/s]
Diag-val epoch 18:  80%|████████  | 8/10 [00:05<00:01,  1.39it/s]
Diag-val epoch 18:  90%|█████████ | 9/10 [00:06<00:00,  1.38it/s]
Diag-val epoch 18: 100%|██████████| 10/10 [00:07<00:00,  1.37it/s]
Diag-val epoch 18: 100%|██████████| 10/10 [00:07<00:00,  1.37it/s]
  Sample 0: last real token=':' (id=25) ✓ | position[-1] token=':' (id=25) ✓
  Sample 1: last real token=':' (id=25) ✓ | position[-1] token=':' (id=25) ✓
  Sample 2: last real token=':' (id=25) ✓ | position[-1] token=':' (id=25) ✓

[3] Logit spread over label tokens (first batch)
  'CORRECT_ALL': mean=18.547  std=2.096  min=15.688  max=20.500
  'CORRECT_SUBSET': mean=11.750  std=1.701  min=10.125  max=13.250
  'NO_INTERPRETATION': mean=9.641  std=0.519  min=9.000  max=10.062
  'INCORRECT_INTERPRETATION': mean=14.594  std=0.814  min=14.125  max=15.812
  Max-min spread per sample: mean=8.906  min=6.250  max=11.500
  (Spread near 0 → model not differentiating labels; large spread → confident predictions)

[4] Prediction vs. true label distribution
  Label                            True %   Pred %
  ------------------------------ -------- --------
  CORRECT_ALL                       62.5%    72.5%
  CORRECT_SUBSET                    10.0%    15.0%
  NO_INTERPRETATION                  2.5%     0.0%
  INCORRECT_INTERPRETATION          25.0%    12.5%

[Classification report — Epoch 18]
                          precision    recall  f1-score   support

             CORRECT_ALL       0.76      0.88      0.81        25
          CORRECT_SUBSET       0.33      0.50      0.40         4
       NO_INTERPRETATION       0.00      0.00      0.00         1
INCORRECT_INTERPRETATION       0.40      0.20      0.27        10

                accuracy                           0.65        40
               macro avg       0.37      0.39      0.37        40
            weighted avg       0.61      0.65      0.62        40

------------------------------------------------------------

Epoch 19/50:   0%|          | 0/40 [00:00<?, ?it/s]
Epoch 19/50:   2%|▎         | 1/40 [00:02<01:51,  2.85s/it]
Epoch 19/50:   5%|▌         | 2/40 [00:05<01:36,  2.55s/it]
Epoch 19/50:   8%|▊         | 3/40 [00:08<01:39,  2.68s/it]
Epoch 19/50:  10%|█         | 4/40 [00:10<01:31,  2.54s/it]
Epoch 19/50:  12%|█▎        | 5/40 [00:12<01:26,  2.47s/it]
Epoch 19/50:  15%|█▌        | 6/40 [00:15<01:22,  2.42s/it]
Epoch 19/50:  18%|█▊        | 7/40 [00:17<01:24,  2.56s/it]
Epoch 19/50:  20%|██        | 8/40 [00:20<01:19,  2.49s/it]
Epoch 19/50:  22%|██▎       | 9/40 [00:23<01:20,  2.60s/it]
Epoch 19/50:  25%|██▌       | 10/40 [00:25<01:20,  2.67s/it]
Epoch 19/50:  28%|██▊       | 11/40 [00:28<01:18,  2.72s/it]
Epoch 19/50:  30%|███       | 12/40 [00:31<01:17,  2.76s/it]
Epoch 19/50:  32%|███▎      | 13/40 [00:34<01:15,  2.78s/it]
Epoch 19/50:  35%|███▌      | 14/40 [00:36<01:08,  2.65s/it]
Epoch 19/50:  38%|███▊      | 15/40 [00:39<01:03,  2.55s/it]
Epoch 19/50:  40%|████      | 16/40 [00:41<01:03,  2.64s/it]
Epoch 19/50:  42%|████▎     | 17/40 [00:44<01:02,  2.70s/it]
Epoch 19/50:  45%|████▌     | 18/40 [00:47<00:56,  2.59s/it]
Epoch 19/50:  48%|████▊     | 19/40 [00:49<00:52,  2.51s/it]
Epoch 19/50:  50%|█████     | 20/40 [00:52<00:52,  2.61s/it]
Epoch 19/50:  52%|█████▎    | 21/40 [00:55<00:50,  2.68s/it]
Epoch 19/50:  55%|█████▌    | 22/40 [00:57<00:49,  2.73s/it]
Epoch 19/50:  57%|█████▊    | 23/40 [01:00<00:46,  2.76s/it]
Epoch 19/50:  60%|██████    | 24/40 [01:03<00:42,  2.63s/it]
Epoch 19/50:  62%|██████▎   | 25/40 [01:05<00:40,  2.70s/it]
Epoch 19/50:  65%|██████▌   | 26/40 [01:08<00:38,  2.74s/it]
Epoch 19/50:  68%|██████▊   | 27/40 [01:11<00:34,  2.62s/it]
Epoch 19/50:  70%|███████   | 28/40 [01:13<00:32,  2.68s/it]
Epoch 19/50:  72%|███████▎  | 29/40 [01:16<00:28,  2.58s/it]
Epoch 19/50:  75%|███████▌  | 30/40 [01:19<00:26,  2.66s/it]
Epoch 19/50:  78%|███████▊  | 31/40 [01:21<00:24,  2.71s/it]
Epoch 19/50:  80%|████████  | 32/40 [01:24<00:22,  2.75s/it]
Epoch 19/50:  82%|████████▎ | 33/40 [01:27<00:19,  2.78s/it]
Epoch 19/50:  85%|████████▌ | 34/40 [01:30<00:16,  2.80s/it]
Epoch 19/50:  88%|████████▊ | 35/40 [01:33<00:14,  2.81s/it]
Epoch 19/50:  90%|█████████ | 36/40 [01:35<00:10,  2.67s/it]
Epoch 19/50:  92%|█████████▎| 37/40 [01:38<00:08,  2.72s/it]
Epoch 19/50:  95%|█████████▌| 38/40 [01:41<00:05,  2.76s/it]
Epoch 19/50:  98%|█████████▊| 39/40 [01:44<00:02,  2.78s/it]
Epoch 19/50: 100%|██████████| 40/40 [01:45<00:00,  2.48s/it]
Epoch 19/50: 100%|██████████| 40/40 [01:45<00:00,  2.65s/it]

Epoch 19 — avg train loss: 0.1796

[Train classification report — Epoch 19]
                          precision    recall  f1-score   support

             CORRECT_ALL       0.76      0.96      0.85       102
          CORRECT_SUBSET       1.00      0.24      0.38        17
       NO_INTERPRETATION       0.00      0.00      0.00         2
INCORRECT_INTERPRETATION       0.73      0.50      0.59        38

                accuracy                           0.76       159
               macro avg       0.62      0.42      0.46       159
            weighted avg       0.77      0.76      0.73       159


------------------------------------------------------------
DIAGNOSTIC — Epoch 19 | Task: modeling_comprehension
------------------------------------------------------------

[1] Label token ID check
  'CORRECT_ALL' → token_id=128256 → decoded='CORRECT_ALL'
  'CORRECT_SUBSET' → token_id=128257 → decoded='CORRECT_SUBSET'
  'NO_INTERPRETATION' → token_id=128258 → decoded='NO_INTERPRETATION'
  'INCORRECT_INTERPRETATION' → token_id=128259 → decoded='INCORRECT_INTERPRETATION'
  ✓ All label token IDs are unique.

[2] Last-token identity (first 3 val samples)

Diag-val epoch 19:   0%|          | 0/10 [00:00<?, ?it/s]
Diag-val epoch 19:  10%|█         | 1/10 [00:00<00:06,  1.37it/s]
Diag-val epoch 19:  20%|██        | 2/10 [00:01<00:05,  1.36it/s]
Diag-val epoch 19:  30%|███       | 3/10 [00:02<00:05,  1.36it/s]
Diag-val epoch 19:  40%|████      | 4/10 [00:02<00:04,  1.36it/s]
Diag-val epoch 19:  50%|█████     | 5/10 [00:03<00:03,  1.39it/s]
Diag-val epoch 19:  60%|██████    | 6/10 [00:04<00:02,  1.38it/s]
Diag-val epoch 19:  70%|███████   | 7/10 [00:05<00:02,  1.37it/s]
Diag-val epoch 19:  80%|████████  | 8/10 [00:05<00:01,  1.39it/s]
Diag-val epoch 19:  90%|█████████ | 9/10 [00:06<00:00,  1.38it/s]
Diag-val epoch 19: 100%|██████████| 10/10 [00:07<00:00,  1.37it/s]
Diag-val epoch 19: 100%|██████████| 10/10 [00:07<00:00,  1.37it/s]
  Sample 0: last real token=':' (id=25) ✓ | position[-1] token=':' (id=25) ✓
  Sample 1: last real token=':' (id=25) ✓ | position[-1] token=':' (id=25) ✓
  Sample 2: last real token=':' (id=25) ✓ | position[-1] token=':' (id=25) ✓

[3] Logit spread over label tokens (first batch)
  'CORRECT_ALL': mean=18.781  std=1.830  min=16.125  max=20.250
  'CORRECT_SUBSET': mean=9.828  std=3.055  min=7.125  max=12.688
  'NO_INTERPRETATION': mean=10.391  std=0.899  min=9.375  max=11.562
  'INCORRECT_INTERPRETATION': mean=15.359  std=0.950  min=14.750  max=16.750
  Max-min spread per sample: mean=9.703  min=5.750  max=13.125
  (Spread near 0 → model not differentiating labels; large spread → confident predictions)

[4] Prediction vs. true label distribution
  Label                            True %   Pred %
  ------------------------------ -------- --------
  CORRECT_ALL                       62.5%    70.0%
  CORRECT_SUBSET                    10.0%     2.5%
  NO_INTERPRETATION                  2.5%     0.0%
  INCORRECT_INTERPRETATION          25.0%    27.5%

[Classification report — Epoch 19]
                          precision    recall  f1-score   support

             CORRECT_ALL       0.68      0.76      0.72        25
          CORRECT_SUBSET       0.00      0.00      0.00         4
       NO_INTERPRETATION       0.00      0.00      0.00         1
INCORRECT_INTERPRETATION       0.27      0.30      0.29        10

                accuracy                           0.55        40
               macro avg       0.24      0.27      0.25        40
            weighted avg       0.49      0.55      0.52        40

------------------------------------------------------------

Epoch 20/50:   0%|          | 0/40 [00:00<?, ?it/s]
Epoch 20/50:   2%|▎         | 1/40 [00:02<01:31,  2.34s/it]
Epoch 20/50:   5%|▌         | 2/40 [00:04<01:28,  2.34s/it]
Epoch 20/50:   8%|▊         | 3/40 [00:07<01:26,  2.34s/it]
Epoch 20/50:  10%|█         | 4/40 [00:09<01:24,  2.34s/it]
Epoch 20/50:  12%|█▎        | 5/40 [00:12<01:28,  2.52s/it]
Epoch 20/50:  15%|█▌        | 6/40 [00:14<01:23,  2.46s/it]
Epoch 20/50:  18%|█▊        | 7/40 [00:17<01:25,  2.58s/it]
Epoch 20/50:  20%|██        | 8/40 [00:19<01:20,  2.50s/it]
Epoch 20/50:  22%|██▎       | 9/40 [00:22<01:16,  2.45s/it]
Epoch 20/50:  25%|██▌       | 10/40 [00:24<01:12,  2.42s/it]
Epoch 20/50:  28%|██▊       | 11/40 [00:27<01:13,  2.55s/it]
Epoch 20/50:  30%|███       | 12/40 [00:30<01:13,  2.63s/it]
Epoch 20/50:  32%|███▎      | 13/40 [00:32<01:12,  2.69s/it]
Epoch 20/50:  35%|███▌      | 14/40 [00:35<01:11,  2.73s/it]
Epoch 20/50:  38%|███▊      | 15/40 [00:38<01:05,  2.61s/it]
Epoch 20/50:  40%|████      | 16/40 [00:40<01:04,  2.68s/it]
Epoch 20/50:  42%|████▎     | 17/40 [00:43<01:02,  2.73s/it]
Epoch 20/50:  45%|████▌     | 18/40 [00:46<00:57,  2.61s/it]
Epoch 20/50:  48%|████▊     | 19/40 [00:48<00:56,  2.68s/it]
Epoch 20/50:  50%|█████     | 20/40 [00:51<00:54,  2.73s/it]
Epoch 20/50:  52%|█████▎    | 21/40 [00:54<00:52,  2.76s/it]
Epoch 20/50:  55%|█████▌    | 22/40 [00:57<00:50,  2.79s/it]
Epoch 20/50:  57%|█████▊    | 23/40 [00:59<00:45,  2.65s/it]
Epoch 20/50:  60%|██████    | 24/40 [01:02<00:43,  2.71s/it]
Epoch 20/50:  62%|██████▎   | 25/40 [01:04<00:38,  2.60s/it]
Epoch 20/50:  65%|██████▌   | 26/40 [01:07<00:37,  2.67s/it]
Epoch 20/50:  68%|██████▊   | 27/40 [01:10<00:33,  2.57s/it]
Epoch 20/50:  70%|███████   | 28/40 [01:12<00:29,  2.50s/it]
Epoch 20/50:  72%|███████▎  | 29/40 [01:15<00:28,  2.60s/it]
Epoch 20/50:  75%|███████▌  | 30/40 [01:18<00:26,  2.67s/it]
Epoch 20/50:  78%|███████▊  | 31/40 [01:20<00:24,  2.72s/it]
Epoch 20/50:  80%|████████  | 32/40 [01:23<00:22,  2.76s/it]
Epoch 20/50:  82%|████████▎ | 33/40 [01:26<00:19,  2.78s/it]
Epoch 20/50:  85%|████████▌ | 34/40 [01:29<00:16,  2.80s/it]
Epoch 20/50:  88%|████████▊ | 35/40 [01:31<00:13,  2.66s/it]
Epoch 20/50:  90%|█████████ | 36/40 [01:34<00:10,  2.72s/it]
Epoch 20/50:  92%|█████████▎| 37/40 [01:37<00:07,  2.60s/it]
Epoch 20/50:  95%|█████████▌| 38/40 [01:39<00:05,  2.67s/it]
Epoch 20/50:  98%|█████████▊| 39/40 [01:42<00:02,  2.72s/it]
Epoch 20/50: 100%|██████████| 40/40 [01:44<00:00,  2.44s/it]
Epoch 20/50: 100%|██████████| 40/40 [01:44<00:00,  2.61s/it]

Epoch 20 — avg train loss: 0.1489

[Train classification report — Epoch 20]
                          precision    recall  f1-score   support

             CORRECT_ALL       0.76      0.98      0.85       102
          CORRECT_SUBSET       1.00      0.35      0.52        17
       NO_INTERPRETATION       1.00      0.50      0.67         2
INCORRECT_INTERPRETATION       0.85      0.45      0.59        38

                accuracy                           0.78       159
               macro avg       0.90      0.57      0.66       159
            weighted avg       0.81      0.78      0.75       159


------------------------------------------------------------
DIAGNOSTIC — Epoch 20 | Task: modeling_comprehension
------------------------------------------------------------

[1] Label token ID check
  'CORRECT_ALL' → token_id=128256 → decoded='CORRECT_ALL'
  'CORRECT_SUBSET' → token_id=128257 → decoded='CORRECT_SUBSET'
  'NO_INTERPRETATION' → token_id=128258 → decoded='NO_INTERPRETATION'
  'INCORRECT_INTERPRETATION' → token_id=128259 → decoded='INCORRECT_INTERPRETATION'
  ✓ All label token IDs are unique.

[2] Last-token identity (first 3 val samples)

Diag-val epoch 20:   0%|          | 0/10 [00:00<?, ?it/s]
Diag-val epoch 20:  10%|█         | 1/10 [00:00<00:06,  1.37it/s]
Diag-val epoch 20:  20%|██        | 2/10 [00:01<00:05,  1.36it/s]
Diag-val epoch 20:  30%|███       | 3/10 [00:02<00:05,  1.36it/s]
Diag-val epoch 20:  40%|████      | 4/10 [00:02<00:04,  1.36it/s]
Diag-val epoch 20:  50%|█████     | 5/10 [00:03<00:03,  1.38it/s]
Diag-val epoch 20:  60%|██████    | 6/10 [00:04<00:02,  1.37it/s]
Diag-val epoch 20:  70%|███████   | 7/10 [00:05<00:02,  1.37it/s]
Diag-val epoch 20:  80%|████████  | 8/10 [00:05<00:01,  1.39it/s]
Diag-val epoch 20:  90%|█████████ | 9/10 [00:06<00:00,  1.38it/s]
Diag-val epoch 20: 100%|██████████| 10/10 [00:07<00:00,  1.37it/s]
Diag-val epoch 20: 100%|██████████| 10/10 [00:07<00:00,  1.37it/s]
  Sample 0: last real token=':' (id=25) ✓ | position[-1] token=':' (id=25) ✓
  Sample 1: last real token=':' (id=25) ✓ | position[-1] token=':' (id=25) ✓
  Sample 2: last real token=':' (id=25) ✓ | position[-1] token=':' (id=25) ✓

[3] Logit spread over label tokens (first batch)
  'CORRECT_ALL': mean=19.594  std=1.423  min=17.750  max=21.125
  'CORRECT_SUBSET': mean=10.047  std=2.683  min=7.594  max=12.812
  'NO_INTERPRETATION': mean=10.328  std=0.830  min=9.188  max=11.125
  'INCORRECT_INTERPRETATION': mean=15.844  std=0.944  min=14.688  max=17.000
  Max-min spread per sample: mean=10.266  min=7.062  max=13.531
  (Spread near 0 → model not differentiating labels; large spread → confident predictions)

[4] Prediction vs. true label distribution
  Label                            True %   Pred %
  ------------------------------ -------- --------
  CORRECT_ALL                       62.5%    72.5%
  CORRECT_SUBSET                    10.0%     2.5%
  NO_INTERPRETATION                  2.5%     0.0%
  INCORRECT_INTERPRETATION          25.0%    25.0%

[Classification report — Epoch 20]
                          precision    recall  f1-score   support

             CORRECT_ALL       0.76      0.88      0.81        25
          CORRECT_SUBSET       0.00      0.00      0.00         4
       NO_INTERPRETATION       0.00      0.00      0.00         1
INCORRECT_INTERPRETATION       0.40      0.40      0.40        10

                accuracy                           0.65        40
               macro avg       0.29      0.32      0.30        40
            weighted avg       0.57      0.65      0.61        40

------------------------------------------------------------

Epoch 21/50:   0%|          | 0/40 [00:00<?, ?it/s]
Epoch 21/50:   2%|▎         | 1/40 [00:02<01:51,  2.85s/it]
Epoch 21/50:   5%|▌         | 2/40 [00:05<01:48,  2.84s/it]
Epoch 21/50:   8%|▊         | 3/40 [00:08<01:45,  2.84s/it]
Epoch 21/50:  10%|█         | 4/40 [00:11<01:42,  2.84s/it]
Epoch 21/50:  12%|█▎        | 5/40 [00:14<01:39,  2.84s/it]
Epoch 21/50:  15%|█▌        | 6/40 [00:17<01:36,  2.84s/it]
Epoch 21/50:  18%|█▊        | 7/40 [00:19<01:33,  2.84s/it]
Epoch 21/50:  20%|██        | 8/40 [00:22<01:25,  2.68s/it]
Epoch 21/50:  22%|██▎       | 9/40 [00:24<01:19,  2.57s/it]
Epoch 21/50:  25%|██▌       | 10/40 [00:27<01:19,  2.66s/it]
Epoch 21/50:  28%|██▊       | 11/40 [00:30<01:18,  2.71s/it]
Epoch 21/50:  30%|███       | 12/40 [00:32<01:12,  2.60s/it]
Epoch 21/50:  32%|███▎      | 13/40 [00:35<01:12,  2.67s/it]
Epoch 21/50:  35%|███▌      | 14/40 [00:38<01:10,  2.72s/it]
Epoch 21/50:  38%|███▊      | 15/40 [00:41<01:08,  2.76s/it]
Epoch 21/50:  40%|████      | 16/40 [00:43<01:03,  2.63s/it]
Epoch 21/50:  42%|████▎     | 17/40 [00:45<00:58,  2.54s/it]
Epoch 21/50:  45%|████▌     | 18/40 [00:48<00:54,  2.48s/it]
Epoch 21/50:  48%|████▊     | 19/40 [00:50<00:54,  2.58s/it]
Epoch 21/50:  50%|█████     | 20/40 [00:53<00:53,  2.66s/it]
Epoch 21/50:  52%|█████▎    | 21/40 [00:56<00:51,  2.71s/it]
Epoch 21/50:  55%|█████▌    | 22/40 [00:58<00:46,  2.60s/it]
Epoch 21/50:  57%|█████▊    | 23/40 [01:01<00:42,  2.52s/it]
Epoch 21/50:  60%|██████    | 24/40 [01:03<00:39,  2.47s/it]
Epoch 21/50:  62%|██████▎   | 25/40 [01:06<00:38,  2.58s/it]
Epoch 21/50:  65%|██████▌   | 26/40 [01:08<00:35,  2.51s/it]
Epoch 21/50:  68%|██████▊   | 27/40 [01:11<00:31,  2.46s/it]
Epoch 21/50:  70%|███████   | 28/40 [01:13<00:30,  2.57s/it]
Epoch 21/50:  72%|███████▎  | 29/40 [01:16<00:29,  2.65s/it]
Epoch 21/50:  75%|███████▌  | 30/40 [01:19<00:27,  2.71s/it]
Epoch 21/50:  78%|███████▊  | 31/40 [01:22<00:24,  2.75s/it]
Epoch 21/50:  80%|████████  | 32/40 [01:25<00:22,  2.78s/it]
Epoch 21/50:  82%|████████▎ | 33/40 [01:28<00:19,  2.79s/it]
Epoch 21/50:  85%|████████▌ | 34/40 [01:30<00:15,  2.66s/it]
Epoch 21/50:  88%|████████▊ | 35/40 [01:33<00:13,  2.71s/it]
Epoch 21/50:  90%|█████████ | 36/40 [01:36<00:11,  2.75s/it]
Epoch 21/50:  92%|█████████▎| 37/40 [01:39<00:08,  2.78s/it]
Epoch 21/50:  95%|█████████▌| 38/40 [01:41<00:05,  2.79s/it]
Epoch 21/50:  98%|█████████▊| 39/40 [01:44<00:02,  2.81s/it]
Epoch 21/50: 100%|██████████| 40/40 [01:46<00:00,  2.62s/it]
Epoch 21/50: 100%|██████████| 40/40 [01:46<00:00,  2.67s/it]

Epoch 21 — avg train loss: 0.1362

[Train classification report — Epoch 21]
                          precision    recall  f1-score   support

             CORRECT_ALL       0.79      0.99      0.88       102
          CORRECT_SUBSET       1.00      0.35      0.52        17
       NO_INTERPRETATION       1.00      0.50      0.67         2
INCORRECT_INTERPRETATION       0.75      0.47      0.58        38

                accuracy                           0.79       159
               macro avg       0.88      0.58      0.66       159
            weighted avg       0.80      0.79      0.77       159


------------------------------------------------------------
DIAGNOSTIC — Epoch 21 | Task: modeling_comprehension
------------------------------------------------------------

[1] Label token ID check
  'CORRECT_ALL' → token_id=128256 → decoded='CORRECT_ALL'
  'CORRECT_SUBSET' → token_id=128257 → decoded='CORRECT_SUBSET'
  'NO_INTERPRETATION' → token_id=128258 → decoded='NO_INTERPRETATION'
  'INCORRECT_INTERPRETATION' → token_id=128259 → decoded='INCORRECT_INTERPRETATION'
  ✓ All label token IDs are unique.

[2] Last-token identity (first 3 val samples)

Diag-val epoch 21:   0%|          | 0/10 [00:00<?, ?it/s]
Diag-val epoch 21:  10%|█         | 1/10 [00:00<00:06,  1.37it/s]
Diag-val epoch 21:  20%|██        | 2/10 [00:01<00:05,  1.36it/s]
Diag-val epoch 21:  30%|███       | 3/10 [00:02<00:05,  1.36it/s]
Diag-val epoch 21:  40%|████      | 4/10 [00:02<00:04,  1.36it/s]
Diag-val epoch 21:  50%|█████     | 5/10 [00:03<00:03,  1.39it/s]
Diag-val epoch 21:  60%|██████    | 6/10 [00:04<00:02,  1.38it/s]
Diag-val epoch 21:  70%|███████   | 7/10 [00:05<00:02,  1.37it/s]
Diag-val epoch 21:  80%|████████  | 8/10 [00:05<00:01,  1.39it/s]
Diag-val epoch 21:  90%|█████████ | 9/10 [00:06<00:00,  1.38it/s]
Diag-val epoch 21: 100%|██████████| 10/10 [00:07<00:00,  1.37it/s]
Diag-val epoch 21: 100%|██████████| 10/10 [00:07<00:00,  1.37it/s]
  Sample 0: last real token=':' (id=25) ✓ | position[-1] token=':' (id=25) ✓
  Sample 1: last real token=':' (id=25) ✓ | position[-1] token=':' (id=25) ✓
  Sample 2: last real token=':' (id=25) ✓ | position[-1] token=':' (id=25) ✓

[3] Logit spread over label tokens (first batch)
  'CORRECT_ALL': mean=19.047  std=2.437  min=15.562  max=21.250
  'CORRECT_SUBSET': mean=10.109  std=2.769  min=7.625  max=12.750
  'NO_INTERPRETATION': mean=10.453  std=1.000  min=9.062  max=11.438
  'INCORRECT_INTERPRETATION': mean=14.578  std=1.188  min=13.562  max=16.250
  Max-min spread per sample: mean=9.641  min=4.812  max=13.625
  (Spread near 0 → model not differentiating labels; large spread → confident predictions)

[4] Prediction vs. true label distribution
  Label                            True %   Pred %
  ------------------------------ -------- --------
  CORRECT_ALL                       62.5%    75.0%
  CORRECT_SUBSET                    10.0%     5.0%
  NO_INTERPRETATION                  2.5%     0.0%
  INCORRECT_INTERPRETATION          25.0%    20.0%

[Classification report — Epoch 21]
                          precision    recall  f1-score   support

             CORRECT_ALL       0.70      0.84      0.76        25
          CORRECT_SUBSET       0.50      0.25      0.33         4
       NO_INTERPRETATION       0.00      0.00      0.00         1
INCORRECT_INTERPRETATION       0.38      0.30      0.33        10

                accuracy                           0.62        40
               macro avg       0.39      0.35      0.36        40
            weighted avg       0.58      0.62      0.59        40

------------------------------------------------------------

Epoch 22/50:   0%|          | 0/40 [00:00<?, ?it/s]
Epoch 22/50:   2%|▎         | 1/40 [00:02<01:31,  2.35s/it]
Epoch 22/50:   5%|▌         | 2/40 [00:04<01:28,  2.34s/it]
Epoch 22/50:   8%|▊         | 3/40 [00:07<01:35,  2.57s/it]
Epoch 22/50:  10%|█         | 4/40 [00:10<01:36,  2.68s/it]
Epoch 22/50:  12%|█▎        | 5/40 [00:12<01:29,  2.55s/it]
Epoch 22/50:  15%|█▌        | 6/40 [00:15<01:24,  2.48s/it]
Epoch 22/50:  18%|█▊        | 7/40 [00:17<01:25,  2.60s/it]
Epoch 22/50:  20%|██        | 8/40 [00:20<01:20,  2.52s/it]
Epoch 22/50:  22%|██▎       | 9/40 [00:23<01:21,  2.62s/it]
Epoch 22/50:  25%|██▌       | 10/40 [00:25<01:20,  2.69s/it]
Epoch 22/50:  28%|██▊       | 11/40 [00:28<01:19,  2.73s/it]
Epoch 22/50:  30%|███       | 12/40 [00:31<01:13,  2.61s/it]
Epoch 22/50:  32%|███▎      | 13/40 [00:33<01:12,  2.68s/it]
Epoch 22/50:  35%|███▌      | 14/40 [00:36<01:06,  2.58s/it]
Epoch 22/50:  38%|███▊      | 15/40 [00:39<01:06,  2.65s/it]
Epoch 22/50:  40%|████      | 16/40 [00:41<01:01,  2.56s/it]
Epoch 22/50:  42%|████▎     | 17/40 [00:44<01:00,  2.64s/it]
Epoch 22/50:  45%|████▌     | 18/40 [00:47<00:59,  2.70s/it]
Epoch 22/50:  48%|████▊     | 19/40 [00:49<00:54,  2.59s/it]
Epoch 22/50:  50%|█████     | 20/40 [00:52<00:53,  2.67s/it]
Epoch 22/50:  52%|█████▎    | 21/40 [00:55<00:51,  2.72s/it]
Epoch 22/50:  55%|█████▌    | 22/40 [00:57<00:46,  2.60s/it]
Epoch 22/50:  57%|█████▊    | 23/40 [01:00<00:45,  2.67s/it]
Epoch 22/50:  60%|██████    | 24/40 [01:03<00:43,  2.72s/it]
Epoch 22/50:  62%|██████▎   | 25/40 [01:05<00:41,  2.76s/it]
Epoch 22/50:  65%|██████▌   | 26/40 [01:08<00:38,  2.78s/it]
Epoch 22/50:  68%|██████▊   | 27/40 [01:11<00:34,  2.65s/it]
Epoch 22/50:  70%|███████   | 28/40 [01:13<00:32,  2.71s/it]
Epoch 22/50:  72%|███████▎  | 29/40 [01:16<00:30,  2.75s/it]
Epoch 22/50:  75%|███████▌  | 30/40 [01:19<00:27,  2.77s/it]
Epoch 22/50:  78%|███████▊  | 31/40 [01:21<00:23,  2.64s/it]
Epoch 22/50:  80%|████████  | 32/40 [01:24<00:20,  2.55s/it]
Epoch 22/50:  82%|████████▎ | 33/40 [01:27<00:18,  2.64s/it]
Epoch 22/50:  85%|████████▌ | 34/40 [01:29<00:16,  2.70s/it]
Epoch 22/50:  88%|████████▊ | 35/40 [01:32<00:13,  2.74s/it]
Epoch 22/50:  90%|█████████ | 36/40 [01:35<00:11,  2.77s/it]
Epoch 22/50:  92%|█████████▎| 37/40 [01:38<00:08,  2.79s/it]
Epoch 22/50:  95%|█████████▌| 38/40 [01:40<00:05,  2.65s/it]
Epoch 22/50:  98%|█████████▊| 39/40 [01:43<00:02,  2.71s/it]
Epoch 22/50: 100%|██████████| 40/40 [01:45<00:00,  2.43s/it]
Epoch 22/50: 100%|██████████| 40/40 [01:45<00:00,  2.64s/it]

Epoch 22 — avg train loss: 0.0597

[Train classification report — Epoch 22]
                          precision    recall  f1-score   support

             CORRECT_ALL       0.79      0.98      0.87       102
          CORRECT_SUBSET       1.00      0.29      0.45        17
       NO_INTERPRETATION       1.00      0.50      0.67         2
INCORRECT_INTERPRETATION       0.69      0.47      0.56        38

                accuracy                           0.78       159
               macro avg       0.87      0.56      0.64       159
            weighted avg       0.79      0.78      0.75       159


------------------------------------------------------------
DIAGNOSTIC — Epoch 22 | Task: modeling_comprehension
------------------------------------------------------------

[1] Label token ID check
  'CORRECT_ALL' → token_id=128256 → decoded='CORRECT_ALL'
  'CORRECT_SUBSET' → token_id=128257 → decoded='CORRECT_SUBSET'
  'NO_INTERPRETATION' → token_id=128258 → decoded='NO_INTERPRETATION'
  'INCORRECT_INTERPRETATION' → token_id=128259 → decoded='INCORRECT_INTERPRETATION'
  ✓ All label token IDs are unique.

[2] Last-token identity (first 3 val samples)

Diag-val epoch 22:   0%|          | 0/10 [00:00<?, ?it/s]
Diag-val epoch 22:  10%|█         | 1/10 [00:00<00:06,  1.37it/s]
Diag-val epoch 22:  20%|██        | 2/10 [00:01<00:05,  1.36it/s]
Diag-val epoch 22:  30%|███       | 3/10 [00:02<00:05,  1.36it/s]
Diag-val epoch 22:  40%|████      | 4/10 [00:02<00:04,  1.36it/s]
Diag-val epoch 22:  50%|█████     | 5/10 [00:03<00:03,  1.39it/s]
Diag-val epoch 22:  60%|██████    | 6/10 [00:04<00:02,  1.38it/s]
Diag-val epoch 22:  70%|███████   | 7/10 [00:05<00:02,  1.37it/s]
Diag-val epoch 22:  80%|████████  | 8/10 [00:05<00:01,  1.39it/s]
Diag-val epoch 22:  90%|█████████ | 9/10 [00:06<00:00,  1.38it/s]
Diag-val epoch 22: 100%|██████████| 10/10 [00:07<00:00,  1.37it/s]
Diag-val epoch 22: 100%|██████████| 10/10 [00:07<00:00,  1.37it/s]
  Sample 0: last real token=':' (id=25) ✓ | position[-1] token=':' (id=25) ✓
  Sample 1: last real token=':' (id=25) ✓ | position[-1] token=':' (id=25) ✓
  Sample 2: last real token=':' (id=25) ✓ | position[-1] token=':' (id=25) ✓

[3] Logit spread over label tokens (first batch)
  'CORRECT_ALL': mean=19.281  std=2.192  min=16.250  max=21.125
  'CORRECT_SUBSET': mean=9.422  std=3.335  min=6.344  max=12.812
  'NO_INTERPRETATION': mean=9.969  std=1.615  min=8.125  max=12.000
  'INCORRECT_INTERPRETATION': mean=14.953  std=1.466  min=13.938  max=17.125
  Max-min spread per sample: mean=10.500  min=6.000  max=14.344
  (Spread near 0 → model not differentiating labels; large spread → confident predictions)

[4] Prediction vs. true label distribution
  Label                            True %   Pred %
  ------------------------------ -------- --------
  CORRECT_ALL                       62.5%    70.0%
  CORRECT_SUBSET                    10.0%     2.5%
  NO_INTERPRETATION                  2.5%     0.0%
  INCORRECT_INTERPRETATION          25.0%    27.5%

[Classification report — Epoch 22]
                          precision    recall  f1-score   support

             CORRECT_ALL       0.75      0.84      0.79        25
          CORRECT_SUBSET       0.00      0.00      0.00         4
       NO_INTERPRETATION       0.00      0.00      0.00         1
INCORRECT_INTERPRETATION       0.45      0.50      0.48        10

                accuracy                           0.65        40
               macro avg       0.30      0.33      0.32        40
            weighted avg       0.58      0.65      0.61        40

------------------------------------------------------------

Epoch 23/50:   0%|          | 0/40 [00:00<?, ?it/s]
Epoch 23/50:   2%|▎         | 1/40 [00:02<01:51,  2.85s/it]
Epoch 23/50:   5%|▌         | 2/40 [00:05<01:48,  2.85s/it]
Epoch 23/50:   8%|▊         | 3/40 [00:08<01:36,  2.61s/it]
Epoch 23/50:  10%|█         | 4/40 [00:10<01:30,  2.50s/it]
Epoch 23/50:  12%|█▎        | 5/40 [00:12<01:25,  2.44s/it]
Epoch 23/50:  15%|█▌        | 6/40 [00:15<01:27,  2.58s/it]
Epoch 23/50:  18%|█▊        | 7/40 [00:18<01:27,  2.66s/it]
Epoch 23/50:  20%|██        | 8/40 [00:21<01:27,  2.72s/it]
Epoch 23/50:  22%|██▎       | 9/40 [00:23<01:20,  2.60s/it]
Epoch 23/50:  25%|██▌       | 10/40 [00:26<01:20,  2.67s/it]
Epoch 23/50:  28%|██▊       | 11/40 [00:29<01:18,  2.72s/it]
Epoch 23/50:  30%|███       | 12/40 [00:32<01:17,  2.76s/it]
Epoch 23/50:  32%|███▎      | 13/40 [00:34<01:15,  2.78s/it]
Epoch 23/50:  35%|███▌      | 14/40 [00:37<01:12,  2.80s/it]
Epoch 23/50:  38%|███▊      | 15/40 [00:40<01:10,  2.81s/it]
Epoch 23/50:  40%|████      | 16/40 [00:43<01:07,  2.82s/it]
Epoch 23/50:  42%|████▎     | 17/40 [00:45<01:01,  2.67s/it]
Epoch 23/50:  45%|████▌     | 18/40 [00:48<00:59,  2.72s/it]
Epoch 23/50:  48%|████▊     | 19/40 [00:51<00:57,  2.76s/it]
Epoch 23/50:  50%|█████     | 20/40 [00:54<00:55,  2.78s/it]
Epoch 23/50:  52%|█████▎    | 21/40 [00:57<00:53,  2.80s/it]
Epoch 23/50:  55%|█████▌    | 22/40 [00:59<00:47,  2.66s/it]
Epoch 23/50:  57%|█████▊    | 23/40 [01:02<00:46,  2.71s/it]
Epoch 23/50:  60%|██████    | 24/40 [01:05<00:44,  2.75s/it]
Epoch 23/50:  62%|██████▎   | 25/40 [01:07<00:39,  2.63s/it]
Epoch 23/50:  65%|██████▌   | 26/40 [01:10<00:37,  2.69s/it]
Epoch 23/50:  68%|██████▊   | 27/40 [01:12<00:33,  2.58s/it]
Epoch 23/50:  70%|███████   | 28/40 [01:14<00:30,  2.51s/it]
Epoch 23/50:  72%|███████▎  | 29/40 [01:17<00:28,  2.61s/it]
Epoch 23/50:  75%|███████▌  | 30/40 [01:20<00:26,  2.68s/it]
Epoch 23/50:  78%|███████▊  | 31/40 [01:23<00:24,  2.73s/it]
Epoch 23/50:  80%|████████  | 32/40 [01:26<00:22,  2.76s/it]
Epoch 23/50:  82%|████████▎ | 33/40 [01:29<00:19,  2.78s/it]
Epoch 23/50:  85%|████████▌ | 34/40 [01:31<00:15,  2.65s/it]
Epoch 23/50:  88%|████████▊ | 35/40 [01:34<00:13,  2.71s/it]
Epoch 23/50:  90%|█████████ | 36/40 [01:36<00:10,  2.59s/it]
Epoch 23/50:  92%|█████████▎| 37/40 [01:39<00:07,  2.67s/it]
Epoch 23/50:  95%|█████████▌| 38/40 [01:42<00:05,  2.72s/it]
Epoch 23/50:  98%|█████████▊| 39/40 [01:45<00:02,  2.75s/it]
Epoch 23/50: 100%|██████████| 40/40 [01:47<00:00,  2.58s/it]
Epoch 23/50: 100%|██████████| 40/40 [01:47<00:00,  2.68s/it]

Epoch 23 — avg train loss: 0.0964

[Train classification report — Epoch 23]
                          precision    recall  f1-score   support

             CORRECT_ALL       0.81      0.98      0.88       102
          CORRECT_SUBSET       1.00      0.35      0.52        17
       NO_INTERPRETATION       1.00      0.50      0.67         2
INCORRECT_INTERPRETATION       0.71      0.53      0.61        38

                accuracy                           0.80       159
               macro avg       0.88      0.59      0.67       159
            weighted avg       0.81      0.80      0.78       159


------------------------------------------------------------
DIAGNOSTIC — Epoch 23 | Task: modeling_comprehension
------------------------------------------------------------

[1] Label token ID check
  'CORRECT_ALL' → token_id=128256 → decoded='CORRECT_ALL'
  'CORRECT_SUBSET' → token_id=128257 → decoded='CORRECT_SUBSET'
  'NO_INTERPRETATION' → token_id=128258 → decoded='NO_INTERPRETATION'
  'INCORRECT_INTERPRETATION' → token_id=128259 → decoded='INCORRECT_INTERPRETATION'
  ✓ All label token IDs are unique.

[2] Last-token identity (first 3 val samples)

Diag-val epoch 23:   0%|          | 0/10 [00:00<?, ?it/s]
Diag-val epoch 23:  10%|█         | 1/10 [00:00<00:06,  1.37it/s]
Diag-val epoch 23:  20%|██        | 2/10 [00:01<00:05,  1.36it/s]
Diag-val epoch 23:  30%|███       | 3/10 [00:02<00:05,  1.36it/s]
Diag-val epoch 23:  40%|████      | 4/10 [00:02<00:04,  1.36it/s]
Diag-val epoch 23:  50%|█████     | 5/10 [00:03<00:03,  1.39it/s]
Diag-val epoch 23:  60%|██████    | 6/10 [00:04<00:02,  1.38it/s]
Diag-val epoch 23:  70%|███████   | 7/10 [00:05<00:02,  1.37it/s]
Diag-val epoch 23:  80%|████████  | 8/10 [00:05<00:01,  1.39it/s]
Diag-val epoch 23:  90%|█████████ | 9/10 [00:06<00:00,  1.38it/s]
Diag-val epoch 23: 100%|██████████| 10/10 [00:07<00:00,  1.37it/s]
Diag-val epoch 23: 100%|██████████| 10/10 [00:07<00:00,  1.37it/s]
  Sample 0: last real token=':' (id=25) ✓ | position[-1] token=':' (id=25) ✓
  Sample 1: last real token=':' (id=25) ✓ | position[-1] token=':' (id=25) ✓
  Sample 2: last real token=':' (id=25) ✓ | position[-1] token=':' (id=25) ✓

[3] Logit spread over label tokens (first batch)
  'CORRECT_ALL': mean=19.844  std=2.312  min=16.500  max=21.750
  'CORRECT_SUBSET': mean=9.297  std=3.364  min=6.344  max=12.938
  'NO_INTERPRETATION': mean=9.891  std=1.729  min=7.625  max=11.688
  'INCORRECT_INTERPRETATION': mean=14.000  std=1.510  min=13.125  max=16.250
  Max-min spread per sample: mean=11.125  min=5.875  max=15.219
  (Spread near 0 → model not differentiating labels; large spread → confident predictions)

[4] Prediction vs. true label distribution
  Label                            True %   Pred %
  ------------------------------ -------- --------
  CORRECT_ALL                       62.5%    75.0%
  CORRECT_SUBSET                    10.0%     2.5%
  NO_INTERPRETATION                  2.5%     0.0%
  INCORRECT_INTERPRETATION          25.0%    22.5%

[Classification report — Epoch 23]
                          precision    recall  f1-score   support

             CORRECT_ALL       0.70      0.84      0.76        25
          CORRECT_SUBSET       0.00      0.00      0.00         4
       NO_INTERPRETATION       0.00      0.00      0.00         1
INCORRECT_INTERPRETATION       0.33      0.30      0.32        10

                accuracy                           0.60        40
               macro avg       0.26      0.28      0.27        40
            weighted avg       0.52      0.60      0.56        40

------------------------------------------------------------

Epoch 24/50:   0%|          | 0/40 [00:00<?, ?it/s]
Epoch 24/50:   2%|▎         | 1/40 [00:02<01:50,  2.85s/it]
Epoch 24/50:   5%|▌         | 2/40 [00:05<01:48,  2.84s/it]
Epoch 24/50:   8%|▊         | 3/40 [00:08<01:45,  2.84s/it]
Epoch 24/50:  10%|█         | 4/40 [00:11<01:42,  2.84s/it]
Epoch 24/50:  12%|█▎        | 5/40 [00:13<01:33,  2.66s/it]
Epoch 24/50:  15%|█▌        | 6/40 [00:16<01:26,  2.55s/it]
Epoch 24/50:  18%|█▊        | 7/40 [00:18<01:27,  2.65s/it]
Epoch 24/50:  20%|██        | 8/40 [00:21<01:26,  2.71s/it]
Epoch 24/50:  22%|██▎       | 9/40 [00:24<01:20,  2.59s/it]
Epoch 24/50:  25%|██▌       | 10/40 [00:26<01:20,  2.67s/it]
Epoch 24/50:  28%|██▊       | 11/40 [00:29<01:18,  2.72s/it]
Epoch 24/50:  30%|███       | 12/40 [00:32<01:17,  2.75s/it]
Epoch 24/50:  32%|███▎      | 13/40 [00:35<01:15,  2.78s/it]
Epoch 24/50:  35%|███▌      | 14/40 [00:37<01:08,  2.65s/it]
Epoch 24/50:  38%|███▊      | 15/40 [00:40<01:07,  2.70s/it]
Epoch 24/50:  40%|████      | 16/40 [00:43<01:05,  2.74s/it]
Epoch 24/50:  42%|████▎     | 17/40 [00:46<01:03,  2.77s/it]
Epoch 24/50:  45%|████▌     | 18/40 [00:48<00:58,  2.64s/it]
Epoch 24/50:  48%|████▊     | 19/40 [00:50<00:53,  2.55s/it]
Epoch 24/50:  50%|█████     | 20/40 [00:53<00:49,  2.49s/it]
Epoch 24/50:  52%|█████▎    | 21/40 [00:56<00:49,  2.59s/it]
Epoch 24/50:  55%|█████▌    | 22/40 [00:58<00:48,  2.67s/it]
Epoch 24/50:  57%|█████▊    | 23/40 [01:01<00:43,  2.57s/it]
Epoch 24/50:  60%|██████    | 24/40 [01:04<00:42,  2.65s/it]
Epoch 24/50:  62%|██████▎   | 25/40 [01:06<00:38,  2.56s/it]
Epoch 24/50:  65%|██████▌   | 26/40 [01:08<00:34,  2.49s/it]
Epoch 24/50:  68%|██████▊   | 27/40 [01:11<00:33,  2.59s/it]
Epoch 24/50:  70%|███████   | 28/40 [01:14<00:31,  2.67s/it]
Epoch 24/50:  72%|███████▎  | 29/40 [01:17<00:29,  2.72s/it]
Epoch 24/50:  75%|███████▌  | 30/40 [01:20<00:27,  2.76s/it]
Epoch 24/50:  78%|███████▊  | 31/40 [01:22<00:23,  2.63s/it]
Epoch 24/50:  80%|████████  | 32/40 [01:24<00:20,  2.54s/it]
Epoch 24/50:  82%|████████▎ | 33/40 [01:27<00:18,  2.63s/it]
Epoch 24/50:  85%|████████▌ | 34/40 [01:30<00:15,  2.55s/it]
Epoch 24/50:  88%|████████▊ | 35/40 [01:32<00:12,  2.48s/it]
Epoch 24/50:  90%|█████████ | 36/40 [01:35<00:10,  2.59s/it]
Epoch 24/50:  92%|█████████▎| 37/40 [01:38<00:08,  2.67s/it]
Epoch 24/50:  95%|█████████▌| 38/40 [01:40<00:05,  2.72s/it]
Epoch 24/50:  98%|█████████▊| 39/40 [01:43<00:02,  2.75s/it]
Epoch 24/50: 100%|██████████| 40/40 [01:45<00:00,  2.58s/it]
Epoch 24/50: 100%|██████████| 40/40 [01:45<00:00,  2.65s/it]

Epoch 24 — avg train loss: 0.0699

[Train classification report — Epoch 24]
                          precision    recall  f1-score   support

             CORRECT_ALL       0.79      0.98      0.87       102
          CORRECT_SUBSET       1.00      0.29      0.45        17
       NO_INTERPRETATION       1.00      0.50      0.67         2
INCORRECT_INTERPRETATION       0.69      0.47      0.56        38

                accuracy                           0.78       159
               macro avg       0.87      0.56      0.64       159
            weighted avg       0.79      0.78      0.75       159


------------------------------------------------------------
DIAGNOSTIC — Epoch 24 | Task: modeling_comprehension
------------------------------------------------------------

[1] Label token ID check
  'CORRECT_ALL' → token_id=128256 → decoded='CORRECT_ALL'
  'CORRECT_SUBSET' → token_id=128257 → decoded='CORRECT_SUBSET'
  'NO_INTERPRETATION' → token_id=128258 → decoded='NO_INTERPRETATION'
  'INCORRECT_INTERPRETATION' → token_id=128259 → decoded='INCORRECT_INTERPRETATION'
  ✓ All label token IDs are unique.

[2] Last-token identity (first 3 val samples)

Diag-val epoch 24:   0%|          | 0/10 [00:00<?, ?it/s]
Diag-val epoch 24:  10%|█         | 1/10 [00:00<00:06,  1.37it/s]
Diag-val epoch 24:  20%|██        | 2/10 [00:01<00:05,  1.36it/s]
Diag-val epoch 24:  30%|███       | 3/10 [00:02<00:05,  1.35it/s]
Diag-val epoch 24:  40%|████      | 4/10 [00:02<00:04,  1.35it/s]
Diag-val epoch 24:  50%|█████     | 5/10 [00:03<00:03,  1.38it/s]
Diag-val epoch 24:  60%|██████    | 6/10 [00:04<00:02,  1.37it/s]
Diag-val epoch 24:  70%|███████   | 7/10 [00:05<00:02,  1.37it/s]
Diag-val epoch 24:  80%|████████  | 8/10 [00:05<00:01,  1.39it/s]
Diag-val epoch 24:  90%|█████████ | 9/10 [00:06<00:00,  1.38it/s]
Diag-val epoch 24: 100%|██████████| 10/10 [00:07<00:00,  1.37it/s]
Diag-val epoch 24: 100%|██████████| 10/10 [00:07<00:00,  1.37it/s]
  Sample 0: last real token=':' (id=25) ✓ | position[-1] token=':' (id=25) ✓
  Sample 1: last real token=':' (id=25) ✓ | position[-1] token=':' (id=25) ✓
  Sample 2: last real token=':' (id=25) ✓ | position[-1] token=':' (id=25) ✓

[3] Logit spread over label tokens (first batch)
  'CORRECT_ALL': mean=19.234  std=2.696  min=15.562  max=21.750
  'CORRECT_SUBSET': mean=9.719  std=3.660  min=6.375  max=13.562
  'NO_INTERPRETATION': mean=10.453  std=1.620  min=8.312  max=12.062
  'INCORRECT_INTERPRETATION': mean=15.312  std=1.567  min=13.812  max=17.375
  Max-min spread per sample: mean=10.109  min=4.312  max=14.938
  (Spread near 0 → model not differentiating labels; large spread → confident predictions)

[4] Prediction vs. true label distribution
  Label                            True %   Pred %
  ------------------------------ -------- --------
  CORRECT_ALL                       62.5%    65.0%
  CORRECT_SUBSET                    10.0%     2.5%
  NO_INTERPRETATION                  2.5%     0.0%
  INCORRECT_INTERPRETATION          25.0%    32.5%

[Classification report — Epoch 24]
                          precision    recall  f1-score   support

             CORRECT_ALL       0.73      0.76      0.75        25
          CORRECT_SUBSET       0.00      0.00      0.00         4
       NO_INTERPRETATION       0.00      0.00      0.00         1
INCORRECT_INTERPRETATION       0.31      0.40      0.35        10

                accuracy                           0.57        40
               macro avg       0.26      0.29      0.27        40
            weighted avg       0.53      0.57      0.55        40

------------------------------------------------------------

Epoch 25/50:   0%|          | 0/40 [00:00<?, ?it/s]
Epoch 25/50:   2%|▎         | 1/40 [00:02<01:31,  2.35s/it]
Epoch 25/50:   5%|▌         | 2/40 [00:04<01:28,  2.34s/it]
Epoch 25/50:   8%|▊         | 3/40 [00:07<01:34,  2.57s/it]
Epoch 25/50:  10%|█         | 4/40 [00:10<01:36,  2.68s/it]
Epoch 25/50:  12%|█▎        | 5/40 [00:13<01:35,  2.73s/it]
Epoch 25/50:  15%|█▌        | 6/40 [00:16<01:34,  2.77s/it]
Epoch 25/50:  18%|█▊        | 7/40 [00:18<01:32,  2.79s/it]
Epoch 25/50:  20%|██        | 8/40 [00:21<01:24,  2.65s/it]
Epoch 25/50:  22%|██▎       | 9/40 [00:24<01:23,  2.71s/it]
Epoch 25/50:  25%|██▌       | 10/40 [00:26<01:22,  2.75s/it]
Epoch 25/50:  28%|██▊       | 11/40 [00:29<01:20,  2.78s/it]
Epoch 25/50:  30%|███       | 12/40 [00:32<01:18,  2.80s/it]
Epoch 25/50:  32%|███▎      | 13/40 [00:35<01:15,  2.81s/it]
Epoch 25/50:  35%|███▌      | 14/40 [00:38<01:13,  2.82s/it]
Epoch 25/50:  38%|███▊      | 15/40 [00:41<01:10,  2.83s/it]
Epoch 25/50:  40%|████      | 16/40 [00:43<01:04,  2.68s/it]
Epoch 25/50:  42%|████▎     | 17/40 [00:46<01:02,  2.73s/it]
Epoch 25/50:  45%|████▌     | 18/40 [00:48<00:57,  2.61s/it]
Epoch 25/50:  48%|████▊     | 19/40 [00:50<00:53,  2.53s/it]
Epoch 25/50:  50%|█████     | 20/40 [00:53<00:52,  2.62s/it]
Epoch 25/50:  52%|█████▎    | 21/40 [00:56<00:48,  2.54s/it]
Epoch 25/50:  55%|█████▌    | 22/40 [00:58<00:47,  2.63s/it]
Epoch 25/50:  57%|█████▊    | 23/40 [01:01<00:45,  2.69s/it]
Epoch 25/50:  60%|██████    | 24/40 [01:04<00:41,  2.59s/it]
Epoch 25/50:  62%|██████▎   | 25/40 [01:07<00:39,  2.66s/it]
Epoch 25/50:  65%|██████▌   | 26/40 [01:09<00:37,  2.71s/it]
Epoch 25/50:  68%|██████▊   | 27/40 [01:12<00:35,  2.75s/it]
Epoch 25/50:  70%|███████   | 28/40 [01:15<00:33,  2.78s/it]
Epoch 25/50:  72%|███████▎  | 29/40 [01:18<00:30,  2.79s/it]
Epoch 25/50:  75%|███████▌  | 30/40 [01:20<00:26,  2.66s/it]
Epoch 25/50:  78%|███████▊  | 31/40 [01:23<00:24,  2.71s/it]
Epoch 25/50:  80%|████████  | 32/40 [01:26<00:21,  2.75s/it]
Epoch 25/50:  82%|████████▎ | 33/40 [01:28<00:18,  2.62s/it]
Epoch 25/50:  85%|████████▌ | 34/40 [01:31<00:15,  2.54s/it]
Epoch 25/50:  88%|████████▊ | 35/40 [01:33<00:13,  2.63s/it]
Epoch 25/50:  90%|█████████ | 36/40 [01:36<00:10,  2.54s/it]
Epoch 25/50:  92%|█████████▎| 37/40 [01:38<00:07,  2.48s/it]
Epoch 25/50:  95%|█████████▌| 38/40 [01:41<00:05,  2.59s/it]
Epoch 25/50:  98%|█████████▊| 39/40 [01:43<00:02,  2.51s/it]
Epoch 25/50: 100%|██████████| 40/40 [01:45<00:00,  2.29s/it]
Epoch 25/50: 100%|██████████| 40/40 [01:45<00:00,  2.64s/it]

Epoch 25 — avg train loss: 0.0514

[Train classification report — Epoch 25]
                          precision    recall  f1-score   support

             CORRECT_ALL       0.80      0.98      0.88       102
          CORRECT_SUBSET       1.00      0.24      0.38        17
       NO_INTERPRETATION       1.00      0.50      0.67         2
INCORRECT_INTERPRETATION       0.66      0.50      0.57        38

                accuracy                           0.78       159
               macro avg       0.86      0.55      0.62       159
            weighted avg       0.79      0.78      0.75       159


------------------------------------------------------------
DIAGNOSTIC — Epoch 25 | Task: modeling_comprehension
------------------------------------------------------------

[1] Label token ID check
  'CORRECT_ALL' → token_id=128256 → decoded='CORRECT_ALL'
  'CORRECT_SUBSET' → token_id=128257 → decoded='CORRECT_SUBSET'
  'NO_INTERPRETATION' → token_id=128258 → decoded='NO_INTERPRETATION'
  'INCORRECT_INTERPRETATION' → token_id=128259 → decoded='INCORRECT_INTERPRETATION'
  ✓ All label token IDs are unique.

[2] Last-token identity (first 3 val samples)

Diag-val epoch 25:   0%|          | 0/10 [00:00<?, ?it/s]
Diag-val epoch 25:  10%|█         | 1/10 [00:00<00:06,  1.37it/s]
Diag-val epoch 25:  20%|██        | 2/10 [00:01<00:05,  1.36it/s]
Diag-val epoch 25:  30%|███       | 3/10 [00:02<00:05,  1.36it/s]
Diag-val epoch 25:  40%|████      | 4/10 [00:02<00:04,  1.36it/s]
Diag-val epoch 25:  50%|█████     | 5/10 [00:03<00:03,  1.39it/s]
Diag-val epoch 25:  60%|██████    | 6/10 [00:04<00:02,  1.38it/s]
Diag-val epoch 25:  70%|███████   | 7/10 [00:05<00:02,  1.37it/s]
Diag-val epoch 25:  80%|████████  | 8/10 [00:05<00:01,  1.39it/s]
Diag-val epoch 25:  90%|█████████ | 9/10 [00:06<00:00,  1.38it/s]
Diag-val epoch 25: 100%|██████████| 10/10 [00:07<00:00,  1.37it/s]
Diag-val epoch 25: 100%|██████████| 10/10 [00:07<00:00,  1.37it/s]
  Sample 0: last real token=':' (id=25) ✓ | position[-1] token=':' (id=25) ✓
  Sample 1: last real token=':' (id=25) ✓ | position[-1] token=':' (id=25) ✓
  Sample 2: last real token=':' (id=25) ✓ | position[-1] token=':' (id=25) ✓

[3] Logit spread over label tokens (first batch)
  'CORRECT_ALL': mean=20.156  std=2.501  min=16.750  max=22.375
  'CORRECT_SUBSET': mean=9.477  std=3.503  min=6.188  max=13.312
  'NO_INTERPRETATION': mean=9.734  std=1.699  min=7.625  max=11.688
  'INCORRECT_INTERPRETATION': mean=14.406  std=1.349  min=13.312  max=16.375
  Max-min spread per sample: mean=11.445  min=6.500  max=15.531
  (Spread near 0 → model not differentiating labels; large spread → confident predictions)

[4] Prediction vs. true label distribution
  Label                            True %   Pred %
  ------------------------------ -------- --------
  CORRECT_ALL                       62.5%    80.0%
  CORRECT_SUBSET                    10.0%     2.5%
  NO_INTERPRETATION                  2.5%     0.0%
  INCORRECT_INTERPRETATION          25.0%    17.5%

[Classification report — Epoch 25]
                          precision    recall  f1-score   support

             CORRECT_ALL       0.72      0.92      0.81        25
          CORRECT_SUBSET       0.00      0.00      0.00         4
       NO_INTERPRETATION       0.00      0.00      0.00         1
INCORRECT_INTERPRETATION       0.43      0.30      0.35        10

                accuracy                           0.65        40
               macro avg       0.29      0.30      0.29        40
            weighted avg       0.56      0.65      0.59        40

------------------------------------------------------------

Epoch 26/50:   0%|          | 0/40 [00:00<?, ?it/s]
Epoch 26/50:   2%|▎         | 1/40 [00:02<01:31,  2.34s/it]
Epoch 26/50:   5%|▌         | 2/40 [00:05<01:39,  2.63s/it]
Epoch 26/50:   8%|▊         | 3/40 [00:07<01:32,  2.49s/it]
Epoch 26/50:  10%|█         | 4/40 [00:09<01:27,  2.43s/it]
Epoch 26/50:  12%|█▎        | 5/40 [00:12<01:30,  2.58s/it]
Epoch 26/50:  15%|█▌        | 6/40 [00:15<01:30,  2.66s/it]
Epoch 26/50:  18%|█▊        | 7/40 [00:18<01:29,  2.72s/it]
Epoch 26/50:  20%|██        | 8/40 [00:20<01:23,  2.60s/it]
Epoch 26/50:  22%|██▎       | 9/40 [00:23<01:22,  2.67s/it]
Epoch 26/50:  25%|██▌       | 10/40 [00:26<01:21,  2.72s/it]
Epoch 26/50:  28%|██▊       | 11/40 [00:29<01:20,  2.76s/it]
Epoch 26/50:  30%|███       | 12/40 [00:32<01:17,  2.78s/it]
Epoch 26/50:  32%|███▎      | 13/40 [00:34<01:15,  2.80s/it]
Epoch 26/50:  35%|███▌      | 14/40 [00:37<01:13,  2.81s/it]
Epoch 26/50:  38%|███▊      | 15/40 [00:40<01:06,  2.67s/it]
Epoch 26/50:  40%|████      | 16/40 [00:42<01:05,  2.72s/it]
Epoch 26/50:  42%|████▎     | 17/40 [00:45<00:59,  2.60s/it]
Epoch 26/50:  45%|████▌     | 18/40 [00:48<00:58,  2.67s/it]
Epoch 26/50:  48%|████▊     | 19/40 [00:50<00:54,  2.57s/it]
Epoch 26/50:  50%|█████     | 20/40 [00:52<00:50,  2.50s/it]
Epoch 26/50:  52%|█████▎    | 21/40 [00:55<00:46,  2.45s/it]
Epoch 26/50:  55%|█████▌    | 22/40 [00:57<00:46,  2.57s/it]
Epoch 26/50:  57%|█████▊    | 23/40 [01:00<00:42,  2.50s/it]
Epoch 26/50:  60%|██████    | 24/40 [01:03<00:41,  2.60s/it]
Epoch 26/50:  62%|██████▎   | 25/40 [01:05<00:37,  2.52s/it]
Epoch 26/50:  65%|██████▌   | 26/40 [01:08<00:36,  2.62s/it]
Epoch 26/50:  68%|██████▊   | 27/40 [01:10<00:32,  2.53s/it]
Epoch 26/50:  70%|███████   | 28/40 [01:13<00:31,  2.62s/it]
Epoch 26/50:  72%|███████▎  | 29/40 [01:16<00:29,  2.69s/it]
Epoch 26/50:  75%|███████▌  | 30/40 [01:18<00:25,  2.58s/it]
Epoch 26/50:  78%|███████▊  | 31/40 [01:20<00:22,  2.51s/it]
Epoch 26/50:  80%|████████  | 32/40 [01:23<00:20,  2.61s/it]
Epoch 26/50:  82%|████████▎ | 33/40 [01:26<00:18,  2.68s/it]
Epoch 26/50:  85%|████████▌ | 34/40 [01:29<00:16,  2.72s/it]
Epoch 26/50:  88%|████████▊ | 35/40 [01:32<00:13,  2.76s/it]
Epoch 26/50:  90%|█████████ | 36/40 [01:35<00:11,  2.78s/it]
Epoch 26/50:  92%|█████████▎| 37/40 [01:37<00:08,  2.80s/it]
Epoch 26/50:  95%|█████████▌| 38/40 [01:40<00:05,  2.81s/it]
Epoch 26/50:  98%|█████████▊| 39/40 [01:43<00:02,  2.67s/it]
Epoch 26/50: 100%|██████████| 40/40 [01:45<00:00,  2.52s/it]
Epoch 26/50: 100%|██████████| 40/40 [01:45<00:00,  2.63s/it]

Epoch 26 — avg train loss: 0.0391

[Train classification report — Epoch 26]
                          precision    recall  f1-score   support

             CORRECT_ALL       0.79      0.97      0.87       102
          CORRECT_SUBSET       1.00      0.29      0.45        17
       NO_INTERPRETATION       1.00      0.50      0.67         2
INCORRECT_INTERPRETATION       0.68      0.50      0.58        38

                accuracy                           0.78       159
               macro avg       0.87      0.57      0.64       159
            weighted avg       0.79      0.78      0.75       159


------------------------------------------------------------
DIAGNOSTIC — Epoch 26 | Task: modeling_comprehension
------------------------------------------------------------

[1] Label token ID check
  'CORRECT_ALL' → token_id=128256 → decoded='CORRECT_ALL'
  'CORRECT_SUBSET' → token_id=128257 → decoded='CORRECT_SUBSET'
  'NO_INTERPRETATION' → token_id=128258 → decoded='NO_INTERPRETATION'
  'INCORRECT_INTERPRETATION' → token_id=128259 → decoded='INCORRECT_INTERPRETATION'
  ✓ All label token IDs are unique.

[2] Last-token identity (first 3 val samples)

Diag-val epoch 26:   0%|          | 0/10 [00:00<?, ?it/s]
Diag-val epoch 26:  10%|█         | 1/10 [00:00<00:06,  1.37it/s]
Diag-val epoch 26:  20%|██        | 2/10 [00:01<00:05,  1.36it/s]
Diag-val epoch 26:  30%|███       | 3/10 [00:02<00:05,  1.36it/s]
Diag-val epoch 26:  40%|████      | 4/10 [00:02<00:04,  1.36it/s]
Diag-val epoch 26:  50%|█████     | 5/10 [00:03<00:03,  1.39it/s]
Diag-val epoch 26:  60%|██████    | 6/10 [00:04<00:02,  1.38it/s]
Diag-val epoch 26:  70%|███████   | 7/10 [00:05<00:02,  1.37it/s]
Diag-val epoch 26:  80%|████████  | 8/10 [00:05<00:01,  1.39it/s]
Diag-val epoch 26:  90%|█████████ | 9/10 [00:06<00:00,  1.38it/s]
Diag-val epoch 26: 100%|██████████| 10/10 [00:07<00:00,  1.37it/s]
Diag-val epoch 26: 100%|██████████| 10/10 [00:07<00:00,  1.37it/s]
  Sample 0: last real token=':' (id=25) ✓ | position[-1] token=':' (id=25) ✓
  Sample 1: last real token=':' (id=25) ✓ | position[-1] token=':' (id=25) ✓
  Sample 2: last real token=':' (id=25) ✓ | position[-1] token=':' (id=25) ✓

[3] Logit spread over label tokens (first batch)
  'CORRECT_ALL': mean=19.875  std=3.067  min=15.500  max=22.625
  'CORRECT_SUBSET': mean=9.789  std=3.191  min=6.562  max=13.250
  'NO_INTERPRETATION': mean=9.578  std=1.572  min=7.500  max=11.125
  'INCORRECT_INTERPRETATION': mean=14.266  std=1.436  min=12.688  max=16.125
  Max-min spread per sample: mean=10.984  min=5.125  max=15.125
  (Spread near 0 → model not differentiating labels; large spread → confident predictions)

[4] Prediction vs. true label distribution
  Label                            True %   Pred %
  ------------------------------ -------- --------
  CORRECT_ALL                       62.5%    72.5%
  CORRECT_SUBSET                    10.0%     2.5%
  NO_INTERPRETATION                  2.5%     0.0%
  INCORRECT_INTERPRETATION          25.0%    25.0%

[Classification report — Epoch 26]
                          precision    recall  f1-score   support

             CORRECT_ALL       0.72      0.84      0.78        25
          CORRECT_SUBSET       0.00      0.00      0.00         4
       NO_INTERPRETATION       0.00      0.00      0.00         1
INCORRECT_INTERPRETATION       0.40      0.40      0.40        10

                accuracy                           0.62        40
               macro avg       0.28      0.31      0.29        40
            weighted avg       0.55      0.62      0.59        40

------------------------------------------------------------

Epoch 27/50:   0%|          | 0/40 [00:00<?, ?it/s]
Epoch 27/50:   2%|▎         | 1/40 [00:02<01:51,  2.85s/it]
Epoch 27/50:   5%|▌         | 2/40 [00:05<01:47,  2.84s/it]
Epoch 27/50:   8%|▊         | 3/40 [00:08<01:44,  2.83s/it]
Epoch 27/50:  10%|█         | 4/40 [00:11<01:42,  2.84s/it]
Epoch 27/50:  12%|█▎        | 5/40 [00:14<01:39,  2.84s/it]
Epoch 27/50:  15%|█▌        | 6/40 [00:17<01:36,  2.84s/it]
Epoch 27/50:  18%|█▊        | 7/40 [00:19<01:33,  2.84s/it]
Epoch 27/50:  20%|██        | 8/40 [00:22<01:30,  2.84s/it]
Epoch 27/50:  22%|██▎       | 9/40 [00:25<01:23,  2.68s/it]
Epoch 27/50:  25%|██▌       | 10/40 [00:27<01:21,  2.73s/it]
Epoch 27/50:  28%|██▊       | 11/40 [00:30<01:15,  2.61s/it]
Epoch 27/50:  30%|███       | 12/40 [00:33<01:14,  2.68s/it]
Epoch 27/50:  32%|███▎      | 13/40 [00:35<01:13,  2.73s/it]
Epoch 27/50:  35%|███▌      | 14/40 [00:38<01:11,  2.76s/it]
Epoch 27/50:  38%|███▊      | 15/40 [00:41<01:09,  2.78s/it]
Epoch 27/50:  40%|████      | 16/40 [00:44<01:07,  2.80s/it]
Epoch 27/50:  42%|████▎     | 17/40 [00:46<01:01,  2.66s/it]
Epoch 27/50:  45%|████▌     | 18/40 [00:49<00:59,  2.71s/it]
Epoch 27/50:  48%|████▊     | 19/40 [00:52<00:57,  2.75s/it]
Epoch 27/50:  50%|█████     | 20/40 [00:54<00:52,  2.63s/it]
Epoch 27/50:  52%|█████▎    | 21/40 [00:57<00:51,  2.69s/it]
Epoch 27/50:  55%|█████▌    | 22/40 [01:00<00:49,  2.73s/it]
Epoch 27/50:  57%|█████▊    | 23/40 [01:03<00:47,  2.77s/it]
Epoch 27/50:  60%|██████    | 24/40 [01:06<00:44,  2.79s/it]
Epoch 27/50:  62%|██████▎   | 25/40 [01:08<00:39,  2.65s/it]
Epoch 27/50:  65%|██████▌   | 26/40 [01:10<00:35,  2.56s/it]
Epoch 27/50:  68%|██████▊   | 27/40 [01:13<00:34,  2.64s/it]
Epoch 27/50:  70%|███████   | 28/40 [01:15<00:30,  2.55s/it]
Epoch 27/50:  72%|███████▎  | 29/40 [01:18<00:27,  2.48s/it]
Epoch 27/50:  75%|███████▌  | 30/40 [01:20<00:24,  2.44s/it]
Epoch 27/50:  78%|███████▊  | 31/40 [01:22<00:21,  2.41s/it]
Epoch 27/50:  80%|████████  | 32/40 [01:25<00:20,  2.54s/it]
Epoch 27/50:  82%|████████▎ | 33/40 [01:28<00:18,  2.63s/it]
Epoch 27/50:  85%|████████▌ | 34/40 [01:30<00:15,  2.54s/it]
Epoch 27/50:  88%|████████▊ | 35/40 [01:33<00:13,  2.63s/it]
Epoch 27/50:  90%|█████████ | 36/40 [01:36<00:10,  2.69s/it]
Epoch 27/50:  92%|█████████▎| 37/40 [01:39<00:08,  2.74s/it]
Epoch 27/50:  95%|█████████▌| 38/40 [01:42<00:05,  2.77s/it]
Epoch 27/50:  98%|█████████▊| 39/40 [01:44<00:02,  2.64s/it]
Epoch 27/50: 100%|██████████| 40/40 [01:46<00:00,  2.50s/it]
Epoch 27/50: 100%|██████████| 40/40 [01:46<00:00,  2.67s/it]

Epoch 27 — avg train loss: 0.0229

[Train classification report — Epoch 27]
                          precision    recall  f1-score   support

             CORRECT_ALL       0.80      0.98      0.88       102
          CORRECT_SUBSET       1.00      0.29      0.45        17
       NO_INTERPRETATION       1.00      0.50      0.67         2
INCORRECT_INTERPRETATION       0.68      0.50      0.58        38

                accuracy                           0.79       159
               macro avg       0.87      0.57      0.64       159
            weighted avg       0.79      0.79      0.76       159


------------------------------------------------------------
DIAGNOSTIC — Epoch 27 | Task: modeling_comprehension
------------------------------------------------------------

[1] Label token ID check
  'CORRECT_ALL' → token_id=128256 → decoded='CORRECT_ALL'
  'CORRECT_SUBSET' → token_id=128257 → decoded='CORRECT_SUBSET'
  'NO_INTERPRETATION' → token_id=128258 → decoded='NO_INTERPRETATION'
  'INCORRECT_INTERPRETATION' → token_id=128259 → decoded='INCORRECT_INTERPRETATION'
  ✓ All label token IDs are unique.

[2] Last-token identity (first 3 val samples)

Diag-val epoch 27:   0%|          | 0/10 [00:00<?, ?it/s]
Diag-val epoch 27:  10%|█         | 1/10 [00:00<00:06,  1.37it/s]
Diag-val epoch 27:  20%|██        | 2/10 [00:01<00:05,  1.36it/s]
Diag-val epoch 27:  30%|███       | 3/10 [00:02<00:05,  1.36it/s]
Diag-val epoch 27:  40%|████      | 4/10 [00:02<00:04,  1.36it/s]
Diag-val epoch 27:  50%|█████     | 5/10 [00:03<00:03,  1.39it/s]
Diag-val epoch 27:  60%|██████    | 6/10 [00:04<00:02,  1.38it/s]
Diag-val epoch 27:  70%|███████   | 7/10 [00:05<00:02,  1.37it/s]
Diag-val epoch 27:  80%|████████  | 8/10 [00:05<00:01,  1.39it/s]
Diag-val epoch 27:  90%|█████████ | 9/10 [00:06<00:00,  1.38it/s]
Diag-val epoch 27: 100%|██████████| 10/10 [00:07<00:00,  1.37it/s]
Diag-val epoch 27: 100%|██████████| 10/10 [00:07<00:00,  1.37it/s]
  Sample 0: last real token=':' (id=25) ✓ | position[-1] token=':' (id=25) ✓
  Sample 1: last real token=':' (id=25) ✓ | position[-1] token=':' (id=25) ✓
  Sample 2: last real token=':' (id=25) ✓ | position[-1] token=':' (id=25) ✓

[3] Logit spread over label tokens (first batch)
  'CORRECT_ALL': mean=19.453  std=3.148  min=14.938  max=22.125
  'CORRECT_SUBSET': mean=9.523  std=3.842  min=5.812  max=13.625
  'NO_INTERPRETATION': mean=9.680  std=1.855  min=7.406  max=11.562
  'INCORRECT_INTERPRETATION': mean=14.453  std=1.361  min=13.250  max=16.375
  Max-min spread per sample: mean=10.742  min=4.188  max=15.406
  (Spread near 0 → model not differentiating labels; large spread → confident predictions)

[4] Prediction vs. true label distribution
  Label                            True %   Pred %
  ------------------------------ -------- --------
  CORRECT_ALL                       62.5%    70.0%
  CORRECT_SUBSET                    10.0%     2.5%
  NO_INTERPRETATION                  2.5%     0.0%
  INCORRECT_INTERPRETATION          25.0%    27.5%

[Classification report — Epoch 27]
                          precision    recall  f1-score   support

             CORRECT_ALL       0.71      0.80      0.75        25
          CORRECT_SUBSET       0.00      0.00      0.00         4
       NO_INTERPRETATION       0.00      0.00      0.00         1
INCORRECT_INTERPRETATION       0.36      0.40      0.38        10

                accuracy                           0.60        40
               macro avg       0.27      0.30      0.28        40
            weighted avg       0.54      0.60      0.57        40

------------------------------------------------------------

Epoch 28/50:   0%|          | 0/40 [00:00<?, ?it/s]
Epoch 28/50:   2%|▎         | 1/40 [00:02<01:50,  2.84s/it]
Epoch 28/50:   5%|▌         | 2/40 [00:05<01:36,  2.54s/it]
Epoch 28/50:   8%|▊         | 3/40 [00:08<01:39,  2.68s/it]
Epoch 28/50:  10%|█         | 4/40 [00:10<01:31,  2.54s/it]
Epoch 28/50:  12%|█▎        | 5/40 [00:12<01:26,  2.47s/it]
Epoch 28/50:  15%|█▌        | 6/40 [00:15<01:28,  2.60s/it]
Epoch 28/50:  18%|█▊        | 7/40 [00:17<01:22,  2.51s/it]
Epoch 28/50:  20%|██        | 8/40 [00:20<01:23,  2.62s/it]
Epoch 28/50:  22%|██▎       | 9/40 [00:23<01:23,  2.68s/it]
Epoch 28/50:  25%|██▌       | 10/40 [00:26<01:21,  2.73s/it]
Epoch 28/50:  28%|██▊       | 11/40 [00:29<01:20,  2.77s/it]
Epoch 28/50:  30%|███       | 12/40 [00:32<01:18,  2.79s/it]
Epoch 28/50:  32%|███▎      | 13/40 [00:34<01:15,  2.80s/it]
Epoch 28/50:  35%|███▌      | 14/40 [00:37<01:13,  2.81s/it]
Epoch 28/50:  38%|███▊      | 15/40 [00:40<01:06,  2.67s/it]
Epoch 28/50:  40%|████      | 16/40 [00:42<01:01,  2.57s/it]
Epoch 28/50:  42%|████▎     | 17/40 [00:44<00:57,  2.50s/it]
Epoch 28/50:  45%|████▌     | 18/40 [00:47<00:57,  2.60s/it]
Epoch 28/50:  48%|████▊     | 19/40 [00:50<00:56,  2.67s/it]
Epoch 28/50:  50%|█████     | 20/40 [00:53<00:54,  2.72s/it]
Epoch 28/50:  52%|█████▎    | 21/40 [00:56<00:52,  2.76s/it]
Epoch 28/50:  55%|█████▌    | 22/40 [00:58<00:50,  2.78s/it]
Epoch 28/50:  57%|█████▊    | 23/40 [01:01<00:47,  2.80s/it]
Epoch 28/50:  60%|██████    | 24/40 [01:04<00:44,  2.81s/it]
Epoch 28/50:  62%|██████▎   | 25/40 [01:07<00:42,  2.82s/it]
Epoch 28/50:  65%|██████▌   | 26/40 [01:10<00:39,  2.83s/it]
Epoch 28/50:  68%|██████▊   | 27/40 [01:12<00:34,  2.68s/it]
Epoch 28/50:  70%|███████   | 28/40 [01:14<00:30,  2.57s/it]
Epoch 28/50:  72%|███████▎  | 29/40 [01:17<00:27,  2.50s/it]
Epoch 28/50:  75%|███████▌  | 30/40 [01:19<00:24,  2.45s/it]
Epoch 28/50:  78%|███████▊  | 31/40 [01:22<00:23,  2.57s/it]
Epoch 28/50:  80%|████████  | 32/40 [01:25<00:21,  2.65s/it]
Epoch 28/50:  82%|████████▎ | 33/40 [01:28<00:18,  2.71s/it]
Epoch 28/50:  85%|████████▌ | 34/40 [01:31<00:16,  2.75s/it]
Epoch 28/50:  88%|████████▊ | 35/40 [01:33<00:13,  2.77s/it]
Epoch 28/50:  90%|█████████ | 36/40 [01:36<00:11,  2.79s/it]
Epoch 28/50:  92%|█████████▎| 37/40 [01:39<00:08,  2.81s/it]
Epoch 28/50:  95%|█████████▌| 38/40 [01:42<00:05,  2.82s/it]
Epoch 28/50:  98%|█████████▊| 39/40 [01:45<00:02,  2.82s/it]
Epoch 28/50: 100%|██████████| 40/40 [01:46<00:00,  2.51s/it]
Epoch 28/50: 100%|██████████| 40/40 [01:46<00:00,  2.67s/it]

Epoch 28 — avg train loss: 0.0272

[Train classification report — Epoch 28]
                          precision    recall  f1-score   support

             CORRECT_ALL       0.79      0.98      0.88       102
          CORRECT_SUBSET       1.00      0.29      0.45        17
       NO_INTERPRETATION       1.00      0.50      0.67         2
INCORRECT_INTERPRETATION       0.63      0.45      0.52        38

                accuracy                           0.77       159
               macro avg       0.86      0.56      0.63       159
            weighted avg       0.78      0.77      0.74       159


------------------------------------------------------------
DIAGNOSTIC — Epoch 28 | Task: modeling_comprehension
------------------------------------------------------------

[1] Label token ID check
  'CORRECT_ALL' → token_id=128256 → decoded='CORRECT_ALL'
  'CORRECT_SUBSET' → token_id=128257 → decoded='CORRECT_SUBSET'
  'NO_INTERPRETATION' → token_id=128258 → decoded='NO_INTERPRETATION'
  'INCORRECT_INTERPRETATION' → token_id=128259 → decoded='INCORRECT_INTERPRETATION'
  ✓ All label token IDs are unique.

[2] Last-token identity (first 3 val samples)

Diag-val epoch 28:   0%|          | 0/10 [00:00<?, ?it/s]
Diag-val epoch 28:  10%|█         | 1/10 [00:00<00:06,  1.37it/s]
Diag-val epoch 28:  20%|██        | 2/10 [00:01<00:05,  1.36it/s]
Diag-val epoch 28:  30%|███       | 3/10 [00:02<00:05,  1.36it/s]
Diag-val epoch 28:  40%|████      | 4/10 [00:02<00:04,  1.36it/s]
Diag-val epoch 28:  50%|█████     | 5/10 [00:03<00:03,  1.39it/s]
Diag-val epoch 28:  60%|██████    | 6/10 [00:04<00:02,  1.38it/s]
Diag-val epoch 28:  70%|███████   | 7/10 [00:05<00:02,  1.37it/s]
Diag-val epoch 28:  80%|████████  | 8/10 [00:05<00:01,  1.39it/s]
Diag-val epoch 28:  90%|█████████ | 9/10 [00:06<00:00,  1.38it/s]
Diag-val epoch 28: 100%|██████████| 10/10 [00:07<00:00,  1.37it/s]
Diag-val epoch 28: 100%|██████████| 10/10 [00:07<00:00,  1.37it/s]
  Sample 0: last real token=':' (id=25) ✓ | position[-1] token=':' (id=25) ✓
  Sample 1: last real token=':' (id=25) ✓ | position[-1] token=':' (id=25) ✓
  Sample 2: last real token=':' (id=25) ✓ | position[-1] token=':' (id=25) ✓

[3] Logit spread over label tokens (first batch)
  'CORRECT_ALL': mean=19.688  std=3.163  min=15.250  max=22.250
  'CORRECT_SUBSET': mean=9.391  std=3.877  min=5.594  max=13.625
  'NO_INTERPRETATION': mean=9.719  std=1.956  min=7.375  max=11.875
  'INCORRECT_INTERPRETATION': mean=14.609  std=1.476  min=13.375  max=16.750
  Max-min spread per sample: mean=11.047  min=4.625  max=15.594
  (Spread near 0 → model not differentiating labels; large spread → confident predictions)

[4] Prediction vs. true label distribution
  Label                            True %   Pred %
  ------------------------------ -------- --------
  CORRECT_ALL                       62.5%    72.5%
  CORRECT_SUBSET                    10.0%     5.0%
  NO_INTERPRETATION                  2.5%     0.0%
  INCORRECT_INTERPRETATION          25.0%    22.5%

[Classification report — Epoch 28]
                          precision    recall  f1-score   support

             CORRECT_ALL       0.72      0.84      0.78        25
          CORRECT_SUBSET       0.50      0.25      0.33         4
       NO_INTERPRETATION       0.00      0.00      0.00         1
INCORRECT_INTERPRETATION       0.33      0.30      0.32        10

                accuracy                           0.62        40
               macro avg       0.39      0.35      0.36        40
            weighted avg       0.59      0.62      0.60        40

------------------------------------------------------------

Epoch 29/50:   0%|          | 0/40 [00:00<?, ?it/s]
Epoch 29/50:   2%|▎         | 1/40 [00:02<01:51,  2.85s/it]
Epoch 29/50:   5%|▌         | 2/40 [00:05<01:48,  2.85s/it]
Epoch 29/50:   8%|▊         | 3/40 [00:08<01:36,  2.61s/it]
Epoch 29/50:  10%|█         | 4/40 [00:10<01:37,  2.70s/it]
Epoch 29/50:  12%|█▎        | 5/40 [00:13<01:36,  2.75s/it]
Epoch 29/50:  15%|█▌        | 6/40 [00:16<01:34,  2.78s/it]
Epoch 29/50:  18%|█▊        | 7/40 [00:19<01:32,  2.80s/it]
Epoch 29/50:  20%|██        | 8/40 [00:22<01:30,  2.81s/it]
Epoch 29/50:  22%|██▎       | 9/40 [00:24<01:22,  2.66s/it]
Epoch 29/50:  25%|██▌       | 10/40 [00:26<01:16,  2.56s/it]
Epoch 29/50:  28%|██▊       | 11/40 [00:29<01:16,  2.65s/it]
Epoch 29/50:  30%|███       | 12/40 [00:32<01:15,  2.71s/it]
Epoch 29/50:  32%|███▎      | 13/40 [00:35<01:14,  2.75s/it]
Epoch 29/50:  35%|███▌      | 14/40 [00:37<01:08,  2.62s/it]
Epoch 29/50:  38%|███▊      | 15/40 [00:40<01:07,  2.69s/it]
Epoch 29/50:  40%|████      | 16/40 [00:42<01:01,  2.58s/it]
Epoch 29/50:  42%|████▎     | 17/40 [00:45<01:01,  2.66s/it]
Epoch 29/50:  45%|████▌     | 18/40 [00:48<00:59,  2.71s/it]
Epoch 29/50:  48%|████▊     | 19/40 [00:50<00:54,  2.60s/it]
Epoch 29/50:  50%|█████     | 20/40 [00:53<00:53,  2.67s/it]
Epoch 29/50:  52%|█████▎    | 21/40 [00:56<00:51,  2.72s/it]
Epoch 29/50:  55%|█████▌    | 22/40 [00:59<00:49,  2.76s/it]
Epoch 29/50:  57%|█████▊    | 23/40 [01:02<00:47,  2.78s/it]
Epoch 29/50:  60%|██████    | 24/40 [01:05<00:44,  2.80s/it]
Epoch 29/50:  62%|██████▎   | 25/40 [01:07<00:42,  2.81s/it]
Epoch 29/50:  65%|██████▌   | 26/40 [01:10<00:39,  2.82s/it]
Epoch 29/50:  68%|██████▊   | 27/40 [01:13<00:34,  2.67s/it]
Epoch 29/50:  70%|███████   | 28/40 [01:15<00:32,  2.72s/it]
Epoch 29/50:  72%|███████▎  | 29/40 [01:18<00:30,  2.76s/it]
Epoch 29/50:  75%|███████▌  | 30/40 [01:21<00:26,  2.63s/it]
Epoch 29/50:  78%|███████▊  | 31/40 [01:24<00:24,  2.69s/it]
Epoch 29/50:  80%|████████  | 32/40 [01:26<00:20,  2.59s/it]
Epoch 29/50:  82%|████████▎ | 33/40 [01:28<00:17,  2.51s/it]
Epoch 29/50:  85%|████████▌ | 34/40 [01:31<00:14,  2.46s/it]
Epoch 29/50:  88%|████████▊ | 35/40 [01:33<00:12,  2.42s/it]
Epoch 29/50:  90%|█████████ | 36/40 [01:36<00:10,  2.55s/it]
Epoch 29/50:  92%|█████████▎| 37/40 [01:38<00:07,  2.48s/it]
Epoch 29/50:  95%|█████████▌| 38/40 [01:41<00:05,  2.59s/it]
Epoch 29/50:  98%|█████████▊| 39/40 [01:44<00:02,  2.66s/it]
Epoch 29/50: 100%|██████████| 40/40 [01:45<00:00,  2.40s/it]
Epoch 29/50: 100%|██████████| 40/40 [01:45<00:00,  2.65s/it]

Epoch 29 — avg train loss: 0.0125

[Train classification report — Epoch 29]
                          precision    recall  f1-score   support

             CORRECT_ALL       0.81      0.98      0.88       102
          CORRECT_SUBSET       1.00      0.24      0.38        17
       NO_INTERPRETATION       1.00      0.50      0.67         2
INCORRECT_INTERPRETATION       0.63      0.50      0.56        38

                accuracy                           0.78       159
               macro avg       0.86      0.55      0.62       159
            weighted avg       0.79      0.78      0.75       159


------------------------------------------------------------
DIAGNOSTIC — Epoch 29 | Task: modeling_comprehension
------------------------------------------------------------

[1] Label token ID check
  'CORRECT_ALL' → token_id=128256 → decoded='CORRECT_ALL'
  'CORRECT_SUBSET' → token_id=128257 → decoded='CORRECT_SUBSET'
  'NO_INTERPRETATION' → token_id=128258 → decoded='NO_INTERPRETATION'
  'INCORRECT_INTERPRETATION' → token_id=128259 → decoded='INCORRECT_INTERPRETATION'
  ✓ All label token IDs are unique.

[2] Last-token identity (first 3 val samples)

Diag-val epoch 29:   0%|          | 0/10 [00:00<?, ?it/s]
Diag-val epoch 29:  10%|█         | 1/10 [00:00<00:06,  1.37it/s]
Diag-val epoch 29:  20%|██        | 2/10 [00:01<00:05,  1.36it/s]
Diag-val epoch 29:  30%|███       | 3/10 [00:02<00:05,  1.36it/s]
Diag-val epoch 29:  40%|████      | 4/10 [00:02<00:04,  1.35it/s]
Diag-val epoch 29:  50%|█████     | 5/10 [00:03<00:03,  1.38it/s]
Diag-val epoch 29:  60%|██████    | 6/10 [00:04<00:02,  1.37it/s]
Diag-val epoch 29:  70%|███████   | 7/10 [00:05<00:02,  1.37it/s]
Diag-val epoch 29:  80%|████████  | 8/10 [00:05<00:01,  1.39it/s]
Diag-val epoch 29:  90%|█████████ | 9/10 [00:06<00:00,  1.38it/s]
Diag-val epoch 29: 100%|██████████| 10/10 [00:07<00:00,  1.37it/s]
Diag-val epoch 29: 100%|██████████| 10/10 [00:07<00:00,  1.37it/s]
  Sample 0: last real token=':' (id=25) ✓ | position[-1] token=':' (id=25) ✓
  Sample 1: last real token=':' (id=25) ✓ | position[-1] token=':' (id=25) ✓
  Sample 2: last real token=':' (id=25) ✓ | position[-1] token=':' (id=25) ✓

[3] Logit spread over label tokens (first batch)
  'CORRECT_ALL': mean=18.359  std=3.903  min=12.812  max=21.875
  'CORRECT_SUBSET': mean=9.391  std=3.869  min=5.688  max=13.125
  'NO_INTERPRETATION': mean=10.172  std=1.850  min=7.938  max=12.250
  'INCORRECT_INTERPRETATION': mean=15.844  std=1.519  min=14.000  max=17.375
  Max-min spread per sample: mean=10.141  min=4.312  max=15.438
  (Spread near 0 → model not differentiating labels; large spread → confident predictions)

[4] Prediction vs. true label distribution
  Label                            True %   Pred %
  ------------------------------ -------- --------
  CORRECT_ALL                       62.5%    60.0%
  CORRECT_SUBSET                    10.0%    10.0%
  NO_INTERPRETATION                  2.5%     0.0%
  INCORRECT_INTERPRETATION          25.0%    30.0%

[Classification report — Epoch 29]
                          precision    recall  f1-score   support

             CORRECT_ALL       0.79      0.76      0.78        25
          CORRECT_SUBSET       0.50      0.50      0.50         4
       NO_INTERPRETATION       0.00      0.00      0.00         1
INCORRECT_INTERPRETATION       0.42      0.50      0.45        10

                accuracy                           0.65        40
               macro avg       0.43      0.44      0.43        40
            weighted avg       0.65      0.65      0.65        40

------------------------------------------------------------

Epoch 30/50:   0%|          | 0/40 [00:00<?, ?it/s]
Epoch 30/50:   2%|▎         | 1/40 [00:02<01:50,  2.84s/it]
Epoch 30/50:   5%|▌         | 2/40 [00:05<01:36,  2.54s/it]
Epoch 30/50:   8%|▊         | 3/40 [00:08<01:39,  2.68s/it]
Epoch 30/50:  10%|█         | 4/40 [00:10<01:38,  2.74s/it]
Epoch 30/50:  12%|█▎        | 5/40 [00:13<01:37,  2.78s/it]
Epoch 30/50:  15%|█▌        | 6/40 [00:16<01:35,  2.80s/it]
Epoch 30/50:  18%|█▊        | 7/40 [00:19<01:32,  2.81s/it]
Epoch 30/50:  20%|██        | 8/40 [00:21<01:25,  2.66s/it]
Epoch 30/50:  22%|██▎       | 9/40 [00:24<01:24,  2.72s/it]
Epoch 30/50:  25%|██▌       | 10/40 [00:27<01:22,  2.76s/it]
Epoch 30/50:  28%|██▊       | 11/40 [00:29<01:16,  2.63s/it]
Epoch 30/50:  30%|███       | 12/40 [00:32<01:15,  2.69s/it]
Epoch 30/50:  32%|███▎      | 13/40 [00:34<01:09,  2.58s/it]
Epoch 30/50:  35%|███▌      | 14/40 [00:37<01:05,  2.51s/it]
Epoch 30/50:  38%|███▊      | 15/40 [00:40<01:05,  2.61s/it]
Epoch 30/50:  40%|████      | 16/40 [00:42<01:00,  2.52s/it]
Epoch 30/50:  42%|████▎     | 17/40 [00:45<01:00,  2.62s/it]
Epoch 30/50:  45%|████▌     | 18/40 [00:47<00:55,  2.53s/it]
Epoch 30/50:  48%|████▊     | 19/40 [00:49<00:51,  2.47s/it]
Epoch 30/50:  50%|█████     | 20/40 [00:52<00:51,  2.58s/it]
Epoch 30/50:  52%|█████▎    | 21/40 [00:55<00:47,  2.51s/it]
Epoch 30/50:  55%|█████▌    | 22/40 [00:57<00:46,  2.61s/it]
Epoch 30/50:  57%|█████▊    | 23/40 [01:00<00:45,  2.68s/it]
Epoch 30/50:  60%|██████    | 24/40 [01:03<00:41,  2.57s/it]
Epoch 30/50:  62%|██████▎   | 25/40 [01:05<00:37,  2.50s/it]
Epoch 30/50:  65%|██████▌   | 26/40 [01:08<00:36,  2.60s/it]
Epoch 30/50:  68%|██████▊   | 27/40 [01:11<00:34,  2.68s/it]
Epoch 30/50:  70%|███████   | 28/40 [01:13<00:32,  2.73s/it]
Epoch 30/50:  72%|███████▎  | 29/40 [01:16<00:30,  2.76s/it]
Epoch 30/50:  75%|███████▌  | 30/40 [01:19<00:26,  2.63s/it]
Epoch 30/50:  78%|███████▊  | 31/40 [01:21<00:22,  2.54s/it]
Epoch 30/50:  80%|████████  | 32/40 [01:23<00:19,  2.48s/it]
Epoch 30/50:  82%|████████▎ | 33/40 [01:26<00:18,  2.59s/it]
Epoch 30/50:  85%|████████▌ | 34/40 [01:29<00:15,  2.66s/it]
Epoch 30/50:  88%|████████▊ | 35/40 [01:31<00:12,  2.57s/it]
Epoch 30/50:  90%|█████████ | 36/40 [01:34<00:09,  2.50s/it]
Epoch 30/50:  92%|█████████▎| 37/40 [01:36<00:07,  2.60s/it]
Epoch 30/50:  95%|█████████▌| 38/40 [01:39<00:05,  2.67s/it]
Epoch 30/50:  98%|█████████▊| 39/40 [01:42<00:02,  2.57s/it]
Epoch 30/50: 100%|██████████| 40/40 [01:43<00:00,  2.33s/it]
Epoch 30/50: 100%|██████████| 40/40 [01:43<00:00,  2.60s/it]

Epoch 30 — avg train loss: 0.0100

[Train classification report — Epoch 30]
                          precision    recall  f1-score   support

             CORRECT_ALL       0.81      0.98      0.89       102
          CORRECT_SUBSET       1.00      0.29      0.45        17
       NO_INTERPRETATION       1.00      0.50      0.67         2
INCORRECT_INTERPRETATION       0.67      0.53      0.59        38

                accuracy                           0.79       159
               macro avg       0.87      0.58      0.65       159
            weighted avg       0.80      0.79      0.77       159


------------------------------------------------------------
DIAGNOSTIC — Epoch 30 | Task: modeling_comprehension
------------------------------------------------------------

[1] Label token ID check
  'CORRECT_ALL' → token_id=128256 → decoded='CORRECT_ALL'
  'CORRECT_SUBSET' → token_id=128257 → decoded='CORRECT_SUBSET'
  'NO_INTERPRETATION' → token_id=128258 → decoded='NO_INTERPRETATION'
  'INCORRECT_INTERPRETATION' → token_id=128259 → decoded='INCORRECT_INTERPRETATION'
  ✓ All label token IDs are unique.

[2] Last-token identity (first 3 val samples)

Diag-val epoch 30:   0%|          | 0/10 [00:00<?, ?it/s]
Diag-val epoch 30:  10%|█         | 1/10 [00:00<00:06,  1.37it/s]
Diag-val epoch 30:  20%|██        | 2/10 [00:01<00:05,  1.36it/s]
Diag-val epoch 30:  30%|███       | 3/10 [00:02<00:05,  1.36it/s]
Diag-val epoch 30:  40%|████      | 4/10 [00:02<00:04,  1.36it/s]
Diag-val epoch 30:  50%|█████     | 5/10 [00:03<00:03,  1.39it/s]
Diag-val epoch 30:  60%|██████    | 6/10 [00:04<00:02,  1.37it/s]
Diag-val epoch 30:  70%|███████   | 7/10 [00:05<00:02,  1.37it/s]
Diag-val epoch 30:  80%|████████  | 8/10 [00:05<00:01,  1.39it/s]
Diag-val epoch 30:  90%|█████████ | 9/10 [00:06<00:00,  1.38it/s]
Diag-val epoch 30: 100%|██████████| 10/10 [00:07<00:00,  1.37it/s]
Diag-val epoch 30: 100%|██████████| 10/10 [00:07<00:00,  1.37it/s]
  Sample 0: last real token=':' (id=25) ✓ | position[-1] token=':' (id=25) ✓
  Sample 1: last real token=':' (id=25) ✓ | position[-1] token=':' (id=25) ✓
  Sample 2: last real token=':' (id=25) ✓ | position[-1] token=':' (id=25) ✓

[3] Logit spread over label tokens (first batch)
  'CORRECT_ALL': mean=19.969  std=2.913  min=16.000  max=22.500
  'CORRECT_SUBSET': mean=9.086  std=3.836  min=5.156  max=13.562
  'NO_INTERPRETATION': mean=9.484  std=1.963  min=7.125  max=11.688
  'INCORRECT_INTERPRETATION': mean=14.531  std=1.435  min=13.062  max=16.500
  Max-min spread per sample: mean=11.695  min=5.688  max=15.750
  (Spread near 0 → model not differentiating labels; large spread → confident predictions)

[4] Prediction vs. true label distribution
  Label                            True %   Pred %
  ------------------------------ -------- --------
  CORRECT_ALL                       62.5%    72.5%
  CORRECT_SUBSET                    10.0%     2.5%
  NO_INTERPRETATION                  2.5%     0.0%
  INCORRECT_INTERPRETATION          25.0%    25.0%

[Classification report — Epoch 30]
                          precision    recall  f1-score   support

             CORRECT_ALL       0.72      0.84      0.78        25
          CORRECT_SUBSET       0.00      0.00      0.00         4
       NO_INTERPRETATION       0.00      0.00      0.00         1
INCORRECT_INTERPRETATION       0.40      0.40      0.40        10

                accuracy                           0.62        40
               macro avg       0.28      0.31      0.29        40
            weighted avg       0.55      0.62      0.59        40

------------------------------------------------------------

Epoch 31/50:   0%|          | 0/40 [00:00<?, ?it/s]
Epoch 31/50:   2%|▎         | 1/40 [00:02<01:50,  2.84s/it]
Epoch 31/50:   5%|▌         | 2/40 [00:05<01:47,  2.84s/it]
Epoch 31/50:   8%|▊         | 3/40 [00:08<01:44,  2.84s/it]
Epoch 31/50:  10%|█         | 4/40 [00:11<01:42,  2.84s/it]
Epoch 31/50:  12%|█▎        | 5/40 [00:14<01:39,  2.84s/it]
Epoch 31/50:  15%|█▌        | 6/40 [00:17<01:36,  2.84s/it]
Epoch 31/50:  18%|█▊        | 7/40 [00:19<01:28,  2.68s/it]
Epoch 31/50:  20%|██        | 8/40 [00:22<01:27,  2.73s/it]
Epoch 31/50:  22%|██▎       | 9/40 [00:25<01:25,  2.76s/it]
Epoch 31/50:  25%|██▌       | 10/40 [00:27<01:23,  2.79s/it]
Epoch 31/50:  28%|██▊       | 11/40 [00:30<01:21,  2.80s/it]
Epoch 31/50:  30%|███       | 12/40 [00:33<01:14,  2.66s/it]
Epoch 31/50:  32%|███▎      | 13/40 [00:35<01:13,  2.72s/it]
Epoch 31/50:  35%|███▌      | 14/40 [00:38<01:07,  2.60s/it]
Epoch 31/50:  38%|███▊      | 15/40 [00:41<01:06,  2.67s/it]
Epoch 31/50:  40%|████      | 16/40 [00:43<01:05,  2.73s/it]
Epoch 31/50:  42%|████▎     | 17/40 [00:46<01:03,  2.76s/it]
Epoch 31/50:  45%|████▌     | 18/40 [00:49<00:57,  2.63s/it]
Epoch 31/50:  48%|████▊     | 19/40 [00:51<00:56,  2.69s/it]
Epoch 31/50:  50%|█████     | 20/40 [00:54<00:51,  2.58s/it]
Epoch 31/50:  52%|█████▎    | 21/40 [00:56<00:47,  2.51s/it]
Epoch 31/50:  55%|█████▌    | 22/40 [00:59<00:46,  2.61s/it]
Epoch 31/50:  57%|█████▊    | 23/40 [01:01<00:42,  2.53s/it]
Epoch 31/50:  60%|██████    | 24/40 [01:04<00:39,  2.47s/it]
Epoch 31/50:  62%|██████▎   | 25/40 [01:06<00:38,  2.58s/it]
Epoch 31/50:  65%|██████▌   | 26/40 [01:09<00:35,  2.51s/it]
Epoch 31/50:  68%|██████▊   | 27/40 [01:12<00:33,  2.61s/it]
Epoch 31/50:  70%|███████   | 28/40 [01:14<00:32,  2.68s/it]
Epoch 31/50:  72%|███████▎  | 29/40 [01:17<00:29,  2.73s/it]
Epoch 31/50:  75%|███████▌  | 30/40 [01:20<00:27,  2.76s/it]
Epoch 31/50:  78%|███████▊  | 31/40 [01:22<00:23,  2.63s/it]
Epoch 31/50:  80%|████████  | 32/40 [01:25<00:21,  2.70s/it]
Epoch 31/50:  82%|████████▎ | 33/40 [01:28<00:19,  2.74s/it]
Epoch 31/50:  85%|████████▌ | 34/40 [01:31<00:15,  2.62s/it]
Epoch 31/50:  88%|████████▊ | 35/40 [01:33<00:12,  2.53s/it]
Epoch 31/50:  90%|█████████ | 36/40 [01:35<00:09,  2.47s/it]
Epoch 31/50:  92%|█████████▎| 37/40 [01:38<00:07,  2.43s/it]
Epoch 31/50:  95%|█████████▌| 38/40 [01:40<00:05,  2.56s/it]
Epoch 31/50:  98%|█████████▊| 39/40 [01:43<00:02,  2.64s/it]
Epoch 31/50: 100%|██████████| 40/40 [01:45<00:00,  2.38s/it]
Epoch 31/50: 100%|██████████| 40/40 [01:45<00:00,  2.64s/it]

Epoch 31 — avg train loss: 0.0075

[Train classification report — Epoch 31]
                          precision    recall  f1-score   support

             CORRECT_ALL       0.80      0.98      0.88       102
          CORRECT_SUBSET       1.00      0.29      0.45        17
       NO_INTERPRETATION       1.00      0.50      0.67         2
INCORRECT_INTERPRETATION       0.64      0.47      0.55        38

                accuracy                           0.78       159
               macro avg       0.86      0.56      0.64       159
            weighted avg       0.79      0.78      0.75       159


------------------------------------------------------------
DIAGNOSTIC — Epoch 31 | Task: modeling_comprehension
------------------------------------------------------------

[1] Label token ID check
  'CORRECT_ALL' → token_id=128256 → decoded='CORRECT_ALL'
  'CORRECT_SUBSET' → token_id=128257 → decoded='CORRECT_SUBSET'
  'NO_INTERPRETATION' → token_id=128258 → decoded='NO_INTERPRETATION'
  'INCORRECT_INTERPRETATION' → token_id=128259 → decoded='INCORRECT_INTERPRETATION'
  ✓ All label token IDs are unique.

[2] Last-token identity (first 3 val samples)

Diag-val epoch 31:   0%|          | 0/10 [00:00<?, ?it/s]
Diag-val epoch 31:  10%|█         | 1/10 [00:00<00:06,  1.37it/s]
Diag-val epoch 31:  20%|██        | 2/10 [00:01<00:05,  1.36it/s]
Diag-val epoch 31:  30%|███       | 3/10 [00:02<00:05,  1.36it/s]
Diag-val epoch 31:  40%|████      | 4/10 [00:02<00:04,  1.36it/s]
Diag-val epoch 31:  50%|█████     | 5/10 [00:03<00:03,  1.39it/s]
Diag-val epoch 31:  60%|██████    | 6/10 [00:04<00:02,  1.37it/s]
Diag-val epoch 31:  70%|███████   | 7/10 [00:05<00:02,  1.37it/s]
Diag-val epoch 31:  80%|████████  | 8/10 [00:05<00:01,  1.39it/s]
Diag-val epoch 31:  90%|█████████ | 9/10 [00:06<00:00,  1.38it/s]
Diag-val epoch 31: 100%|██████████| 10/10 [00:07<00:00,  1.37it/s]
Diag-val epoch 31: 100%|██████████| 10/10 [00:07<00:00,  1.37it/s]
  Sample 0: last real token=':' (id=25) ✓ | position[-1] token=':' (id=25) ✓
  Sample 1: last real token=':' (id=25) ✓ | position[-1] token=':' (id=25) ✓
  Sample 2: last real token=':' (id=25) ✓ | position[-1] token=':' (id=25) ✓

[3] Logit spread over label tokens (first batch)
  'CORRECT_ALL': mean=18.672  std=3.734  min=13.438  max=22.000
  'CORRECT_SUBSET': mean=9.438  std=3.946  min=5.562  max=13.625
  'NO_INTERPRETATION': mean=9.898  std=2.029  min=7.406  max=12.000
  'INCORRECT_INTERPRETATION': mean=15.203  std=1.579  min=13.500  max=17.250
  Max-min spread per sample: mean=10.188  min=3.625  max=15.375
  (Spread near 0 → model not differentiating labels; large spread → confident predictions)

[4] Prediction vs. true label distribution
  Label                            True %   Pred %
  ------------------------------ -------- --------
  CORRECT_ALL                       62.5%    65.0%
  CORRECT_SUBSET                    10.0%     5.0%
  NO_INTERPRETATION                  2.5%     0.0%
  INCORRECT_INTERPRETATION          25.0%    30.0%

[Classification report — Epoch 31]
                          precision    recall  f1-score   support

             CORRECT_ALL       0.77      0.80      0.78        25
          CORRECT_SUBSET       0.50      0.25      0.33         4
       NO_INTERPRETATION       0.00      0.00      0.00         1
INCORRECT_INTERPRETATION       0.42      0.50      0.45        10

                accuracy                           0.65        40
               macro avg       0.42      0.39      0.39        40
            weighted avg       0.63      0.65      0.64        40

------------------------------------------------------------

Epoch 32/50:   0%|          | 0/40 [00:00<?, ?it/s]
Epoch 32/50:   2%|▎         | 1/40 [00:02<01:50,  2.84s/it]
Epoch 32/50:   5%|▌         | 2/40 [00:05<01:48,  2.84s/it]
Epoch 32/50:   8%|▊         | 3/40 [00:08<01:45,  2.84s/it]
Epoch 32/50:  10%|█         | 4/40 [00:11<01:42,  2.84s/it]
Epoch 32/50:  12%|█▎        | 5/40 [00:13<01:33,  2.66s/it]
Epoch 32/50:  15%|█▌        | 6/40 [00:16<01:32,  2.72s/it]
Epoch 32/50:  18%|█▊        | 7/40 [00:19<01:30,  2.75s/it]
Epoch 32/50:  20%|██        | 8/40 [00:22<01:29,  2.78s/it]
Epoch 32/50:  22%|██▎       | 9/40 [00:25<01:26,  2.80s/it]
Epoch 32/50:  25%|██▌       | 10/40 [00:27<01:24,  2.81s/it]
Epoch 32/50:  28%|██▊       | 11/40 [00:30<01:17,  2.67s/it]
Epoch 32/50:  30%|███       | 12/40 [00:32<01:11,  2.57s/it]
Epoch 32/50:  32%|███▎      | 13/40 [00:35<01:11,  2.65s/it]
Epoch 32/50:  35%|███▌      | 14/40 [00:38<01:10,  2.71s/it]
Epoch 32/50:  38%|███▊      | 15/40 [00:41<01:08,  2.75s/it]
Epoch 32/50:  40%|████      | 16/40 [00:43<01:06,  2.77s/it]
Epoch 32/50:  42%|████▎     | 17/40 [00:46<01:04,  2.80s/it]
Epoch 32/50:  45%|████▌     | 18/40 [00:49<00:58,  2.66s/it]
Epoch 32/50:  48%|████▊     | 19/40 [00:51<00:56,  2.71s/it]
Epoch 32/50:  50%|█████     | 20/40 [00:54<00:55,  2.75s/it]
Epoch 32/50:  52%|█████▎    | 21/40 [00:57<00:52,  2.78s/it]
Epoch 32/50:  55%|█████▌    | 22/40 [00:59<00:47,  2.64s/it]
Epoch 32/50:  57%|█████▊    | 23/40 [01:02<00:45,  2.70s/it]
Epoch 32/50:  60%|██████    | 24/40 [01:05<00:41,  2.59s/it]
Epoch 32/50:  62%|██████▎   | 25/40 [01:07<00:40,  2.67s/it]
Epoch 32/50:  65%|██████▌   | 26/40 [01:10<00:38,  2.72s/it]
Epoch 32/50:  68%|██████▊   | 27/40 [01:13<00:33,  2.60s/it]
Epoch 32/50:  70%|███████   | 28/40 [01:15<00:32,  2.68s/it]
Epoch 32/50:  72%|███████▎  | 29/40 [01:18<00:28,  2.57s/it]
Epoch 32/50:  75%|███████▌  | 30/40 [01:21<00:26,  2.65s/it]
Epoch 32/50:  78%|███████▊  | 31/40 [01:23<00:24,  2.71s/it]
Epoch 32/50:  80%|████████  | 32/40 [01:26<00:21,  2.75s/it]
Epoch 32/50:  82%|████████▎ | 33/40 [01:29<00:18,  2.63s/it]
Epoch 32/50:  85%|████████▌ | 34/40 [01:31<00:15,  2.54s/it]
Epoch 32/50:  88%|████████▊ | 35/40 [01:34<00:13,  2.63s/it]
Epoch 32/50:  90%|█████████ | 36/40 [01:36<00:10,  2.54s/it]
Epoch 32/50:  92%|█████████▎| 37/40 [01:39<00:07,  2.63s/it]
Epoch 32/50:  95%|█████████▌| 38/40 [01:41<00:05,  2.54s/it]
Epoch 32/50:  98%|█████████▊| 39/40 [01:44<00:02,  2.48s/it]
Epoch 32/50: 100%|██████████| 40/40 [01:46<00:00,  2.39s/it]
Epoch 32/50: 100%|██████████| 40/40 [01:46<00:00,  2.66s/it]

Epoch 32 — avg train loss: 0.0054

[Train classification report — Epoch 32]
                          precision    recall  f1-score   support

             CORRECT_ALL       0.81      0.98      0.88       102
          CORRECT_SUBSET       1.00      0.29      0.45        17
       NO_INTERPRETATION       1.00      0.50      0.67         2
INCORRECT_INTERPRETATION       0.66      0.50      0.57        38

                accuracy                           0.79       159
               macro avg       0.87      0.57      0.64       159
            weighted avg       0.79      0.79      0.76       159


------------------------------------------------------------
DIAGNOSTIC — Epoch 32 | Task: modeling_comprehension
------------------------------------------------------------

[1] Label token ID check
  'CORRECT_ALL' → token_id=128256 → decoded='CORRECT_ALL'
  'CORRECT_SUBSET' → token_id=128257 → decoded='CORRECT_SUBSET'
  'NO_INTERPRETATION' → token_id=128258 → decoded='NO_INTERPRETATION'
  'INCORRECT_INTERPRETATION' → token_id=128259 → decoded='INCORRECT_INTERPRETATION'
  ✓ All label token IDs are unique.

[2] Last-token identity (first 3 val samples)

Diag-val epoch 32:   0%|          | 0/10 [00:00<?, ?it/s]
Diag-val epoch 32:  10%|█         | 1/10 [00:00<00:06,  1.37it/s]
Diag-val epoch 32:  20%|██        | 2/10 [00:01<00:05,  1.36it/s]
Diag-val epoch 32:  30%|███       | 3/10 [00:02<00:05,  1.36it/s]
Diag-val epoch 32:  40%|████      | 4/10 [00:02<00:04,  1.36it/s]
Diag-val epoch 32:  50%|█████     | 5/10 [00:03<00:03,  1.39it/s]
Diag-val epoch 32:  60%|██████    | 6/10 [00:04<00:02,  1.37it/s]
Diag-val epoch 32:  70%|███████   | 7/10 [00:05<00:02,  1.37it/s]
Diag-val epoch 32:  80%|████████  | 8/10 [00:05<00:01,  1.39it/s]
Diag-val epoch 32:  90%|█████████ | 9/10 [00:06<00:00,  1.38it/s]
Diag-val epoch 32: 100%|██████████| 10/10 [00:07<00:00,  1.37it/s]
Diag-val epoch 32: 100%|██████████| 10/10 [00:07<00:00,  1.37it/s]
  Sample 0: last real token=':' (id=25) ✓ | position[-1] token=':' (id=25) ✓
  Sample 1: last real token=':' (id=25) ✓ | position[-1] token=':' (id=25) ✓
  Sample 2: last real token=':' (id=25) ✓ | position[-1] token=':' (id=25) ✓

[3] Logit spread over label tokens (first batch)
  'CORRECT_ALL': mean=19.656  std=3.303  min=15.000  max=22.500
  'CORRECT_SUBSET': mean=8.992  std=3.720  min=4.969  max=13.062
  'NO_INTERPRETATION': mean=9.508  std=1.942  min=7.094  max=11.500
  'INCORRECT_INTERPRETATION': mean=15.281  std=1.598  min=12.938  max=16.500
  Max-min spread per sample: mean=11.539  min=5.438  max=15.625
  (Spread near 0 → model not differentiating labels; large spread → confident predictions)

[4] Prediction vs. true label distribution
  Label                            True %   Pred %
  ------------------------------ -------- --------
  CORRECT_ALL                       62.5%    67.5%
  CORRECT_SUBSET                    10.0%     2.5%
  NO_INTERPRETATION                  2.5%     0.0%
  INCORRECT_INTERPRETATION          25.0%    30.0%

[Classification report — Epoch 32]
                          precision    recall  f1-score   support

             CORRECT_ALL       0.74      0.80      0.77        25
          CORRECT_SUBSET       0.00      0.00      0.00         4
       NO_INTERPRETATION       0.00      0.00      0.00         1
INCORRECT_INTERPRETATION       0.42      0.50      0.45        10

                accuracy                           0.62        40
               macro avg       0.29      0.33      0.31        40
            weighted avg       0.57      0.62      0.59        40

------------------------------------------------------------

Epoch 33/50:   0%|          | 0/40 [00:00<?, ?it/s]
Epoch 33/50:   2%|▎         | 1/40 [00:02<01:31,  2.34s/it]
Epoch 33/50:   5%|▌         | 2/40 [00:05<01:40,  2.63s/it]
Epoch 33/50:   8%|▊         | 3/40 [00:08<01:40,  2.73s/it]
Epoch 33/50:  10%|█         | 4/40 [00:10<01:39,  2.77s/it]
Epoch 33/50:  12%|█▎        | 5/40 [00:13<01:37,  2.80s/it]
Epoch 33/50:  15%|█▌        | 6/40 [00:16<01:29,  2.64s/it]
Epoch 33/50:  18%|█▊        | 7/40 [00:18<01:29,  2.71s/it]
Epoch 33/50:  20%|██        | 8/40 [00:21<01:27,  2.75s/it]
Epoch 33/50:  22%|██▎       | 9/40 [00:24<01:26,  2.78s/it]
Epoch 33/50:  25%|██▌       | 10/40 [00:27<01:23,  2.80s/it]
Epoch 33/50:  28%|██▊       | 11/40 [00:30<01:21,  2.81s/it]
Epoch 33/50:  30%|███       | 12/40 [00:32<01:14,  2.67s/it]
Epoch 33/50:  32%|███▎      | 13/40 [00:34<01:09,  2.57s/it]
Epoch 33/50:  35%|███▌      | 14/40 [00:37<01:04,  2.50s/it]
Epoch 33/50:  38%|███▊      | 15/40 [00:40<01:05,  2.60s/it]
Epoch 33/50:  40%|████      | 16/40 [00:42<01:00,  2.52s/it]
Epoch 33/50:  42%|████▎     | 17/40 [00:45<01:00,  2.62s/it]
Epoch 33/50:  45%|████▌     | 18/40 [00:48<00:59,  2.69s/it]
Epoch 33/50:  48%|████▊     | 19/40 [00:50<00:57,  2.73s/it]
Epoch 33/50:  50%|█████     | 20/40 [00:53<00:55,  2.76s/it]
Epoch 33/50:  52%|█████▎    | 21/40 [00:56<00:50,  2.63s/it]
Epoch 33/50:  55%|█████▌    | 22/40 [00:58<00:48,  2.70s/it]
Epoch 33/50:  57%|█████▊    | 23/40 [01:01<00:43,  2.59s/it]
Epoch 33/50:  60%|██████    | 24/40 [01:03<00:40,  2.51s/it]
Epoch 33/50:  62%|██████▎   | 25/40 [01:06<00:39,  2.61s/it]
Epoch 33/50:  65%|██████▌   | 26/40 [01:09<00:37,  2.68s/it]
Epoch 33/50:  68%|██████▊   | 27/40 [01:11<00:33,  2.57s/it]
Epoch 33/50:  70%|███████   | 28/40 [01:14<00:31,  2.65s/it]
Epoch 33/50:  72%|███████▎  | 29/40 [01:17<00:29,  2.71s/it]
Epoch 33/50:  75%|███████▌  | 30/40 [01:20<00:27,  2.75s/it]
Epoch 33/50:  78%|███████▊  | 31/40 [01:22<00:24,  2.77s/it]
Epoch 33/50:  80%|████████  | 32/40 [01:25<00:22,  2.79s/it]
Epoch 33/50:  82%|████████▎ | 33/40 [01:28<00:19,  2.81s/it]
Epoch 33/50:  85%|████████▌ | 34/40 [01:31<00:16,  2.81s/it]
Epoch 33/50:  88%|████████▊ | 35/40 [01:34<00:14,  2.82s/it]
Epoch 33/50:  90%|█████████ | 36/40 [01:36<00:10,  2.68s/it]
Epoch 33/50:  92%|█████████▎| 37/40 [01:39<00:07,  2.57s/it]
Epoch 33/50:  95%|█████████▌| 38/40 [01:41<00:05,  2.65s/it]
Epoch 33/50:  98%|█████████▊| 39/40 [01:44<00:02,  2.56s/it]
Epoch 33/50: 100%|██████████| 40/40 [01:45<00:00,  2.32s/it]
Epoch 33/50: 100%|██████████| 40/40 [01:45<00:00,  2.65s/it]

Epoch 33 — avg train loss: 0.0031

[Train classification report — Epoch 33]
                          precision    recall  f1-score   support

             CORRECT_ALL       0.80      0.98      0.88       102
          CORRECT_SUBSET       1.00      0.29      0.45        17
       NO_INTERPRETATION       1.00      0.50      0.67         2
INCORRECT_INTERPRETATION       0.64      0.47      0.55        38

                accuracy                           0.78       159
               macro avg       0.86      0.56      0.64       159
            weighted avg       0.79      0.78      0.75       159


------------------------------------------------------------
DIAGNOSTIC — Epoch 33 | Task: modeling_comprehension
------------------------------------------------------------

[1] Label token ID check
  'CORRECT_ALL' → token_id=128256 → decoded='CORRECT_ALL'
  'CORRECT_SUBSET' → token_id=128257 → decoded='CORRECT_SUBSET'
  'NO_INTERPRETATION' → token_id=128258 → decoded='NO_INTERPRETATION'
  'INCORRECT_INTERPRETATION' → token_id=128259 → decoded='INCORRECT_INTERPRETATION'
  ✓ All label token IDs are unique.

[2] Last-token identity (first 3 val samples)

Diag-val epoch 33:   0%|          | 0/10 [00:00<?, ?it/s]
Diag-val epoch 33:  10%|█         | 1/10 [00:00<00:06,  1.37it/s]
Diag-val epoch 33:  20%|██        | 2/10 [00:01<00:05,  1.36it/s]
Diag-val epoch 33:  30%|███       | 3/10 [00:02<00:05,  1.36it/s]
Diag-val epoch 33:  40%|████      | 4/10 [00:02<00:04,  1.36it/s]
Diag-val epoch 33:  50%|█████     | 5/10 [00:03<00:03,  1.39it/s]
Diag-val epoch 33:  60%|██████    | 6/10 [00:04<00:02,  1.38it/s]
Diag-val epoch 33:  70%|███████   | 7/10 [00:05<00:02,  1.37it/s]
Diag-val epoch 33:  80%|████████  | 8/10 [00:05<00:01,  1.39it/s]
Diag-val epoch 33:  90%|█████████ | 9/10 [00:06<00:00,  1.38it/s]
Diag-val epoch 33: 100%|██████████| 10/10 [00:07<00:00,  1.37it/s]
Diag-val epoch 33: 100%|██████████| 10/10 [00:07<00:00,  1.37it/s]
  Sample 0: last real token=':' (id=25) ✓ | position[-1] token=':' (id=25) ✓
  Sample 1: last real token=':' (id=25) ✓ | position[-1] token=':' (id=25) ✓
  Sample 2: last real token=':' (id=25) ✓ | position[-1] token=':' (id=25) ✓

[3] Logit spread over label tokens (first batch)
  'CORRECT_ALL': mean=19.875  std=3.012  min=15.625  max=22.500
  'CORRECT_SUBSET': mean=9.047  std=4.019  min=5.000  max=13.625
  'NO_INTERPRETATION': mean=9.453  std=2.339  min=6.688  max=12.000
  'INCORRECT_INTERPRETATION': mean=13.812  std=1.281  min=12.625  max=15.625
  Max-min spread per sample: mean=11.578  min=5.000  max=16.062
  (Spread near 0 → model not differentiating labels; large spread → confident predictions)

[4] Prediction vs. true label distribution
  Label                            True %   Pred %
  ------------------------------ -------- --------
  CORRECT_ALL                       62.5%    80.0%
  CORRECT_SUBSET                    10.0%     2.5%
  NO_INTERPRETATION                  2.5%     0.0%
  INCORRECT_INTERPRETATION          25.0%    17.5%

[Classification report — Epoch 33]
                          precision    recall  f1-score   support

             CORRECT_ALL       0.72      0.92      0.81        25
          CORRECT_SUBSET       0.00      0.00      0.00         4
       NO_INTERPRETATION       0.00      0.00      0.00         1
INCORRECT_INTERPRETATION       0.43      0.30      0.35        10

                accuracy                           0.65        40
               macro avg       0.29      0.30      0.29        40
            weighted avg       0.56      0.65      0.59        40

------------------------------------------------------------

Epoch 34/50:   0%|          | 0/40 [00:00<?, ?it/s]
Epoch 34/50:   2%|▎         | 1/40 [00:02<01:51,  2.86s/it]
Epoch 34/50:   5%|▌         | 2/40 [00:05<01:48,  2.85s/it]
Epoch 34/50:   8%|▊         | 3/40 [00:08<01:45,  2.84s/it]
Epoch 34/50:  10%|█         | 4/40 [00:11<01:42,  2.84s/it]
Epoch 34/50:  12%|█▎        | 5/40 [00:13<01:33,  2.66s/it]
Epoch 34/50:  15%|█▌        | 6/40 [00:16<01:26,  2.55s/it]
Epoch 34/50:  18%|█▊        | 7/40 [00:18<01:21,  2.48s/it]
Epoch 34/50:  20%|██        | 8/40 [00:20<01:17,  2.43s/it]
Epoch 34/50:  22%|██▎       | 9/40 [00:23<01:19,  2.56s/it]
Epoch 34/50:  25%|██▌       | 10/40 [00:26<01:19,  2.65s/it]
Epoch 34/50:  28%|██▊       | 11/40 [00:28<01:13,  2.55s/it]
Epoch 34/50:  30%|███       | 12/40 [00:31<01:09,  2.48s/it]
Epoch 34/50:  32%|███▎      | 13/40 [00:33<01:05,  2.44s/it]
Epoch 34/50:  35%|███▌      | 14/40 [00:36<01:06,  2.56s/it]
Epoch 34/50:  38%|███▊      | 15/40 [00:39<01:06,  2.65s/it]
Epoch 34/50:  40%|████      | 16/40 [00:41<01:04,  2.70s/it]
Epoch 34/50:  42%|████▎     | 17/40 [00:44<01:03,  2.74s/it]
Epoch 34/50:  45%|████▌     | 18/40 [00:47<01:01,  2.77s/it]
Epoch 34/50:  48%|████▊     | 19/40 [00:50<00:58,  2.79s/it]
Epoch 34/50:  50%|█████     | 20/40 [00:52<00:53,  2.65s/it]
Epoch 34/50:  52%|█████▎    | 21/40 [00:55<00:51,  2.71s/it]
Epoch 34/50:  55%|█████▌    | 22/40 [00:58<00:49,  2.75s/it]
Epoch 34/50:  57%|█████▊    | 23/40 [01:01<00:47,  2.77s/it]
Epoch 34/50:  60%|██████    | 24/40 [01:04<00:44,  2.79s/it]
Epoch 34/50:  62%|██████▎   | 25/40 [01:06<00:42,  2.81s/it]
Epoch 34/50:  65%|██████▌   | 26/40 [01:09<00:39,  2.82s/it]
Epoch 34/50:  68%|██████▊   | 27/40 [01:12<00:36,  2.82s/it]
Epoch 34/50:  70%|███████   | 28/40 [01:15<00:33,  2.82s/it]
Epoch 34/50:  72%|███████▎  | 29/40 [01:17<00:29,  2.68s/it]
Epoch 34/50:  75%|███████▌  | 30/40 [01:20<00:27,  2.73s/it]
Epoch 34/50:  78%|███████▊  | 31/40 [01:23<00:24,  2.76s/it]
Epoch 34/50:  80%|████████  | 32/40 [01:26<00:22,  2.78s/it]
Epoch 34/50:  82%|████████▎ | 33/40 [01:29<00:19,  2.80s/it]
Epoch 34/50:  85%|████████▌ | 34/40 [01:31<00:16,  2.81s/it]
Epoch 34/50:  88%|████████▊ | 35/40 [01:34<00:14,  2.82s/it]
Epoch 34/50:  90%|█████████ | 36/40 [01:37<00:11,  2.83s/it]
Epoch 34/50:  92%|█████████▎| 37/40 [01:40<00:08,  2.68s/it]
Epoch 34/50:  95%|█████████▌| 38/40 [01:42<00:05,  2.72s/it]
Epoch 34/50:  98%|█████████▊| 39/40 [01:45<00:02,  2.76s/it]
Epoch 34/50: 100%|██████████| 40/40 [01:47<00:00,  2.46s/it]
Epoch 34/50: 100%|██████████| 40/40 [01:47<00:00,  2.69s/it]

Epoch 34 — avg train loss: 0.0036

[Train classification report — Epoch 34]
                          precision    recall  f1-score   support

             CORRECT_ALL       0.80      0.98      0.88       102
          CORRECT_SUBSET       1.00      0.29      0.45        17
       NO_INTERPRETATION       1.00      0.50      0.67         2
INCORRECT_INTERPRETATION       0.64      0.47      0.55        38

                accuracy                           0.78       159
               macro avg       0.86      0.56      0.64       159
            weighted avg       0.79      0.78      0.75       159


------------------------------------------------------------
DIAGNOSTIC — Epoch 34 | Task: modeling_comprehension
------------------------------------------------------------

[1] Label token ID check
  'CORRECT_ALL' → token_id=128256 → decoded='CORRECT_ALL'
  'CORRECT_SUBSET' → token_id=128257 → decoded='CORRECT_SUBSET'
  'NO_INTERPRETATION' → token_id=128258 → decoded='NO_INTERPRETATION'
  'INCORRECT_INTERPRETATION' → token_id=128259 → decoded='INCORRECT_INTERPRETATION'
  ✓ All label token IDs are unique.

[2] Last-token identity (first 3 val samples)

Diag-val epoch 34:   0%|          | 0/10 [00:00<?, ?it/s]
Diag-val epoch 34:  10%|█         | 1/10 [00:00<00:06,  1.37it/s]
Diag-val epoch 34:  20%|██        | 2/10 [00:01<00:05,  1.36it/s]
Diag-val epoch 34:  30%|███       | 3/10 [00:02<00:05,  1.36it/s]
Diag-val epoch 34:  40%|████      | 4/10 [00:02<00:04,  1.36it/s]
Diag-val epoch 34:  50%|█████     | 5/10 [00:03<00:03,  1.39it/s]
Diag-val epoch 34:  60%|██████    | 6/10 [00:04<00:02,  1.37it/s]
Diag-val epoch 34:  70%|███████   | 7/10 [00:05<00:02,  1.37it/s]
Diag-val epoch 34:  80%|████████  | 8/10 [00:05<00:01,  1.39it/s]
Diag-val epoch 34:  90%|█████████ | 9/10 [00:06<00:00,  1.38it/s]
Diag-val epoch 34: 100%|██████████| 10/10 [00:07<00:00,  1.37it/s]
Diag-val epoch 34: 100%|██████████| 10/10 [00:07<00:00,  1.37it/s]
  Sample 0: last real token=':' (id=25) ✓ | position[-1] token=':' (id=25) ✓
  Sample 1: last real token=':' (id=25) ✓ | position[-1] token=':' (id=25) ✓
  Sample 2: last real token=':' (id=25) ✓ | position[-1] token=':' (id=25) ✓

[3] Logit spread over label tokens (first batch)
  'CORRECT_ALL': mean=19.297  std=3.685  min=14.062  max=22.375
  'CORRECT_SUBSET': mean=9.180  std=3.793  min=5.156  max=13.250
  'NO_INTERPRETATION': mean=9.805  std=2.026  min=7.344  max=11.812
  'INCORRECT_INTERPRETATION': mean=15.312  std=1.445  min=13.375  max=16.875
  Max-min spread per sample: mean=11.023  min=4.438  max=15.500
  (Spread near 0 → model not differentiating labels; large spread → confident predictions)

[4] Prediction vs. true label distribution
  Label                            True %   Pred %
  ------------------------------ -------- --------
  CORRECT_ALL                       62.5%    65.0%
  CORRECT_SUBSET                    10.0%     5.0%
  NO_INTERPRETATION                  2.5%     0.0%
  INCORRECT_INTERPRETATION          25.0%    30.0%

[Classification report — Epoch 34]
                          precision    recall  f1-score   support

             CORRECT_ALL       0.77      0.80      0.78        25
          CORRECT_SUBSET       0.50      0.25      0.33         4
       NO_INTERPRETATION       0.00      0.00      0.00         1
INCORRECT_INTERPRETATION       0.42      0.50      0.45        10

                accuracy                           0.65        40
               macro avg       0.42      0.39      0.39        40
            weighted avg       0.63      0.65      0.64        40

------------------------------------------------------------

Epoch 35/50:   0%|          | 0/40 [00:00<?, ?it/s]
Epoch 35/50:   2%|▎         | 1/40 [00:02<01:51,  2.85s/it]
Epoch 35/50:   5%|▌         | 2/40 [00:05<01:36,  2.55s/it]
Epoch 35/50:   8%|▊         | 3/40 [00:07<01:30,  2.45s/it]
Epoch 35/50:  10%|█         | 4/40 [00:10<01:33,  2.61s/it]
Epoch 35/50:  12%|█▎        | 5/40 [00:12<01:27,  2.51s/it]
Epoch 35/50:  15%|█▌        | 6/40 [00:15<01:29,  2.62s/it]
Epoch 35/50:  18%|█▊        | 7/40 [00:18<01:28,  2.69s/it]
Epoch 35/50:  20%|██        | 8/40 [00:21<01:27,  2.74s/it]
Epoch 35/50:  22%|██▎       | 9/40 [00:24<01:25,  2.77s/it]
Epoch 35/50:  25%|██▌       | 10/40 [00:26<01:23,  2.79s/it]
Epoch 35/50:  28%|██▊       | 11/40 [00:29<01:21,  2.81s/it]
Epoch 35/50:  30%|███       | 12/40 [00:32<01:18,  2.81s/it]
Epoch 35/50:  32%|███▎      | 13/40 [00:35<01:16,  2.82s/it]
Epoch 35/50:  35%|███▌      | 14/40 [00:38<01:13,  2.83s/it]
Epoch 35/50:  38%|███▊      | 15/40 [00:41<01:10,  2.83s/it]
Epoch 35/50:  40%|████      | 16/40 [00:43<01:08,  2.83s/it]
Epoch 35/50:  42%|████▎     | 17/40 [00:46<01:05,  2.83s/it]
Epoch 35/50:  45%|████▌     | 18/40 [00:49<01:02,  2.83s/it]
Epoch 35/50:  48%|████▊     | 19/40 [00:52<00:59,  2.83s/it]
Epoch 35/50:  50%|█████     | 20/40 [00:55<00:56,  2.84s/it]
Epoch 35/50:  52%|█████▎    | 21/40 [00:58<00:53,  2.84s/it]
Epoch 35/50:  55%|█████▌    | 22/40 [01:00<00:48,  2.69s/it]
Epoch 35/50:  57%|█████▊    | 23/40 [01:03<00:46,  2.73s/it]
Epoch 35/50:  60%|██████    | 24/40 [01:06<00:44,  2.77s/it]
Epoch 35/50:  62%|██████▎   | 25/40 [01:08<00:41,  2.79s/it]
Epoch 35/50:  65%|██████▌   | 26/40 [01:11<00:39,  2.80s/it]
Epoch 35/50:  68%|██████▊   | 27/40 [01:14<00:34,  2.66s/it]
Epoch 35/50:  70%|███████   | 28/40 [01:16<00:32,  2.72s/it]
Epoch 35/50:  72%|███████▎  | 29/40 [01:19<00:30,  2.75s/it]
Epoch 35/50:  75%|███████▌  | 30/40 [01:22<00:27,  2.78s/it]
Epoch 35/50:  78%|███████▊  | 31/40 [01:25<00:25,  2.80s/it]
Epoch 35/50:  80%|████████  | 32/40 [01:28<00:22,  2.81s/it]
Epoch 35/50:  82%|████████▎ | 33/40 [01:31<00:19,  2.82s/it]
Epoch 35/50:  85%|████████▌ | 34/40 [01:33<00:16,  2.68s/it]
Epoch 35/50:  88%|████████▊ | 35/40 [01:35<00:12,  2.57s/it]
Epoch 35/50:  90%|█████████ | 36/40 [01:38<00:10,  2.65s/it]
Epoch 35/50:  92%|█████████▎| 37/40 [01:41<00:07,  2.56s/it]
Epoch 35/50:  95%|█████████▌| 38/40 [01:43<00:04,  2.49s/it]
Epoch 35/50:  98%|█████████▊| 39/40 [01:45<00:02,  2.44s/it]
Epoch 35/50: 100%|██████████| 40/40 [01:47<00:00,  2.37s/it]
Epoch 35/50: 100%|██████████| 40/40 [01:47<00:00,  2.70s/it]

Epoch 35 — avg train loss: 0.0025

[Train classification report — Epoch 35]
                          precision    recall  f1-score   support

             CORRECT_ALL       0.79      0.98      0.88       102
          CORRECT_SUBSET       1.00      0.29      0.45        17
       NO_INTERPRETATION       1.00      0.50      0.67         2
INCORRECT_INTERPRETATION       0.63      0.45      0.52        38

                accuracy                           0.77       159
               macro avg       0.86      0.56      0.63       159
            weighted avg       0.78      0.77      0.74       159


------------------------------------------------------------
DIAGNOSTIC — Epoch 35 | Task: modeling_comprehension
------------------------------------------------------------

[1] Label token ID check
  'CORRECT_ALL' → token_id=128256 → decoded='CORRECT_ALL'
  'CORRECT_SUBSET' → token_id=128257 → decoded='CORRECT_SUBSET'
  'NO_INTERPRETATION' → token_id=128258 → decoded='NO_INTERPRETATION'
  'INCORRECT_INTERPRETATION' → token_id=128259 → decoded='INCORRECT_INTERPRETATION'
  ✓ All label token IDs are unique.

[2] Last-token identity (first 3 val samples)

Diag-val epoch 35:   0%|          | 0/10 [00:00<?, ?it/s]
Diag-val epoch 35:  10%|█         | 1/10 [00:00<00:06,  1.37it/s]
Diag-val epoch 35:  20%|██        | 2/10 [00:01<00:05,  1.36it/s]
Diag-val epoch 35:  30%|███       | 3/10 [00:02<00:05,  1.36it/s]
Diag-val epoch 35:  40%|████      | 4/10 [00:02<00:04,  1.36it/s]
Diag-val epoch 35:  50%|█████     | 5/10 [00:03<00:03,  1.39it/s]
Diag-val epoch 35:  60%|██████    | 6/10 [00:04<00:02,  1.38it/s]
Diag-val epoch 35:  70%|███████   | 7/10 [00:05<00:02,  1.37it/s]
Diag-val epoch 35:  80%|████████  | 8/10 [00:05<00:01,  1.39it/s]
Diag-val epoch 35:  90%|█████████ | 9/10 [00:06<00:00,  1.38it/s]
Diag-val epoch 35: 100%|██████████| 10/10 [00:07<00:00,  1.37it/s]
Diag-val epoch 35: 100%|██████████| 10/10 [00:07<00:00,  1.37it/s]
  Sample 0: last real token=':' (id=25) ✓ | position[-1] token=':' (id=25) ✓
  Sample 1: last real token=':' (id=25) ✓ | position[-1] token=':' (id=25) ✓
  Sample 2: last real token=':' (id=25) ✓ | position[-1] token=':' (id=25) ✓

[3] Logit spread over label tokens (first batch)
  'CORRECT_ALL': mean=19.484  std=3.581  min=14.438  max=22.625
  'CORRECT_SUBSET': mean=9.180  std=3.884  min=5.094  max=13.438
  'NO_INTERPRETATION': mean=9.836  std=2.211  min=7.156  max=12.000
  'INCORRECT_INTERPRETATION': mean=14.781  std=1.615  min=12.750  max=16.625
  Max-min spread per sample: mean=11.055  min=4.000  max=15.812
  (Spread near 0 → model not differentiating labels; large spread → confident predictions)

[4] Prediction vs. true label distribution
  Label                            True %   Pred %
  ------------------------------ -------- --------
  CORRECT_ALL                       62.5%    65.0%
  CORRECT_SUBSET                    10.0%     7.5%
  NO_INTERPRETATION                  2.5%     0.0%
  INCORRECT_INTERPRETATION          25.0%    27.5%

[Classification report — Epoch 35]
                          precision    recall  f1-score   support

             CORRECT_ALL       0.77      0.80      0.78        25
          CORRECT_SUBSET       0.67      0.50      0.57         4
       NO_INTERPRETATION       0.00      0.00      0.00         1
INCORRECT_INTERPRETATION       0.45      0.50      0.48        10

                accuracy                           0.68        40
               macro avg       0.47      0.45      0.46        40
            weighted avg       0.66      0.68      0.67        40

------------------------------------------------------------

Epoch 36/50:   0%|          | 0/40 [00:00<?, ?it/s]
Epoch 36/50:   2%|▎         | 1/40 [00:02<01:51,  2.85s/it]
Epoch 36/50:   5%|▌         | 2/40 [00:05<01:48,  2.84s/it]
Epoch 36/50:   8%|▊         | 3/40 [00:08<01:45,  2.84s/it]
Epoch 36/50:  10%|█         | 4/40 [00:11<01:42,  2.84s/it]
Epoch 36/50:  12%|█▎        | 5/40 [00:13<01:33,  2.66s/it]
Epoch 36/50:  15%|█▌        | 6/40 [00:16<01:32,  2.72s/it]
Epoch 36/50:  18%|█▊        | 7/40 [00:18<01:25,  2.60s/it]
Epoch 36/50:  20%|██        | 8/40 [00:21<01:25,  2.68s/it]
Epoch 36/50:  22%|██▎       | 9/40 [00:24<01:24,  2.73s/it]
Epoch 36/50:  25%|██▌       | 10/40 [00:27<01:22,  2.76s/it]
Epoch 36/50:  28%|██▊       | 11/40 [00:29<01:16,  2.63s/it]
Epoch 36/50:  30%|███       | 12/40 [00:32<01:11,  2.54s/it]
Epoch 36/50:  32%|███▎      | 13/40 [00:34<01:06,  2.48s/it]
Epoch 36/50:  35%|███▌      | 14/40 [00:37<01:07,  2.59s/it]
Epoch 36/50:  38%|███▊      | 15/40 [00:40<01:06,  2.67s/it]
Epoch 36/50:  40%|████      | 16/40 [00:42<01:05,  2.72s/it]
Epoch 36/50:  42%|████▎     | 17/40 [00:45<01:03,  2.76s/it]
Epoch 36/50:  45%|████▌     | 18/40 [00:48<01:01,  2.78s/it]
Epoch 36/50:  48%|████▊     | 19/40 [00:50<00:55,  2.65s/it]
Epoch 36/50:  50%|█████     | 20/40 [00:53<00:54,  2.71s/it]
Epoch 36/50:  52%|█████▎    | 21/40 [00:56<00:49,  2.59s/it]
Epoch 36/50:  55%|█████▌    | 22/40 [00:58<00:48,  2.67s/it]
Epoch 36/50:  57%|█████▊    | 23/40 [01:01<00:46,  2.72s/it]
Epoch 36/50:  60%|██████    | 24/40 [01:04<00:41,  2.61s/it]
Epoch 36/50:  62%|██████▎   | 25/40 [01:07<00:40,  2.68s/it]
Epoch 36/50:  65%|██████▌   | 26/40 [01:09<00:36,  2.57s/it]
Epoch 36/50:  68%|██████▊   | 27/40 [01:11<00:32,  2.50s/it]
Epoch 36/50:  70%|███████   | 28/40 [01:14<00:29,  2.45s/it]
Epoch 36/50:  72%|███████▎  | 29/40 [01:16<00:28,  2.57s/it]
Epoch 36/50:  75%|███████▌  | 30/40 [01:19<00:26,  2.65s/it]
Epoch 36/50:  78%|███████▊  | 31/40 [01:22<00:24,  2.71s/it]
Epoch 36/50:  80%|████████  | 32/40 [01:25<00:21,  2.75s/it]
Epoch 36/50:  82%|████████▎ | 33/40 [01:28<00:19,  2.78s/it]
Epoch 36/50:  85%|████████▌ | 34/40 [01:30<00:15,  2.64s/it]
Epoch 36/50:  88%|████████▊ | 35/40 [01:32<00:12,  2.55s/it]
Epoch 36/50:  90%|█████████ | 36/40 [01:35<00:10,  2.64s/it]
Epoch 36/50:  92%|█████████▎| 37/40 [01:38<00:08,  2.70s/it]
Epoch 36/50:  95%|█████████▌| 38/40 [01:41<00:05,  2.74s/it]
Epoch 36/50:  98%|█████████▊| 39/40 [01:44<00:02,  2.77s/it]
Epoch 36/50: 100%|██████████| 40/40 [01:46<00:00,  2.60s/it]
Epoch 36/50: 100%|██████████| 40/40 [01:46<00:00,  2.66s/it]

Epoch 36 — avg train loss: 0.0023

[Train classification report — Epoch 36]
                          precision    recall  f1-score   support

             CORRECT_ALL       0.80      0.98      0.88       102
          CORRECT_SUBSET       1.00      0.29      0.45        17
       NO_INTERPRETATION       1.00      0.50      0.67         2
INCORRECT_INTERPRETATION       0.64      0.47      0.55        38

                accuracy                           0.78       159
               macro avg       0.86      0.56      0.64       159
            weighted avg       0.79      0.78      0.75       159


------------------------------------------------------------
DIAGNOSTIC — Epoch 36 | Task: modeling_comprehension
------------------------------------------------------------

[1] Label token ID check
  'CORRECT_ALL' → token_id=128256 → decoded='CORRECT_ALL'
  'CORRECT_SUBSET' → token_id=128257 → decoded='CORRECT_SUBSET'
  'NO_INTERPRETATION' → token_id=128258 → decoded='NO_INTERPRETATION'
  'INCORRECT_INTERPRETATION' → token_id=128259 → decoded='INCORRECT_INTERPRETATION'
  ✓ All label token IDs are unique.

[2] Last-token identity (first 3 val samples)

Diag-val epoch 36:   0%|          | 0/10 [00:00<?, ?it/s]
Diag-val epoch 36:  10%|█         | 1/10 [00:00<00:06,  1.37it/s]
Diag-val epoch 36:  20%|██        | 2/10 [00:01<00:05,  1.36it/s]
Diag-val epoch 36:  30%|███       | 3/10 [00:02<00:05,  1.36it/s]
Diag-val epoch 36:  40%|████      | 4/10 [00:02<00:04,  1.35it/s]
Diag-val epoch 36:  50%|█████     | 5/10 [00:03<00:03,  1.38it/s]
Diag-val epoch 36:  60%|██████    | 6/10 [00:04<00:02,  1.37it/s]
Diag-val epoch 36:  70%|███████   | 7/10 [00:05<00:02,  1.37it/s]
Diag-val epoch 36:  80%|████████  | 8/10 [00:05<00:01,  1.39it/s]
Diag-val epoch 36:  90%|█████████ | 9/10 [00:06<00:00,  1.38it/s]
Diag-val epoch 36: 100%|██████████| 10/10 [00:07<00:00,  1.37it/s]
Diag-val epoch 36: 100%|██████████| 10/10 [00:07<00:00,  1.37it/s]
  Sample 0: last real token=':' (id=25) ✓ | position[-1] token=':' (id=25) ✓
  Sample 1: last real token=':' (id=25) ✓ | position[-1] token=':' (id=25) ✓
  Sample 2: last real token=':' (id=25) ✓ | position[-1] token=':' (id=25) ✓

[3] Logit spread over label tokens (first batch)
  'CORRECT_ALL': mean=19.828  std=3.254  min=15.312  max=22.500
  'CORRECT_SUBSET': mean=8.961  std=3.899  min=4.906  max=13.438
  'NO_INTERPRETATION': mean=9.766  std=2.237  min=7.125  max=12.000
  'INCORRECT_INTERPRETATION': mean=14.594  std=1.372  min=12.812  max=16.125
  Max-min spread per sample: mean=11.430  min=4.125  max=15.875
  (Spread near 0 → model not differentiating labels; large spread → confident predictions)

[4] Prediction vs. true label distribution
  Label                            True %   Pred %
  ------------------------------ -------- --------
  CORRECT_ALL                       62.5%    67.5%
  CORRECT_SUBSET                    10.0%     7.5%
  NO_INTERPRETATION                  2.5%     0.0%
  INCORRECT_INTERPRETATION          25.0%    25.0%

[Classification report — Epoch 36]
                          precision    recall  f1-score   support

             CORRECT_ALL       0.74      0.80      0.77        25
          CORRECT_SUBSET       0.67      0.50      0.57         4
       NO_INTERPRETATION       0.00      0.00      0.00         1
INCORRECT_INTERPRETATION       0.40      0.40      0.40        10

                accuracy                           0.65        40
               macro avg       0.45      0.43      0.44        40
            weighted avg       0.63      0.65      0.64        40

------------------------------------------------------------

Epoch 37/50:   0%|          | 0/40 [00:00<?, ?it/s]
Epoch 37/50:   2%|▎         | 1/40 [00:02<01:51,  2.85s/it]
Epoch 37/50:   5%|▌         | 2/40 [00:05<01:36,  2.55s/it]
Epoch 37/50:   8%|▊         | 3/40 [00:07<01:30,  2.45s/it]
Epoch 37/50:  10%|█         | 4/40 [00:09<01:26,  2.41s/it]
Epoch 37/50:  12%|█▎        | 5/40 [00:12<01:29,  2.56s/it]
Epoch 37/50:  15%|█▌        | 6/40 [00:15<01:30,  2.66s/it]
Epoch 37/50:  18%|█▊        | 7/40 [00:18<01:29,  2.72s/it]
Epoch 37/50:  20%|██        | 8/40 [00:21<01:28,  2.76s/it]
Epoch 37/50:  22%|██▎       | 9/40 [00:23<01:21,  2.63s/it]
Epoch 37/50:  25%|██▌       | 10/40 [00:26<01:20,  2.69s/it]
Epoch 37/50:  28%|██▊       | 11/40 [00:29<01:19,  2.74s/it]
Epoch 37/50:  30%|███       | 12/40 [00:31<01:13,  2.62s/it]
Epoch 37/50:  32%|███▎      | 13/40 [00:34<01:12,  2.68s/it]
Epoch 37/50:  35%|███▌      | 14/40 [00:36<01:06,  2.58s/it]
Epoch 37/50:  38%|███▊      | 15/40 [00:39<01:06,  2.66s/it]
Epoch 37/50:  40%|████      | 16/40 [00:42<01:05,  2.71s/it]
Epoch 37/50:  42%|████▎     | 17/40 [00:44<00:59,  2.60s/it]
Epoch 37/50:  45%|████▌     | 18/40 [00:47<00:58,  2.67s/it]
Epoch 37/50:  48%|████▊     | 19/40 [00:50<00:57,  2.72s/it]
Epoch 37/50:  50%|█████     | 20/40 [00:53<00:55,  2.76s/it]
Epoch 37/50:  52%|█████▎    | 21/40 [00:56<00:52,  2.78s/it]
Epoch 37/50:  55%|█████▌    | 22/40 [00:58<00:50,  2.80s/it]
Epoch 37/50:  57%|█████▊    | 23/40 [01:01<00:47,  2.81s/it]
Epoch 37/50:  60%|██████    | 24/40 [01:04<00:45,  2.82s/it]
Epoch 37/50:  62%|██████▎   | 25/40 [01:07<00:42,  2.83s/it]
Epoch 37/50:  65%|██████▌   | 26/40 [01:09<00:37,  2.68s/it]
Epoch 37/50:  68%|██████▊   | 27/40 [01:12<00:35,  2.72s/it]
Epoch 37/50:  70%|███████   | 28/40 [01:14<00:31,  2.61s/it]
Epoch 37/50:  72%|███████▎  | 29/40 [01:17<00:27,  2.53s/it]
Epoch 37/50:  75%|███████▌  | 30/40 [01:19<00:24,  2.47s/it]
Epoch 37/50:  78%|███████▊  | 31/40 [01:22<00:23,  2.58s/it]
Epoch 37/50:  80%|████████  | 32/40 [01:25<00:21,  2.66s/it]
Epoch 37/50:  82%|████████▎ | 33/40 [01:28<00:18,  2.71s/it]
Epoch 37/50:  85%|████████▌ | 34/40 [01:30<00:16,  2.74s/it]
Epoch 37/50:  88%|████████▊ | 35/40 [01:33<00:13,  2.77s/it]
Epoch 37/50:  90%|█████████ | 36/40 [01:36<00:11,  2.79s/it]
Epoch 37/50:  92%|█████████▎| 37/40 [01:39<00:07,  2.65s/it]
Epoch 37/50:  95%|█████████▌| 38/40 [01:41<00:05,  2.71s/it]
Epoch 37/50:  98%|█████████▊| 39/40 [01:44<00:02,  2.75s/it]
Epoch 37/50: 100%|██████████| 40/40 [01:46<00:00,  2.46s/it]
Epoch 37/50: 100%|██████████| 40/40 [01:46<00:00,  2.66s/it]

Epoch 37 — avg train loss: 0.0021

[Train classification report — Epoch 37]
                          precision    recall  f1-score   support

             CORRECT_ALL       0.81      0.98      0.88       102
          CORRECT_SUBSET       1.00      0.29      0.45        17
       NO_INTERPRETATION       1.00      0.50      0.67         2
INCORRECT_INTERPRETATION       0.66      0.50      0.57        38

                accuracy                           0.79       159
               macro avg       0.87      0.57      0.64       159
            weighted avg       0.79      0.79      0.76       159


------------------------------------------------------------
DIAGNOSTIC — Epoch 37 | Task: modeling_comprehension
------------------------------------------------------------

[1] Label token ID check
  'CORRECT_ALL' → token_id=128256 → decoded='CORRECT_ALL'
  'CORRECT_SUBSET' → token_id=128257 → decoded='CORRECT_SUBSET'
  'NO_INTERPRETATION' → token_id=128258 → decoded='NO_INTERPRETATION'
  'INCORRECT_INTERPRETATION' → token_id=128259 → decoded='INCORRECT_INTERPRETATION'
  ✓ All label token IDs are unique.

[2] Last-token identity (first 3 val samples)

Diag-val epoch 37:   0%|          | 0/10 [00:00<?, ?it/s]
Diag-val epoch 37:  10%|█         | 1/10 [00:00<00:06,  1.37it/s]
Diag-val epoch 37:  20%|██        | 2/10 [00:01<00:05,  1.36it/s]
Diag-val epoch 37:  30%|███       | 3/10 [00:02<00:05,  1.36it/s]
Diag-val epoch 37:  40%|████      | 4/10 [00:02<00:04,  1.35it/s]
Diag-val epoch 37:  50%|█████     | 5/10 [00:03<00:03,  1.39it/s]
Diag-val epoch 37:  60%|██████    | 6/10 [00:04<00:02,  1.38it/s]
Diag-val epoch 37:  70%|███████   | 7/10 [00:05<00:02,  1.37it/s]
Diag-val epoch 37:  80%|████████  | 8/10 [00:05<00:01,  1.39it/s]
Diag-val epoch 37:  90%|█████████ | 9/10 [00:06<00:00,  1.38it/s]
Diag-val epoch 37: 100%|██████████| 10/10 [00:07<00:00,  1.37it/s]
Diag-val epoch 37: 100%|██████████| 10/10 [00:07<00:00,  1.37it/s]
  Sample 0: last real token=':' (id=25) ✓ | position[-1] token=':' (id=25) ✓
  Sample 1: last real token=':' (id=25) ✓ | position[-1] token=':' (id=25) ✓
  Sample 2: last real token=':' (id=25) ✓ | position[-1] token=':' (id=25) ✓

[3] Logit spread over label tokens (first batch)
  'CORRECT_ALL': mean=19.516  std=3.530  min=14.562  max=22.500
  'CORRECT_SUBSET': mean=9.016  std=3.825  min=4.938  max=13.188
  'NO_INTERPRETATION': mean=9.859  std=2.249  min=7.188  max=12.125
  'INCORRECT_INTERPRETATION': mean=15.141  std=1.538  min=13.000  max=16.625
  Max-min spread per sample: mean=11.266  min=4.438  max=15.750
  (Spread near 0 → model not differentiating labels; large spread → confident predictions)

[4] Prediction vs. true label distribution
  Label                            True %   Pred %
  ------------------------------ -------- --------
  CORRECT_ALL                       62.5%    65.0%
  CORRECT_SUBSET                    10.0%     7.5%
  NO_INTERPRETATION                  2.5%     0.0%
  INCORRECT_INTERPRETATION          25.0%    27.5%

[Classification report — Epoch 37]
                          precision    recall  f1-score   support

             CORRECT_ALL       0.77      0.80      0.78        25
          CORRECT_SUBSET       0.67      0.50      0.57         4
       NO_INTERPRETATION       0.00      0.00      0.00         1
INCORRECT_INTERPRETATION       0.45      0.50      0.48        10

                accuracy                           0.68        40
               macro avg       0.47      0.45      0.46        40
            weighted avg       0.66      0.68      0.67        40

------------------------------------------------------------

Epoch 38/50:   0%|          | 0/40 [00:00<?, ?it/s]
Epoch 38/50:   2%|▎         | 1/40 [00:02<01:50,  2.84s/it]
Epoch 38/50:   5%|▌         | 2/40 [00:05<01:36,  2.54s/it]
Epoch 38/50:   8%|▊         | 3/40 [00:08<01:39,  2.68s/it]
Epoch 38/50:  10%|█         | 4/40 [00:10<01:38,  2.74s/it]
Epoch 38/50:  12%|█▎        | 5/40 [00:13<01:37,  2.78s/it]
Epoch 38/50:  15%|█▌        | 6/40 [00:16<01:29,  2.63s/it]
Epoch 38/50:  18%|█▊        | 7/40 [00:18<01:28,  2.69s/it]
Epoch 38/50:  20%|██        | 8/40 [00:21<01:27,  2.74s/it]
Epoch 38/50:  22%|██▎       | 9/40 [00:24<01:25,  2.77s/it]
Epoch 38/50:  25%|██▌       | 10/40 [00:27<01:23,  2.79s/it]
Epoch 38/50:  28%|██▊       | 11/40 [00:29<01:16,  2.65s/it]
Epoch 38/50:  30%|███       | 12/40 [00:32<01:15,  2.71s/it]
Epoch 38/50:  32%|███▎      | 13/40 [00:35<01:14,  2.75s/it]
Epoch 38/50:  35%|███▌      | 14/40 [00:38<01:12,  2.78s/it]
Epoch 38/50:  38%|███▊      | 15/40 [00:41<01:09,  2.80s/it]
Epoch 38/50:  40%|████      | 16/40 [00:43<01:07,  2.81s/it]
Epoch 38/50:  42%|████▎     | 17/40 [00:46<01:04,  2.82s/it]
Epoch 38/50:  45%|████▌     | 18/40 [00:49<01:02,  2.82s/it]
Epoch 38/50:  48%|████▊     | 19/40 [00:52<00:59,  2.83s/it]
Epoch 38/50:  50%|█████     | 20/40 [00:54<00:53,  2.68s/it]
Epoch 38/50:  52%|█████▎    | 21/40 [00:57<00:51,  2.73s/it]
Epoch 38/50:  55%|█████▌    | 22/40 [00:59<00:46,  2.61s/it]
Epoch 38/50:  57%|█████▊    | 23/40 [01:02<00:42,  2.53s/it]
Epoch 38/50:  60%|██████    | 24/40 [01:05<00:41,  2.62s/it]
Epoch 38/50:  62%|██████▎   | 25/40 [01:07<00:37,  2.53s/it]
Epoch 38/50:  65%|██████▌   | 26/40 [01:10<00:36,  2.62s/it]
Epoch 38/50:  68%|██████▊   | 27/40 [01:13<00:34,  2.69s/it]
Epoch 38/50:  70%|███████   | 28/40 [01:15<00:32,  2.73s/it]
Epoch 38/50:  72%|███████▎  | 29/40 [01:18<00:28,  2.61s/it]
Epoch 38/50:  75%|███████▌  | 30/40 [01:21<00:26,  2.68s/it]
Epoch 38/50:  78%|███████▊  | 31/40 [01:23<00:24,  2.73s/it]
Epoch 38/50:  80%|████████  | 32/40 [01:26<00:22,  2.76s/it]
Epoch 38/50:  82%|████████▎ | 33/40 [01:29<00:19,  2.78s/it]
Epoch 38/50:  85%|████████▌ | 34/40 [01:31<00:15,  2.65s/it]
Epoch 38/50:  88%|████████▊ | 35/40 [01:34<00:13,  2.71s/it]
Epoch 38/50:  90%|█████████ | 36/40 [01:37<00:10,  2.75s/it]
Epoch 38/50:  92%|█████████▎| 37/40 [01:40<00:08,  2.78s/it]
Epoch 38/50:  95%|█████████▌| 38/40 [01:43<00:05,  2.79s/it]
Epoch 38/50:  98%|█████████▊| 39/40 [01:45<00:02,  2.66s/it]
Epoch 38/50: 100%|██████████| 40/40 [01:47<00:00,  2.51s/it]
Epoch 38/50: 100%|██████████| 40/40 [01:47<00:00,  2.70s/it]

Epoch 38 — avg train loss: 0.0020

[Train classification report — Epoch 38]
                          precision    recall  f1-score   support

             CORRECT_ALL       0.79      0.98      0.88       102
          CORRECT_SUBSET       1.00      0.29      0.45        17
       NO_INTERPRETATION       1.00      0.50      0.67         2
INCORRECT_INTERPRETATION       0.63      0.45      0.52        38

                accuracy                           0.77       159
               macro avg       0.86      0.56      0.63       159
            weighted avg       0.78      0.77      0.74       159


------------------------------------------------------------
DIAGNOSTIC — Epoch 38 | Task: modeling_comprehension
------------------------------------------------------------

[1] Label token ID check
  'CORRECT_ALL' → token_id=128256 → decoded='CORRECT_ALL'
  'CORRECT_SUBSET' → token_id=128257 → decoded='CORRECT_SUBSET'
  'NO_INTERPRETATION' → token_id=128258 → decoded='NO_INTERPRETATION'
  'INCORRECT_INTERPRETATION' → token_id=128259 → decoded='INCORRECT_INTERPRETATION'
  ✓ All label token IDs are unique.

[2] Last-token identity (first 3 val samples)

Diag-val epoch 38:   0%|          | 0/10 [00:00<?, ?it/s]
Diag-val epoch 38:  10%|█         | 1/10 [00:00<00:06,  1.37it/s]
Diag-val epoch 38:  20%|██        | 2/10 [00:01<00:05,  1.36it/s]
Diag-val epoch 38:  30%|███       | 3/10 [00:02<00:05,  1.36it/s]
Diag-val epoch 38:  40%|████      | 4/10 [00:02<00:04,  1.36it/s]
Diag-val epoch 38:  50%|█████     | 5/10 [00:03<00:03,  1.39it/s]
Diag-val epoch 38:  60%|██████    | 6/10 [00:04<00:02,  1.38it/s]
Diag-val epoch 38:  70%|███████   | 7/10 [00:05<00:02,  1.37it/s]
Diag-val epoch 38:  80%|████████  | 8/10 [00:05<00:01,  1.39it/s]
Diag-val epoch 38:  90%|█████████ | 9/10 [00:06<00:00,  1.38it/s]
Diag-val epoch 38: 100%|██████████| 10/10 [00:07<00:00,  1.37it/s]
Diag-val epoch 38: 100%|██████████| 10/10 [00:07<00:00,  1.37it/s]
  Sample 0: last real token=':' (id=25) ✓ | position[-1] token=':' (id=25) ✓
  Sample 1: last real token=':' (id=25) ✓ | position[-1] token=':' (id=25) ✓
  Sample 2: last real token=':' (id=25) ✓ | position[-1] token=':' (id=25) ✓

[3] Logit spread over label tokens (first batch)
  'CORRECT_ALL': mean=19.750  std=3.245  min=15.250  max=22.625
  'CORRECT_SUBSET': mean=9.117  std=4.012  min=4.969  max=13.625
  'NO_INTERPRETATION': mean=9.820  std=2.258  min=7.156  max=12.125
  'INCORRECT_INTERPRETATION': mean=14.766  std=1.500  min=12.750  max=16.375
  Max-min spread per sample: mean=11.242  min=4.062  max=16.000
  (Spread near 0 → model not differentiating labels; large spread → confident predictions)

[4] Prediction vs. true label distribution
  Label                            True %   Pred %
  ------------------------------ -------- --------
  CORRECT_ALL                       62.5%    67.5%
  CORRECT_SUBSET                    10.0%     7.5%
  NO_INTERPRETATION                  2.5%     0.0%
  INCORRECT_INTERPRETATION          25.0%    25.0%

[Classification report — Epoch 38]
                          precision    recall  f1-score   support

             CORRECT_ALL       0.74      0.80      0.77        25
          CORRECT_SUBSET       0.67      0.50      0.57         4
       NO_INTERPRETATION       0.00      0.00      0.00         1
INCORRECT_INTERPRETATION       0.40      0.40      0.40        10

                accuracy                           0.65        40
               macro avg       0.45      0.43      0.44        40
            weighted avg       0.63      0.65      0.64        40

------------------------------------------------------------

Epoch 39/50:   0%|          | 0/40 [00:00<?, ?it/s]
Epoch 39/50:   2%|▎         | 1/40 [00:02<01:51,  2.85s/it]
Epoch 39/50:   5%|▌         | 2/40 [00:05<01:47,  2.83s/it]
Epoch 39/50:   8%|▊         | 3/40 [00:08<01:44,  2.84s/it]
Epoch 39/50:  10%|█         | 4/40 [00:11<01:42,  2.83s/it]
Epoch 39/50:  12%|█▎        | 5/40 [00:14<01:39,  2.84s/it]
Epoch 39/50:  15%|█▌        | 6/40 [00:16<01:30,  2.67s/it]
Epoch 39/50:  18%|█▊        | 7/40 [00:19<01:29,  2.72s/it]
Epoch 39/50:  20%|██        | 8/40 [00:21<01:23,  2.60s/it]
Epoch 39/50:  22%|██▎       | 9/40 [00:24<01:22,  2.67s/it]
Epoch 39/50:  25%|██▌       | 10/40 [00:26<01:16,  2.57s/it]
Epoch 39/50:  28%|██▊       | 11/40 [00:29<01:16,  2.65s/it]
Epoch 39/50:  30%|███       | 12/40 [00:32<01:15,  2.71s/it]
Epoch 39/50:  32%|███▎      | 13/40 [00:34<01:10,  2.59s/it]
Epoch 39/50:  35%|███▌      | 14/40 [00:37<01:09,  2.67s/it]
Epoch 39/50:  38%|███▊      | 15/40 [00:40<01:07,  2.72s/it]
Epoch 39/50:  40%|████      | 16/40 [00:42<01:02,  2.60s/it]
Epoch 39/50:  42%|████▎     | 17/40 [00:45<00:58,  2.52s/it]
Epoch 39/50:  45%|████▌     | 18/40 [00:48<00:57,  2.62s/it]
Epoch 39/50:  48%|████▊     | 19/40 [00:50<00:53,  2.53s/it]
Epoch 39/50:  50%|█████     | 20/40 [00:52<00:49,  2.47s/it]
Epoch 39/50:  52%|█████▎    | 21/40 [00:55<00:49,  2.58s/it]
Epoch 39/50:  55%|█████▌    | 22/40 [00:57<00:45,  2.51s/it]
Epoch 39/50:  57%|█████▊    | 23/40 [01:00<00:44,  2.61s/it]
Epoch 39/50:  60%|██████    | 24/40 [01:03<00:40,  2.53s/it]
Epoch 39/50:  62%|██████▎   | 25/40 [01:05<00:39,  2.62s/it]
Epoch 39/50:  65%|██████▌   | 26/40 [01:08<00:37,  2.69s/it]
Epoch 39/50:  68%|██████▊   | 27/40 [01:11<00:35,  2.73s/it]
Epoch 39/50:  70%|███████   | 28/40 [01:13<00:31,  2.61s/it]
Epoch 39/50:  72%|███████▎  | 29/40 [01:16<00:29,  2.68s/it]
Epoch 39/50:  75%|███████▌  | 30/40 [01:19<00:25,  2.58s/it]
Epoch 39/50:  78%|███████▊  | 31/40 [01:21<00:22,  2.51s/it]
Epoch 39/50:  80%|████████  | 32/40 [01:24<00:20,  2.61s/it]
Epoch 39/50:  82%|████████▎ | 33/40 [01:27<00:18,  2.67s/it]
Epoch 39/50:  85%|████████▌ | 34/40 [01:29<00:16,  2.72s/it]
Epoch 39/50:  88%|████████▊ | 35/40 [01:32<00:13,  2.61s/it]
Epoch 39/50:  90%|█████████ | 36/40 [01:34<00:10,  2.52s/it]
Epoch 39/50:  92%|█████████▎| 37/40 [01:37<00:07,  2.62s/it]
Epoch 39/50:  95%|█████████▌| 38/40 [01:40<00:05,  2.69s/it]
Epoch 39/50:  98%|█████████▊| 39/40 [01:43<00:02,  2.73s/it]
Epoch 39/50: 100%|██████████| 40/40 [01:44<00:00,  2.45s/it]
Epoch 39/50: 100%|██████████| 40/40 [01:44<00:00,  2.62s/it]

Epoch 39 — avg train loss: 0.0018

[Train classification report — Epoch 39]
                          precision    recall  f1-score   support

             CORRECT_ALL       0.81      0.98      0.89       102
          CORRECT_SUBSET       1.00      0.24      0.38        17
       NO_INTERPRETATION       1.00      0.50      0.67         2
INCORRECT_INTERPRETATION       0.65      0.53      0.58        38

                accuracy                           0.79       159
               macro avg       0.86      0.56      0.63       159
            weighted avg       0.80      0.79      0.76       159


------------------------------------------------------------
DIAGNOSTIC — Epoch 39 | Task: modeling_comprehension
------------------------------------------------------------

[1] Label token ID check
  'CORRECT_ALL' → token_id=128256 → decoded='CORRECT_ALL'
  'CORRECT_SUBSET' → token_id=128257 → decoded='CORRECT_SUBSET'
  'NO_INTERPRETATION' → token_id=128258 → decoded='NO_INTERPRETATION'
  'INCORRECT_INTERPRETATION' → token_id=128259 → decoded='INCORRECT_INTERPRETATION'
  ✓ All label token IDs are unique.

[2] Last-token identity (first 3 val samples)

Diag-val epoch 39:   0%|          | 0/10 [00:00<?, ?it/s]
Diag-val epoch 39:  10%|█         | 1/10 [00:00<00:06,  1.37it/s]
Diag-val epoch 39:  20%|██        | 2/10 [00:01<00:05,  1.36it/s]
Diag-val epoch 39:  30%|███       | 3/10 [00:02<00:05,  1.36it/s]
Diag-val epoch 39:  40%|████      | 4/10 [00:02<00:04,  1.36it/s]
Diag-val epoch 39:  50%|█████     | 5/10 [00:03<00:03,  1.39it/s]
Diag-val epoch 39:  60%|██████    | 6/10 [00:04<00:02,  1.37it/s]
Diag-val epoch 39:  70%|███████   | 7/10 [00:05<00:02,  1.37it/s]
Diag-val epoch 39:  80%|████████  | 8/10 [00:05<00:01,  1.39it/s]
Diag-val epoch 39:  90%|█████████ | 9/10 [00:06<00:00,  1.38it/s]
Diag-val epoch 39: 100%|██████████| 10/10 [00:07<00:00,  1.37it/s]
Diag-val epoch 39: 100%|██████████| 10/10 [00:07<00:00,  1.37it/s]
  Sample 0: last real token=':' (id=25) ✓ | position[-1] token=':' (id=25) ✓
  Sample 1: last real token=':' (id=25) ✓ | position[-1] token=':' (id=25) ✓
  Sample 2: last real token=':' (id=25) ✓ | position[-1] token=':' (id=25) ✓

[3] Logit spread over label tokens (first batch)
  'CORRECT_ALL': mean=19.953  std=3.078  min=15.688  max=22.500
  'CORRECT_SUBSET': mean=9.031  std=3.976  min=4.875  max=13.500
  'NO_INTERPRETATION': mean=9.633  std=2.326  min=6.906  max=12.000
  'INCORRECT_INTERPRETATION': mean=14.578  std=1.545  min=12.438  max=16.125
  Max-min spread per sample: mean=11.531  min=4.625  max=15.875
  (Spread near 0 → model not differentiating labels; large spread → confident predictions)

[4] Prediction vs. true label distribution
  Label                            True %   Pred %
  ------------------------------ -------- --------
  CORRECT_ALL                       62.5%    67.5%
  CORRECT_SUBSET                    10.0%     7.5%
  NO_INTERPRETATION                  2.5%     0.0%
  INCORRECT_INTERPRETATION          25.0%    25.0%

[Classification report — Epoch 39]
                          precision    recall  f1-score   support

             CORRECT_ALL       0.74      0.80      0.77        25
          CORRECT_SUBSET       0.67      0.50      0.57         4
       NO_INTERPRETATION       0.00      0.00      0.00         1
INCORRECT_INTERPRETATION       0.40      0.40      0.40        10

                accuracy                           0.65        40
               macro avg       0.45      0.43      0.44        40
            weighted avg       0.63      0.65      0.64        40

------------------------------------------------------------

Epoch 40/50:   0%|          | 0/40 [00:00<?, ?it/s]
Epoch 40/50:   2%|▎         | 1/40 [00:02<01:51,  2.85s/it]
Epoch 40/50:   5%|▌         | 2/40 [00:05<01:48,  2.85s/it]
Epoch 40/50:   8%|▊         | 3/40 [00:08<01:36,  2.61s/it]
Epoch 40/50:  10%|█         | 4/40 [00:10<01:30,  2.50s/it]
Epoch 40/50:  12%|█▎        | 5/40 [00:12<01:25,  2.44s/it]
Epoch 40/50:  15%|█▌        | 6/40 [00:15<01:27,  2.58s/it]
Epoch 40/50:  18%|█▊        | 7/40 [00:18<01:27,  2.67s/it]
Epoch 40/50:  20%|██        | 8/40 [00:21<01:27,  2.72s/it]
Epoch 40/50:  22%|██▎       | 9/40 [00:24<01:25,  2.76s/it]
Epoch 40/50:  25%|██▌       | 10/40 [00:26<01:23,  2.78s/it]
Epoch 40/50:  28%|██▊       | 11/40 [00:29<01:16,  2.65s/it]
Epoch 40/50:  30%|███       | 12/40 [00:31<01:11,  2.55s/it]
Epoch 40/50:  32%|███▎      | 13/40 [00:34<01:11,  2.64s/it]
Epoch 40/50:  35%|███▌      | 14/40 [00:36<01:06,  2.55s/it]
Epoch 40/50:  38%|███▊      | 15/40 [00:39<01:05,  2.63s/it]
Epoch 40/50:  40%|████      | 16/40 [00:42<01:04,  2.70s/it]
Epoch 40/50:  42%|████▎     | 17/40 [00:45<01:03,  2.74s/it]
Epoch 40/50:  45%|████▌     | 18/40 [00:47<00:57,  2.62s/it]
Epoch 40/50:  48%|████▊     | 19/40 [00:50<00:56,  2.68s/it]
Epoch 40/50:  50%|█████     | 20/40 [00:53<00:54,  2.73s/it]
Epoch 40/50:  52%|█████▎    | 21/40 [00:55<00:49,  2.61s/it]
Epoch 40/50:  55%|█████▌    | 22/40 [00:57<00:45,  2.53s/it]
Epoch 40/50:  57%|█████▊    | 23/40 [01:00<00:44,  2.62s/it]
Epoch 40/50:  60%|██████    | 24/40 [01:03<00:42,  2.69s/it]
Epoch 40/50:  62%|██████▎   | 25/40 [01:06<00:40,  2.73s/it]
Epoch 40/50:  65%|██████▌   | 26/40 [01:09<00:38,  2.76s/it]
Epoch 40/50:  68%|██████▊   | 27/40 [01:12<00:36,  2.78s/it]
Epoch 40/50:  70%|███████   | 28/40 [01:14<00:31,  2.65s/it]
Epoch 40/50:  72%|███████▎  | 29/40 [01:16<00:28,  2.55s/it]
Epoch 40/50:  75%|███████▌  | 30/40 [01:19<00:26,  2.64s/it]
Epoch 40/50:  78%|███████▊  | 31/40 [01:21<00:22,  2.55s/it]
Epoch 40/50:  80%|████████  | 32/40 [01:24<00:21,  2.64s/it]
Epoch 40/50:  82%|████████▎ | 33/40 [01:27<00:17,  2.55s/it]
Epoch 40/50:  85%|████████▌ | 34/40 [01:29<00:15,  2.63s/it]
Epoch 40/50:  88%|████████▊ | 35/40 [01:32<00:13,  2.70s/it]
Epoch 40/50:  90%|█████████ | 36/40 [01:35<00:10,  2.74s/it]
Epoch 40/50:  92%|█████████▎| 37/40 [01:38<00:08,  2.77s/it]
Epoch 40/50:  95%|█████████▌| 38/40 [01:40<00:05,  2.64s/it]
Epoch 40/50:  98%|█████████▊| 39/40 [01:43<00:02,  2.70s/it]
Epoch 40/50: 100%|██████████| 40/40 [01:45<00:00,  2.42s/it]
Epoch 40/50: 100%|██████████| 40/40 [01:45<00:00,  2.64s/it]

Epoch 40 — avg train loss: 0.0019

[Train classification report — Epoch 40]
                          precision    recall  f1-score   support

             CORRECT_ALL       0.81      0.98      0.88       102
          CORRECT_SUBSET       1.00      0.29      0.45        17
       NO_INTERPRETATION       1.00      0.50      0.67         2
INCORRECT_INTERPRETATION       0.66      0.50      0.57        38

                accuracy                           0.79       159
               macro avg       0.87      0.57      0.64       159
            weighted avg       0.79      0.79      0.76       159


------------------------------------------------------------
DIAGNOSTIC — Epoch 40 | Task: modeling_comprehension
------------------------------------------------------------

[1] Label token ID check
  'CORRECT_ALL' → token_id=128256 → decoded='CORRECT_ALL'
  'CORRECT_SUBSET' → token_id=128257 → decoded='CORRECT_SUBSET'
  'NO_INTERPRETATION' → token_id=128258 → decoded='NO_INTERPRETATION'
  'INCORRECT_INTERPRETATION' → token_id=128259 → decoded='INCORRECT_INTERPRETATION'
  ✓ All label token IDs are unique.

[2] Last-token identity (first 3 val samples)

Diag-val epoch 40:   0%|          | 0/10 [00:00<?, ?it/s]
Diag-val epoch 40:  10%|█         | 1/10 [00:00<00:06,  1.37it/s]
Diag-val epoch 40:  20%|██        | 2/10 [00:01<00:05,  1.36it/s]
Diag-val epoch 40:  30%|███       | 3/10 [00:02<00:05,  1.36it/s]
Diag-val epoch 40:  40%|████      | 4/10 [00:02<00:04,  1.36it/s]
Diag-val epoch 40:  50%|█████     | 5/10 [00:03<00:03,  1.39it/s]
Diag-val epoch 40:  60%|██████    | 6/10 [00:04<00:02,  1.37it/s]
Diag-val epoch 40:  70%|███████   | 7/10 [00:05<00:02,  1.37it/s]
Diag-val epoch 40:  80%|████████  | 8/10 [00:05<00:01,  1.39it/s]
Diag-val epoch 40:  90%|█████████ | 9/10 [00:06<00:00,  1.38it/s]
Diag-val epoch 40: 100%|██████████| 10/10 [00:07<00:00,  1.37it/s]
Diag-val epoch 40: 100%|██████████| 10/10 [00:07<00:00,  1.37it/s]
  Sample 0: last real token=':' (id=25) ✓ | position[-1] token=':' (id=25) ✓
  Sample 1: last real token=':' (id=25) ✓ | position[-1] token=':' (id=25) ✓
  Sample 2: last real token=':' (id=25) ✓ | position[-1] token=':' (id=25) ✓

[3] Logit spread over label tokens (first batch)
  'CORRECT_ALL': mean=19.469  std=3.560  min=14.500  max=22.500
  'CORRECT_SUBSET': mean=9.086  std=3.852  min=5.094  max=13.375
  'NO_INTERPRETATION': mean=9.789  std=2.224  min=7.156  max=12.062
  'INCORRECT_INTERPRETATION': mean=14.859  std=1.460  min=12.875  max=16.375
  Max-min spread per sample: mean=11.133  min=4.125  max=15.812
  (Spread near 0 → model not differentiating labels; large spread → confident predictions)

[4] Prediction vs. true label distribution
  Label                            True %   Pred %
  ------------------------------ -------- --------
  CORRECT_ALL                       62.5%    65.0%
  CORRECT_SUBSET                    10.0%     7.5%
  NO_INTERPRETATION                  2.5%     0.0%
  INCORRECT_INTERPRETATION          25.0%    27.5%

[Classification report — Epoch 40]
                          precision    recall  f1-score   support

             CORRECT_ALL       0.77      0.80      0.78        25
          CORRECT_SUBSET       0.67      0.50      0.57         4
       NO_INTERPRETATION       0.00      0.00      0.00         1
INCORRECT_INTERPRETATION       0.45      0.50      0.48        10

                accuracy                           0.68        40
               macro avg       0.47      0.45      0.46        40
            weighted avg       0.66      0.68      0.67        40

------------------------------------------------------------

Epoch 41/50:   0%|          | 0/40 [00:00<?, ?it/s]
Epoch 41/50:   2%|▎         | 1/40 [00:02<01:51,  2.85s/it]
Epoch 41/50:   5%|▌         | 2/40 [00:05<01:36,  2.55s/it]
Epoch 41/50:   8%|▊         | 3/40 [00:08<01:39,  2.68s/it]
Epoch 41/50:  10%|█         | 4/40 [00:10<01:38,  2.75s/it]
Epoch 41/50:  12%|█▎        | 5/40 [00:13<01:37,  2.78s/it]
Epoch 41/50:  15%|█▌        | 6/40 [00:16<01:35,  2.80s/it]
Epoch 41/50:  18%|█▊        | 7/40 [00:18<01:27,  2.65s/it]
Epoch 41/50:  20%|██        | 8/40 [00:21<01:21,  2.55s/it]
Epoch 41/50:  22%|██▎       | 9/40 [00:23<01:16,  2.48s/it]
Epoch 41/50:  25%|██▌       | 10/40 [00:25<01:13,  2.44s/it]
Epoch 41/50:  28%|██▊       | 11/40 [00:28<01:14,  2.56s/it]
Epoch 41/50:  30%|███       | 12/40 [00:31<01:14,  2.65s/it]
Epoch 41/50:  32%|███▎      | 13/40 [00:34<01:13,  2.71s/it]
Epoch 41/50:  35%|███▌      | 14/40 [00:37<01:11,  2.75s/it]
Epoch 41/50:  38%|███▊      | 15/40 [00:39<01:05,  2.62s/it]
Epoch 41/50:  40%|████      | 16/40 [00:41<01:00,  2.54s/it]
Epoch 41/50:  42%|████▎     | 17/40 [00:44<01:00,  2.63s/it]
Epoch 41/50:  45%|████▌     | 18/40 [00:47<00:59,  2.69s/it]
Epoch 41/50:  48%|████▊     | 19/40 [00:50<00:57,  2.74s/it]
Epoch 41/50:  50%|█████     | 20/40 [00:53<00:55,  2.77s/it]
Epoch 41/50:  52%|█████▎    | 21/40 [00:56<00:52,  2.79s/it]
Epoch 41/50:  55%|█████▌    | 22/40 [00:58<00:50,  2.80s/it]
Epoch 41/50:  57%|█████▊    | 23/40 [01:01<00:47,  2.81s/it]
Epoch 41/50:  60%|██████    | 24/40 [01:04<00:45,  2.82s/it]
Epoch 41/50:  62%|██████▎   | 25/40 [01:06<00:40,  2.68s/it]
Epoch 41/50:  65%|██████▌   | 26/40 [01:09<00:38,  2.72s/it]
Epoch 41/50:  68%|██████▊   | 27/40 [01:12<00:35,  2.76s/it]
Epoch 41/50:  70%|███████   | 28/40 [01:14<00:31,  2.63s/it]
Epoch 41/50:  72%|███████▎  | 29/40 [01:17<00:29,  2.69s/it]
Epoch 41/50:  75%|███████▌  | 30/40 [01:20<00:25,  2.59s/it]
Epoch 41/50:  78%|███████▊  | 31/40 [01:22<00:22,  2.51s/it]
Epoch 41/50:  80%|████████  | 32/40 [01:25<00:20,  2.61s/it]
Epoch 41/50:  82%|████████▎ | 33/40 [01:28<00:18,  2.68s/it]
Epoch 41/50:  85%|████████▌ | 34/40 [01:31<00:16,  2.73s/it]
Epoch 41/50:  88%|████████▊ | 35/40 [01:33<00:13,  2.61s/it]
Epoch 41/50:  90%|█████████ | 36/40 [01:35<00:10,  2.53s/it]
Epoch 41/50:  92%|█████████▎| 37/40 [01:38<00:07,  2.62s/it]
Epoch 41/50:  95%|█████████▌| 38/40 [01:41<00:05,  2.68s/it]
Epoch 41/50:  98%|█████████▊| 39/40 [01:43<00:02,  2.58s/it]
Epoch 41/50: 100%|██████████| 40/40 [01:45<00:00,  2.34s/it]
Epoch 41/50: 100%|██████████| 40/40 [01:45<00:00,  2.64s/it]

Epoch 41 — avg train loss: 0.0017

[Train classification report — Epoch 41]
                          precision    recall  f1-score   support

             CORRECT_ALL       0.79      0.98      0.88       102
          CORRECT_SUBSET       1.00      0.29      0.45        17
       NO_INTERPRETATION       1.00      0.50      0.67         2
INCORRECT_INTERPRETATION       0.63      0.45      0.52        38

                accuracy                           0.77       159
               macro avg       0.86      0.56      0.63       159
            weighted avg       0.78      0.77      0.74       159


------------------------------------------------------------
DIAGNOSTIC — Epoch 41 | Task: modeling_comprehension
------------------------------------------------------------

[1] Label token ID check
  'CORRECT_ALL' → token_id=128256 → decoded='CORRECT_ALL'
  'CORRECT_SUBSET' → token_id=128257 → decoded='CORRECT_SUBSET'
  'NO_INTERPRETATION' → token_id=128258 → decoded='NO_INTERPRETATION'
  'INCORRECT_INTERPRETATION' → token_id=128259 → decoded='INCORRECT_INTERPRETATION'
  ✓ All label token IDs are unique.

[2] Last-token identity (first 3 val samples)

Diag-val epoch 41:   0%|          | 0/10 [00:00<?, ?it/s]
Diag-val epoch 41:  10%|█         | 1/10 [00:00<00:06,  1.37it/s]
Diag-val epoch 41:  20%|██        | 2/10 [00:01<00:05,  1.36it/s]
Diag-val epoch 41:  30%|███       | 3/10 [00:02<00:05,  1.36it/s]
Diag-val epoch 41:  40%|████      | 4/10 [00:02<00:04,  1.36it/s]
Diag-val epoch 41:  50%|█████     | 5/10 [00:03<00:03,  1.39it/s]
Diag-val epoch 41:  60%|██████    | 6/10 [00:04<00:02,  1.38it/s]
Diag-val epoch 41:  70%|███████   | 7/10 [00:05<00:02,  1.37it/s]
Diag-val epoch 41:  80%|████████  | 8/10 [00:05<00:01,  1.39it/s]
Diag-val epoch 41:  90%|█████████ | 9/10 [00:06<00:00,  1.38it/s]
Diag-val epoch 41: 100%|██████████| 10/10 [00:07<00:00,  1.37it/s]
Diag-val epoch 41: 100%|██████████| 10/10 [00:07<00:00,  1.37it/s]
  Sample 0: last real token=':' (id=25) ✓ | position[-1] token=':' (id=25) ✓
  Sample 1: last real token=':' (id=25) ✓ | position[-1] token=':' (id=25) ✓
  Sample 2: last real token=':' (id=25) ✓ | position[-1] token=':' (id=25) ✓

[3] Logit spread over label tokens (first batch)
  'CORRECT_ALL': mean=19.500  std=3.537  min=14.500  max=22.500
  'CORRECT_SUBSET': mean=9.164  std=3.977  min=4.875  max=13.562
  'NO_INTERPRETATION': mean=9.828  std=2.329  min=7.062  max=12.188
  'INCORRECT_INTERPRETATION': mean=14.703  std=1.450  min=12.875  max=16.375
  Max-min spread per sample: mean=11.055  min=3.812  max=15.594
  (Spread near 0 → model not differentiating labels; large spread → confident predictions)

[4] Prediction vs. true label distribution
  Label                            True %   Pred %
  ------------------------------ -------- --------
  CORRECT_ALL                       62.5%    65.0%
  CORRECT_SUBSET                    10.0%     7.5%
  NO_INTERPRETATION                  2.5%     0.0%
  INCORRECT_INTERPRETATION          25.0%    27.5%

[Classification report — Epoch 41]
                          precision    recall  f1-score   support

             CORRECT_ALL       0.77      0.80      0.78        25
          CORRECT_SUBSET       0.67      0.50      0.57         4
       NO_INTERPRETATION       0.00      0.00      0.00         1
INCORRECT_INTERPRETATION       0.45      0.50      0.48        10

                accuracy                           0.68        40
               macro avg       0.47      0.45      0.46        40
            weighted avg       0.66      0.68      0.67        40

------------------------------------------------------------

Epoch 42/50:   0%|          | 0/40 [00:00<?, ?it/s]
Epoch 42/50:   2%|▎         | 1/40 [00:02<01:31,  2.34s/it]
Epoch 42/50:   5%|▌         | 2/40 [00:04<01:28,  2.34s/it]
Epoch 42/50:   8%|▊         | 3/40 [00:07<01:35,  2.57s/it]
Epoch 42/50:  10%|█         | 4/40 [00:10<01:36,  2.68s/it]
Epoch 42/50:  12%|█▎        | 5/40 [00:13<01:35,  2.74s/it]
Epoch 42/50:  15%|█▌        | 6/40 [00:16<01:34,  2.77s/it]
Epoch 42/50:  18%|█▊        | 7/40 [00:18<01:32,  2.79s/it]
Epoch 42/50:  20%|██        | 8/40 [00:21<01:24,  2.65s/it]
Epoch 42/50:  22%|██▎       | 9/40 [00:23<01:19,  2.55s/it]
Epoch 42/50:  25%|██▌       | 10/40 [00:26<01:19,  2.64s/it]
Epoch 42/50:  28%|██▊       | 11/40 [00:28<01:13,  2.54s/it]
Epoch 42/50:  30%|███       | 12/40 [00:31<01:13,  2.63s/it]
Epoch 42/50:  32%|███▎      | 13/40 [00:34<01:12,  2.70s/it]
Epoch 42/50:  35%|███▌      | 14/40 [00:37<01:11,  2.74s/it]
Epoch 42/50:  38%|███▊      | 15/40 [00:39<01:05,  2.62s/it]
Epoch 42/50:  40%|████      | 16/40 [00:41<01:00,  2.53s/it]
Epoch 42/50:  42%|████▎     | 17/40 [00:44<01:00,  2.63s/it]
Epoch 42/50:  45%|████▌     | 18/40 [00:47<00:59,  2.69s/it]
Epoch 42/50:  48%|████▊     | 19/40 [00:49<00:54,  2.58s/it]
Epoch 42/50:  50%|█████     | 20/40 [00:52<00:53,  2.66s/it]
Epoch 42/50:  52%|█████▎    | 21/40 [00:55<00:51,  2.71s/it]
Epoch 42/50:  55%|█████▌    | 22/40 [00:58<00:49,  2.75s/it]
Epoch 42/50:  57%|█████▊    | 23/40 [01:01<00:47,  2.78s/it]
Epoch 42/50:  60%|██████    | 24/40 [01:04<00:44,  2.80s/it]
Epoch 42/50:  62%|██████▎   | 25/40 [01:06<00:42,  2.81s/it]
Epoch 42/50:  65%|██████▌   | 26/40 [01:09<00:37,  2.67s/it]
Epoch 42/50:  68%|██████▊   | 27/40 [01:12<00:35,  2.72s/it]
Epoch 42/50:  70%|███████   | 28/40 [01:14<00:31,  2.60s/it]
Epoch 42/50:  72%|███████▎  | 29/40 [01:17<00:29,  2.67s/it]
Epoch 42/50:  75%|███████▌  | 30/40 [01:19<00:25,  2.57s/it]
Epoch 42/50:  78%|███████▊  | 31/40 [01:21<00:22,  2.50s/it]
Epoch 42/50:  80%|████████  | 32/40 [01:24<00:19,  2.45s/it]
Epoch 42/50:  82%|████████▎ | 33/40 [01:27<00:17,  2.57s/it]
Epoch 42/50:  85%|████████▌ | 34/40 [01:29<00:14,  2.50s/it]
Epoch 42/50:  88%|████████▊ | 35/40 [01:32<00:12,  2.60s/it]
Epoch 42/50:  90%|█████████ | 36/40 [01:35<00:10,  2.67s/it]
Epoch 42/50:  92%|█████████▎| 37/40 [01:37<00:07,  2.57s/it]
Epoch 42/50:  95%|█████████▌| 38/40 [01:40<00:05,  2.65s/it]
Epoch 42/50:  98%|█████████▊| 39/40 [01:42<00:02,  2.56s/it]
Epoch 42/50: 100%|██████████| 40/40 [01:44<00:00,  2.44s/it]
Epoch 42/50: 100%|██████████| 40/40 [01:44<00:00,  2.62s/it]

Epoch 42 — avg train loss: 0.0016

[Train classification report — Epoch 42]
                          precision    recall  f1-score   support

             CORRECT_ALL       0.81      0.98      0.89       102
          CORRECT_SUBSET       1.00      0.29      0.45        17
       NO_INTERPRETATION       1.00      0.50      0.67         2
INCORRECT_INTERPRETATION       0.67      0.53      0.59        38

                accuracy                           0.79       159
               macro avg       0.87      0.58      0.65       159
            weighted avg       0.80      0.79      0.77       159


------------------------------------------------------------
DIAGNOSTIC — Epoch 42 | Task: modeling_comprehension
------------------------------------------------------------

[1] Label token ID check
  'CORRECT_ALL' → token_id=128256 → decoded='CORRECT_ALL'
  'CORRECT_SUBSET' → token_id=128257 → decoded='CORRECT_SUBSET'
  'NO_INTERPRETATION' → token_id=128258 → decoded='NO_INTERPRETATION'
  'INCORRECT_INTERPRETATION' → token_id=128259 → decoded='INCORRECT_INTERPRETATION'
  ✓ All label token IDs are unique.

[2] Last-token identity (first 3 val samples)

Diag-val epoch 42:   0%|          | 0/10 [00:00<?, ?it/s]
Diag-val epoch 42:  10%|█         | 1/10 [00:00<00:06,  1.37it/s]
Diag-val epoch 42:  20%|██        | 2/10 [00:01<00:05,  1.36it/s]
Diag-val epoch 42:  30%|███       | 3/10 [00:02<00:05,  1.36it/s]
Diag-val epoch 42:  40%|████      | 4/10 [00:02<00:04,  1.36it/s]
Diag-val epoch 42:  50%|█████     | 5/10 [00:03<00:03,  1.39it/s]
Diag-val epoch 42:  60%|██████    | 6/10 [00:04<00:02,  1.38it/s]
Diag-val epoch 42:  70%|███████   | 7/10 [00:05<00:02,  1.37it/s]
Diag-val epoch 42:  80%|████████  | 8/10 [00:05<00:01,  1.39it/s]
Diag-val epoch 42:  90%|█████████ | 9/10 [00:06<00:00,  1.38it/s]
Diag-val epoch 42: 100%|██████████| 10/10 [00:07<00:00,  1.37it/s]
Diag-val epoch 42: 100%|██████████| 10/10 [00:07<00:00,  1.37it/s]
  Sample 0: last real token=':' (id=25) ✓ | position[-1] token=':' (id=25) ✓
  Sample 1: last real token=':' (id=25) ✓ | position[-1] token=':' (id=25) ✓
  Sample 2: last real token=':' (id=25) ✓ | position[-1] token=':' (id=25) ✓

[3] Logit spread over label tokens (first batch)
  'CORRECT_ALL': mean=19.672  std=3.378  min=14.938  max=22.500
  'CORRECT_SUBSET': mean=9.125  std=3.920  min=5.062  max=13.500
  'NO_INTERPRETATION': mean=9.914  std=2.358  min=7.156  max=12.438
  'INCORRECT_INTERPRETATION': mean=14.703  std=1.463  min=12.812  max=16.375
  Max-min spread per sample: mean=11.125  min=3.750  max=15.812
  (Spread near 0 → model not differentiating labels; large spread → confident predictions)

[4] Prediction vs. true label distribution
  Label                            True %   Pred %
  ------------------------------ -------- --------
  CORRECT_ALL                       62.5%    67.5%
  CORRECT_SUBSET                    10.0%     7.5%
  NO_INTERPRETATION                  2.5%     0.0%
  INCORRECT_INTERPRETATION          25.0%    25.0%

[Classification report — Epoch 42]
                          precision    recall  f1-score   support

             CORRECT_ALL       0.74      0.80      0.77        25
          CORRECT_SUBSET       0.67      0.50      0.57         4
       NO_INTERPRETATION       0.00      0.00      0.00         1
INCORRECT_INTERPRETATION       0.40      0.40      0.40        10

                accuracy                           0.65        40
               macro avg       0.45      0.43      0.44        40
            weighted avg       0.63      0.65      0.64        40

------------------------------------------------------------

Epoch 43/50:   0%|          | 0/40 [00:00<?, ?it/s]
Epoch 43/50:   2%|▎         | 1/40 [00:02<01:31,  2.35s/it]
Epoch 43/50:   5%|▌         | 2/40 [00:05<01:40,  2.64s/it]
Epoch 43/50:   8%|▊         | 3/40 [00:08<01:40,  2.73s/it]
Epoch 43/50:  10%|█         | 4/40 [00:10<01:39,  2.77s/it]
Epoch 43/50:  12%|█▎        | 5/40 [00:13<01:37,  2.80s/it]
Epoch 43/50:  15%|█▌        | 6/40 [00:16<01:35,  2.81s/it]
Epoch 43/50:  18%|█▊        | 7/40 [00:19<01:33,  2.82s/it]
Epoch 43/50:  20%|██        | 8/40 [00:22<01:30,  2.82s/it]
Epoch 43/50:  22%|██▎       | 9/40 [00:24<01:22,  2.67s/it]
Epoch 43/50:  25%|██▌       | 10/40 [00:26<01:17,  2.57s/it]
Epoch 43/50:  28%|██▊       | 11/40 [00:29<01:16,  2.65s/it]
Epoch 43/50:  30%|███       | 12/40 [00:32<01:15,  2.71s/it]
Epoch 43/50:  32%|███▎      | 13/40 [00:35<01:14,  2.75s/it]
Epoch 43/50:  35%|███▌      | 14/40 [00:37<01:08,  2.62s/it]
Epoch 43/50:  38%|███▊      | 15/40 [00:40<01:07,  2.69s/it]
Epoch 43/50:  40%|████      | 16/40 [00:42<01:01,  2.58s/it]
Epoch 43/50:  42%|████▎     | 17/40 [00:45<00:57,  2.51s/it]
Epoch 43/50:  45%|████▌     | 18/40 [00:47<00:54,  2.46s/it]
Epoch 43/50:  48%|████▊     | 19/40 [00:50<00:53,  2.57s/it]
Epoch 43/50:  50%|█████     | 20/40 [00:52<00:49,  2.50s/it]
Epoch 43/50:  52%|█████▎    | 21/40 [00:55<00:49,  2.60s/it]
Epoch 43/50:  55%|█████▌    | 22/40 [00:58<00:48,  2.67s/it]
Epoch 43/50:  57%|█████▊    | 23/40 [01:01<00:46,  2.72s/it]
Epoch 43/50:  60%|██████    | 24/40 [01:04<00:44,  2.76s/it]
Epoch 43/50:  62%|██████▎   | 25/40 [01:06<00:41,  2.78s/it]
Epoch 43/50:  65%|██████▌   | 26/40 [01:09<00:39,  2.80s/it]
Epoch 43/50:  68%|██████▊   | 27/40 [01:12<00:36,  2.81s/it]
Epoch 43/50:  70%|███████   | 28/40 [01:14<00:32,  2.67s/it]
Epoch 43/50:  72%|███████▎  | 29/40 [01:17<00:29,  2.72s/it]
Epoch 43/50:  75%|███████▌  | 30/40 [01:20<00:27,  2.76s/it]
Epoch 43/50:  78%|███████▊  | 31/40 [01:22<00:23,  2.63s/it]
Epoch 43/50:  80%|████████  | 32/40 [01:25<00:20,  2.54s/it]
Epoch 43/50:  82%|████████▎ | 33/40 [01:28<00:18,  2.63s/it]
Epoch 43/50:  85%|████████▌ | 34/40 [01:30<00:16,  2.69s/it]
Epoch 43/50:  88%|████████▊ | 35/40 [01:33<00:13,  2.74s/it]
Epoch 43/50:  90%|█████████ | 36/40 [01:36<00:10,  2.61s/it]
Epoch 43/50:  92%|█████████▎| 37/40 [01:38<00:08,  2.68s/it]
Epoch 43/50:  95%|█████████▌| 38/40 [01:41<00:05,  2.73s/it]
Epoch 43/50:  98%|█████████▊| 39/40 [01:44<00:02,  2.61s/it]
Epoch 43/50: 100%|██████████| 40/40 [01:45<00:00,  2.36s/it]
Epoch 43/50: 100%|██████████| 40/40 [01:45<00:00,  2.65s/it]

Epoch 43 — avg train loss: 0.0016

[Train classification report — Epoch 43]
                          precision    recall  f1-score   support

             CORRECT_ALL       0.80      0.98      0.88       102
          CORRECT_SUBSET       1.00      0.29      0.45        17
       NO_INTERPRETATION       1.00      0.50      0.67         2
INCORRECT_INTERPRETATION       0.64      0.47      0.55        38

                accuracy                           0.78       159
               macro avg       0.86      0.56      0.64       159
            weighted avg       0.79      0.78      0.75       159


------------------------------------------------------------
DIAGNOSTIC — Epoch 43 | Task: modeling_comprehension
------------------------------------------------------------

[1] Label token ID check
  'CORRECT_ALL' → token_id=128256 → decoded='CORRECT_ALL'
  'CORRECT_SUBSET' → token_id=128257 → decoded='CORRECT_SUBSET'
  'NO_INTERPRETATION' → token_id=128258 → decoded='NO_INTERPRETATION'
  'INCORRECT_INTERPRETATION' → token_id=128259 → decoded='INCORRECT_INTERPRETATION'
  ✓ All label token IDs are unique.

[2] Last-token identity (first 3 val samples)

Diag-val epoch 43:   0%|          | 0/10 [00:00<?, ?it/s]
Diag-val epoch 43:  10%|█         | 1/10 [00:00<00:06,  1.37it/s]
Diag-val epoch 43:  20%|██        | 2/10 [00:01<00:05,  1.36it/s]
Diag-val epoch 43:  30%|███       | 3/10 [00:02<00:05,  1.36it/s]
Diag-val epoch 43:  40%|████      | 4/10 [00:02<00:04,  1.36it/s]
Diag-val epoch 43:  50%|█████     | 5/10 [00:03<00:03,  1.39it/s]
Diag-val epoch 43:  60%|██████    | 6/10 [00:04<00:02,  1.37it/s]
Diag-val epoch 43:  70%|███████   | 7/10 [00:05<00:02,  1.37it/s]
Diag-val epoch 43:  80%|████████  | 8/10 [00:05<00:01,  1.39it/s]
Diag-val epoch 43:  90%|█████████ | 9/10 [00:06<00:00,  1.38it/s]
Diag-val epoch 43: 100%|██████████| 10/10 [00:07<00:00,  1.37it/s]
Diag-val epoch 43: 100%|██████████| 10/10 [00:07<00:00,  1.37it/s]
  Sample 0: last real token=':' (id=25) ✓ | position[-1] token=':' (id=25) ✓
  Sample 1: last real token=':' (id=25) ✓ | position[-1] token=':' (id=25) ✓
  Sample 2: last real token=':' (id=25) ✓ | position[-1] token=':' (id=25) ✓

[3] Logit spread over label tokens (first batch)
  'CORRECT_ALL': mean=19.719  std=3.398  min=15.000  max=22.750
  'CORRECT_SUBSET': mean=9.102  std=3.911  min=5.094  max=13.500
  'NO_INTERPRETATION': mean=9.820  std=2.346  min=6.969  max=12.250
  'INCORRECT_INTERPRETATION': mean=14.719  std=1.492  min=12.750  max=16.375
  Max-min spread per sample: mean=11.211  min=3.875  max=16.125
  (Spread near 0 → model not differentiating labels; large spread → confident predictions)

[4] Prediction vs. true label distribution
  Label                            True %   Pred %
  ------------------------------ -------- --------
  CORRECT_ALL                       62.5%    67.5%
  CORRECT_SUBSET                    10.0%     7.5%
  NO_INTERPRETATION                  2.5%     0.0%
  INCORRECT_INTERPRETATION          25.0%    25.0%

[Classification report — Epoch 43]
                          precision    recall  f1-score   support

             CORRECT_ALL       0.74      0.80      0.77        25
          CORRECT_SUBSET       0.67      0.50      0.57         4
       NO_INTERPRETATION       0.00      0.00      0.00         1
INCORRECT_INTERPRETATION       0.40      0.40      0.40        10

                accuracy                           0.65        40
               macro avg       0.45      0.43      0.44        40
            weighted avg       0.63      0.65      0.64        40

------------------------------------------------------------

Epoch 44/50:   0%|          | 0/40 [00:00<?, ?it/s]
Epoch 44/50:   2%|▎         | 1/40 [00:02<01:51,  2.85s/it]
Epoch 44/50:   5%|▌         | 2/40 [00:05<01:47,  2.84s/it]
Epoch 44/50:   8%|▊         | 3/40 [00:08<01:45,  2.84s/it]
Epoch 44/50:  10%|█         | 4/40 [00:11<01:42,  2.84s/it]
Epoch 44/50:  12%|█▎        | 5/40 [00:13<01:33,  2.66s/it]
Epoch 44/50:  15%|█▌        | 6/40 [00:16<01:26,  2.55s/it]
Epoch 44/50:  18%|█▊        | 7/40 [00:18<01:27,  2.64s/it]
Epoch 44/50:  20%|██        | 8/40 [00:21<01:26,  2.71s/it]
Epoch 44/50:  22%|██▎       | 9/40 [00:24<01:20,  2.59s/it]
Epoch 44/50:  25%|██▌       | 10/40 [00:26<01:20,  2.67s/it]
Epoch 44/50:  28%|██▊       | 11/40 [00:29<01:18,  2.72s/it]
Epoch 44/50:  30%|███       | 12/40 [00:32<01:17,  2.76s/it]
Epoch 44/50:  32%|███▎      | 13/40 [00:35<01:15,  2.78s/it]
Epoch 44/50:  35%|███▌      | 14/40 [00:37<01:08,  2.65s/it]
Epoch 44/50:  38%|███▊      | 15/40 [00:40<01:07,  2.71s/it]
Epoch 44/50:  40%|████      | 16/40 [00:43<01:05,  2.75s/it]
Epoch 44/50:  42%|████▎     | 17/40 [00:45<01:00,  2.62s/it]
Epoch 44/50:  45%|████▌     | 18/40 [00:48<00:59,  2.69s/it]
Epoch 44/50:  48%|████▊     | 19/40 [00:51<00:57,  2.73s/it]
Epoch 44/50:  50%|█████     | 20/40 [00:54<00:55,  2.76s/it]
Epoch 44/50:  52%|█████▎    | 21/40 [00:57<00:52,  2.79s/it]
Epoch 44/50:  55%|█████▌    | 22/40 [00:59<00:50,  2.80s/it]
Epoch 44/50:  57%|█████▊    | 23/40 [01:02<00:45,  2.66s/it]
Epoch 44/50:  60%|██████    | 24/40 [01:05<00:43,  2.71s/it]
Epoch 44/50:  62%|██████▎   | 25/40 [01:07<00:41,  2.75s/it]
Epoch 44/50:  65%|██████▌   | 26/40 [01:10<00:38,  2.78s/it]
Epoch 44/50:  68%|██████▊   | 27/40 [01:13<00:36,  2.80s/it]
Epoch 44/50:  70%|███████   | 28/40 [01:16<00:33,  2.81s/it]
Epoch 44/50:  72%|███████▎  | 29/40 [01:19<00:30,  2.82s/it]
Epoch 44/50:  75%|███████▌  | 30/40 [01:22<00:28,  2.82s/it]
Epoch 44/50:  78%|███████▊  | 31/40 [01:24<00:25,  2.83s/it]
Epoch 44/50:  80%|████████  | 32/40 [01:27<00:22,  2.83s/it]
Epoch 44/50:  82%|████████▎ | 33/40 [01:30<00:19,  2.83s/it]
Epoch 44/50:  85%|████████▌ | 34/40 [01:33<00:17,  2.84s/it]
Epoch 44/50:  88%|████████▊ | 35/40 [01:36<00:14,  2.84s/it]
Epoch 44/50:  90%|█████████ | 36/40 [01:38<00:10,  2.69s/it]
Epoch 44/50:  92%|█████████▎| 37/40 [01:41<00:07,  2.58s/it]
Epoch 44/50:  95%|█████████▌| 38/40 [01:43<00:05,  2.51s/it]
Epoch 44/50:  98%|█████████▊| 39/40 [01:45<00:02,  2.46s/it]
Epoch 44/50: 100%|██████████| 40/40 [01:47<00:00,  2.25s/it]
Epoch 44/50: 100%|██████████| 40/40 [01:47<00:00,  2.69s/it]

Epoch 44 — avg train loss: 0.0016

[Train classification report — Epoch 44]
                          precision    recall  f1-score   support

             CORRECT_ALL       0.80      0.98      0.88       102
          CORRECT_SUBSET       1.00      0.29      0.45        17
       NO_INTERPRETATION       1.00      0.50      0.67         2
INCORRECT_INTERPRETATION       0.64      0.47      0.55        38

                accuracy                           0.78       159
               macro avg       0.86      0.56      0.64       159
            weighted avg       0.79      0.78      0.75       159


------------------------------------------------------------
DIAGNOSTIC — Epoch 44 | Task: modeling_comprehension
------------------------------------------------------------

[1] Label token ID check
  'CORRECT_ALL' → token_id=128256 → decoded='CORRECT_ALL'
  'CORRECT_SUBSET' → token_id=128257 → decoded='CORRECT_SUBSET'
  'NO_INTERPRETATION' → token_id=128258 → decoded='NO_INTERPRETATION'
  'INCORRECT_INTERPRETATION' → token_id=128259 → decoded='INCORRECT_INTERPRETATION'
  ✓ All label token IDs are unique.

[2] Last-token identity (first 3 val samples)

Diag-val epoch 44:   0%|          | 0/10 [00:00<?, ?it/s]
Diag-val epoch 44:  10%|█         | 1/10 [00:00<00:06,  1.37it/s]
Diag-val epoch 44:  20%|██        | 2/10 [00:01<00:05,  1.36it/s]
Diag-val epoch 44:  30%|███       | 3/10 [00:02<00:05,  1.36it/s]
Diag-val epoch 44:  40%|████      | 4/10 [00:02<00:04,  1.35it/s]
Diag-val epoch 44:  50%|█████     | 5/10 [00:03<00:03,  1.38it/s]
Diag-val epoch 44:  60%|██████    | 6/10 [00:04<00:02,  1.37it/s]
Diag-val epoch 44:  70%|███████   | 7/10 [00:05<00:02,  1.37it/s]
Diag-val epoch 44:  80%|████████  | 8/10 [00:05<00:01,  1.39it/s]
Diag-val epoch 44:  90%|█████████ | 9/10 [00:06<00:00,  1.38it/s]
Diag-val epoch 44: 100%|██████████| 10/10 [00:07<00:00,  1.37it/s]
Diag-val epoch 44: 100%|██████████| 10/10 [00:07<00:00,  1.37it/s]
  Sample 0: last real token=':' (id=25) ✓ | position[-1] token=':' (id=25) ✓
  Sample 1: last real token=':' (id=25) ✓ | position[-1] token=':' (id=25) ✓
  Sample 2: last real token=':' (id=25) ✓ | position[-1] token=':' (id=25) ✓

[3] Logit spread over label tokens (first batch)
  'CORRECT_ALL': mean=19.719  std=3.504  min=14.875  max=22.750
  'CORRECT_SUBSET': mean=9.047  std=3.922  min=5.000  max=13.500
  'NO_INTERPRETATION': mean=9.977  std=2.394  min=7.031  max=12.250
  'INCORRECT_INTERPRETATION': mean=14.719  std=1.580  min=12.688  max=16.500
  Max-min spread per sample: mean=11.219  min=3.562  max=16.125
  (Spread near 0 → model not differentiating labels; large spread → confident predictions)

[4] Prediction vs. true label distribution
  Label                            True %   Pred %
  ------------------------------ -------- --------
  CORRECT_ALL                       62.5%    65.0%
  CORRECT_SUBSET                    10.0%     7.5%
  NO_INTERPRETATION                  2.5%     0.0%
  INCORRECT_INTERPRETATION          25.0%    27.5%

[Classification report — Epoch 44]
                          precision    recall  f1-score   support

             CORRECT_ALL       0.77      0.80      0.78        25
          CORRECT_SUBSET       0.67      0.50      0.57         4
       NO_INTERPRETATION       0.00      0.00      0.00         1
INCORRECT_INTERPRETATION       0.45      0.50      0.48        10

                accuracy                           0.68        40
               macro avg       0.47      0.45      0.46        40
            weighted avg       0.66      0.68      0.67        40

------------------------------------------------------------

Epoch 45/50:   0%|          | 0/40 [00:00<?, ?it/s]
Epoch 45/50:   2%|▎         | 1/40 [00:02<01:50,  2.84s/it]
Epoch 45/50:   5%|▌         | 2/40 [00:05<01:47,  2.84s/it]
Epoch 45/50:   8%|▊         | 3/40 [00:08<01:36,  2.61s/it]
Epoch 45/50:  10%|█         | 4/40 [00:10<01:30,  2.50s/it]
Epoch 45/50:  12%|█▎        | 5/40 [00:13<01:31,  2.62s/it]
Epoch 45/50:  15%|█▌        | 6/40 [00:16<01:31,  2.70s/it]
Epoch 45/50:  18%|█▊        | 7/40 [00:18<01:25,  2.58s/it]
Epoch 45/50:  20%|██        | 8/40 [00:21<01:25,  2.66s/it]
Epoch 45/50:  22%|██▎       | 9/40 [00:23<01:19,  2.56s/it]
Epoch 45/50:  25%|██▌       | 10/40 [00:26<01:19,  2.65s/it]
Epoch 45/50:  28%|██▊       | 11/40 [00:29<01:18,  2.71s/it]
Epoch 45/50:  30%|███       | 12/40 [00:31<01:12,  2.60s/it]
Epoch 45/50:  32%|███▎      | 13/40 [00:34<01:12,  2.67s/it]
Epoch 45/50:  35%|███▌      | 14/40 [00:36<01:06,  2.57s/it]
Epoch 45/50:  38%|███▊      | 15/40 [00:39<01:02,  2.50s/it]
Epoch 45/50:  40%|████      | 16/40 [00:41<01:02,  2.60s/it]
Epoch 45/50:  42%|████▎     | 17/40 [00:44<00:58,  2.52s/it]
Epoch 45/50:  45%|████▌     | 18/40 [00:47<00:57,  2.62s/it]
Epoch 45/50:  48%|████▊     | 19/40 [00:49<00:56,  2.68s/it]
Epoch 45/50:  50%|█████     | 20/40 [00:52<00:54,  2.73s/it]
Epoch 45/50:  52%|█████▎    | 21/40 [00:55<00:52,  2.76s/it]
Epoch 45/50:  55%|█████▌    | 22/40 [00:58<00:50,  2.79s/it]
Epoch 45/50:  57%|█████▊    | 23/40 [01:01<00:47,  2.80s/it]
Epoch 45/50:  60%|██████    | 24/40 [01:04<00:45,  2.81s/it]
Epoch 45/50:  62%|██████▎   | 25/40 [01:06<00:42,  2.82s/it]
Epoch 45/50:  65%|██████▌   | 26/40 [01:09<00:37,  2.68s/it]
Epoch 45/50:  68%|██████▊   | 27/40 [01:12<00:35,  2.73s/it]
Epoch 45/50:  70%|███████   | 28/40 [01:14<00:33,  2.76s/it]
Epoch 45/50:  72%|███████▎  | 29/40 [01:17<00:28,  2.63s/it]
Epoch 45/50:  75%|███████▌  | 30/40 [01:20<00:26,  2.69s/it]
Epoch 45/50:  78%|███████▊  | 31/40 [01:23<00:24,  2.74s/it]
Epoch 45/50:  80%|████████  | 32/40 [01:25<00:22,  2.77s/it]
Epoch 45/50:  82%|████████▎ | 33/40 [01:28<00:19,  2.79s/it]
Epoch 45/50:  85%|████████▌ | 34/40 [01:31<00:16,  2.80s/it]
Epoch 45/50:  88%|████████▊ | 35/40 [01:33<00:13,  2.66s/it]
Epoch 45/50:  90%|█████████ | 36/40 [01:36<00:10,  2.57s/it]
Epoch 45/50:  92%|█████████▎| 37/40 [01:38<00:07,  2.50s/it]
Epoch 45/50:  95%|█████████▌| 38/40 [01:40<00:04,  2.45s/it]
Epoch 45/50:  98%|█████████▊| 39/40 [01:43<00:02,  2.42s/it]
Epoch 45/50: 100%|██████████| 40/40 [01:44<00:00,  2.22s/it]
Epoch 45/50: 100%|██████████| 40/40 [01:44<00:00,  2.62s/it]

Epoch 45 — avg train loss: 0.0014

[Train classification report — Epoch 45]
                          precision    recall  f1-score   support

             CORRECT_ALL       0.80      0.98      0.88       102
          CORRECT_SUBSET       1.00      0.29      0.45        17
       NO_INTERPRETATION       1.00      0.50      0.67         2
INCORRECT_INTERPRETATION       0.64      0.47      0.55        38

                accuracy                           0.78       159
               macro avg       0.86      0.56      0.64       159
            weighted avg       0.79      0.78      0.75       159


------------------------------------------------------------
DIAGNOSTIC — Epoch 45 | Task: modeling_comprehension
------------------------------------------------------------

[1] Label token ID check
  'CORRECT_ALL' → token_id=128256 → decoded='CORRECT_ALL'
  'CORRECT_SUBSET' → token_id=128257 → decoded='CORRECT_SUBSET'
  'NO_INTERPRETATION' → token_id=128258 → decoded='NO_INTERPRETATION'
  'INCORRECT_INTERPRETATION' → token_id=128259 → decoded='INCORRECT_INTERPRETATION'
  ✓ All label token IDs are unique.

[2] Last-token identity (first 3 val samples)

Diag-val epoch 45:   0%|          | 0/10 [00:00<?, ?it/s]
Diag-val epoch 45:  10%|█         | 1/10 [00:00<00:06,  1.37it/s]
Diag-val epoch 45:  20%|██        | 2/10 [00:01<00:05,  1.36it/s]
Diag-val epoch 45:  30%|███       | 3/10 [00:02<00:05,  1.36it/s]
Diag-val epoch 45:  40%|████      | 4/10 [00:02<00:04,  1.35it/s]
Diag-val epoch 45:  50%|█████     | 5/10 [00:03<00:03,  1.39it/s]
Diag-val epoch 45:  60%|██████    | 6/10 [00:04<00:02,  1.38it/s]
Diag-val epoch 45:  70%|███████   | 7/10 [00:05<00:02,  1.37it/s]
Diag-val epoch 45:  80%|████████  | 8/10 [00:05<00:01,  1.39it/s]
Diag-val epoch 45:  90%|█████████ | 9/10 [00:06<00:00,  1.38it/s]
Diag-val epoch 45: 100%|██████████| 10/10 [00:07<00:00,  1.37it/s]
Diag-val epoch 45: 100%|██████████| 10/10 [00:07<00:00,  1.37it/s]
  Sample 0: last real token=':' (id=25) ✓ | position[-1] token=':' (id=25) ✓
  Sample 1: last real token=':' (id=25) ✓ | position[-1] token=':' (id=25) ✓
  Sample 2: last real token=':' (id=25) ✓ | position[-1] token=':' (id=25) ✓

[3] Logit spread over label tokens (first batch)
  'CORRECT_ALL': mean=19.750  std=3.608  min=14.625  max=22.625
  'CORRECT_SUBSET': mean=9.000  std=3.825  min=5.000  max=13.500
  'NO_INTERPRETATION': mean=9.914  std=2.288  min=7.094  max=12.125
  'INCORRECT_INTERPRETATION': mean=14.734  std=1.521  min=12.625  max=16.250
  Max-min spread per sample: mean=11.406  min=3.750  max=15.812
  (Spread near 0 → model not differentiating labels; large spread → confident predictions)

[4] Prediction vs. true label distribution
  Label                            True %   Pred %
  ------------------------------ -------- --------
  CORRECT_ALL                       62.5%    65.0%
  CORRECT_SUBSET                    10.0%     7.5%
  NO_INTERPRETATION                  2.5%     0.0%
  INCORRECT_INTERPRETATION          25.0%    27.5%

[Classification report — Epoch 45]
                          precision    recall  f1-score   support

             CORRECT_ALL       0.77      0.80      0.78        25
          CORRECT_SUBSET       0.67      0.50      0.57         4
       NO_INTERPRETATION       0.00      0.00      0.00         1
INCORRECT_INTERPRETATION       0.45      0.50      0.48        10

                accuracy                           0.68        40
               macro avg       0.47      0.45      0.46        40
            weighted avg       0.66      0.68      0.67        40

------------------------------------------------------------

Epoch 46/50:   0%|          | 0/40 [00:00<?, ?it/s]
Epoch 46/50:   2%|▎         | 1/40 [00:02<01:51,  2.85s/it]
Epoch 46/50:   5%|▌         | 2/40 [00:05<01:36,  2.55s/it]
Epoch 46/50:   8%|▊         | 3/40 [00:08<01:39,  2.68s/it]
Epoch 46/50:  10%|█         | 4/40 [00:10<01:38,  2.74s/it]
Epoch 46/50:  12%|█▎        | 5/40 [00:13<01:30,  2.60s/it]
Epoch 46/50:  15%|█▌        | 6/40 [00:16<01:31,  2.68s/it]
Epoch 46/50:  18%|█▊        | 7/40 [00:18<01:30,  2.73s/it]
Epoch 46/50:  20%|██        | 8/40 [00:21<01:28,  2.77s/it]
Epoch 46/50:  22%|██▎       | 9/40 [00:24<01:26,  2.79s/it]
Epoch 46/50:  25%|██▌       | 10/40 [00:27<01:24,  2.81s/it]
Epoch 46/50:  28%|██▊       | 11/40 [00:30<01:21,  2.82s/it]
Epoch 46/50:  30%|███       | 12/40 [00:32<01:14,  2.67s/it]
Epoch 46/50:  32%|███▎      | 13/40 [00:34<01:09,  2.57s/it]
Epoch 46/50:  35%|███▌      | 14/40 [00:37<01:08,  2.65s/it]
Epoch 46/50:  38%|███▊      | 15/40 [00:40<01:03,  2.56s/it]
Epoch 46/50:  40%|████      | 16/40 [00:42<01:03,  2.64s/it]
Epoch 46/50:  42%|████▎     | 17/40 [00:45<01:02,  2.70s/it]
Epoch 46/50:  45%|████▌     | 18/40 [00:48<00:57,  2.59s/it]
Epoch 46/50:  48%|████▊     | 19/40 [00:50<00:56,  2.67s/it]
Epoch 46/50:  50%|█████     | 20/40 [00:53<00:54,  2.72s/it]
Epoch 46/50:  52%|█████▎    | 21/40 [00:56<00:52,  2.75s/it]
Epoch 46/50:  55%|█████▌    | 22/40 [00:59<00:50,  2.78s/it]
Epoch 46/50:  57%|█████▊    | 23/40 [01:02<00:47,  2.80s/it]
Epoch 46/50:  60%|██████    | 24/40 [01:05<00:44,  2.81s/it]
Epoch 46/50:  62%|██████▎   | 25/40 [01:07<00:40,  2.67s/it]
Epoch 46/50:  65%|██████▌   | 26/40 [01:10<00:38,  2.72s/it]
Epoch 46/50:  68%|██████▊   | 27/40 [01:13<00:35,  2.76s/it]
Epoch 46/50:  70%|███████   | 28/40 [01:16<00:33,  2.78s/it]
Epoch 46/50:  72%|███████▎  | 29/40 [01:18<00:30,  2.80s/it]
Epoch 46/50:  75%|███████▌  | 30/40 [01:21<00:28,  2.81s/it]
Epoch 46/50:  78%|███████▊  | 31/40 [01:24<00:25,  2.82s/it]
Epoch 46/50:  80%|████████  | 32/40 [01:27<00:22,  2.82s/it]
Epoch 46/50:  82%|████████▎ | 33/40 [01:29<00:18,  2.68s/it]
Epoch 46/50:  85%|████████▌ | 34/40 [01:32<00:15,  2.57s/it]
Epoch 46/50:  88%|████████▊ | 35/40 [01:34<00:12,  2.50s/it]
Epoch 46/50:  90%|█████████ | 36/40 [01:37<00:10,  2.60s/it]
Epoch 46/50:  92%|█████████▎| 37/40 [01:39<00:07,  2.61s/it]
Epoch 46/50:  95%|█████████▌| 38/40 [01:42<00:05,  2.68s/it]
Epoch 46/50:  98%|█████████▊| 39/40 [01:45<00:02,  2.58s/it]
Epoch 46/50: 100%|██████████| 40/40 [01:46<00:00,  2.34s/it]
Epoch 46/50: 100%|██████████| 40/40 [01:46<00:00,  2.67s/it]

Epoch 46 — avg train loss: 0.0017

[Train classification report — Epoch 46]
                          precision    recall  f1-score   support

             CORRECT_ALL       0.79      0.98      0.88       102
          CORRECT_SUBSET       1.00      0.29      0.45        17
       NO_INTERPRETATION       1.00      0.50      0.67         2
INCORRECT_INTERPRETATION       0.63      0.45      0.52        38

                accuracy                           0.77       159
               macro avg       0.86      0.56      0.63       159
            weighted avg       0.78      0.77      0.74       159


------------------------------------------------------------
DIAGNOSTIC — Epoch 46 | Task: modeling_comprehension
------------------------------------------------------------

[1] Label token ID check
  'CORRECT_ALL' → token_id=128256 → decoded='CORRECT_ALL'
  'CORRECT_SUBSET' → token_id=128257 → decoded='CORRECT_SUBSET'
  'NO_INTERPRETATION' → token_id=128258 → decoded='NO_INTERPRETATION'
  'INCORRECT_INTERPRETATION' → token_id=128259 → decoded='INCORRECT_INTERPRETATION'
  ✓ All label token IDs are unique.

[2] Last-token identity (first 3 val samples)

Diag-val epoch 46:   0%|          | 0/10 [00:00<?, ?it/s]
Diag-val epoch 46:  10%|█         | 1/10 [00:00<00:06,  1.37it/s]
Diag-val epoch 46:  20%|██        | 2/10 [00:01<00:05,  1.36it/s]
Diag-val epoch 46:  30%|███       | 3/10 [00:02<00:05,  1.36it/s]
Diag-val epoch 46:  40%|████      | 4/10 [00:02<00:04,  1.36it/s]
Diag-val epoch 46:  50%|█████     | 5/10 [00:03<00:03,  1.39it/s]
Diag-val epoch 46:  60%|██████    | 6/10 [00:04<00:02,  1.37it/s]
Diag-val epoch 46:  70%|███████   | 7/10 [00:05<00:02,  1.37it/s]
Diag-val epoch 46:  80%|████████  | 8/10 [00:05<00:01,  1.39it/s]
Diag-val epoch 46:  90%|█████████ | 9/10 [00:06<00:00,  1.38it/s]
Diag-val epoch 46: 100%|██████████| 10/10 [00:07<00:00,  1.37it/s]
Diag-val epoch 46: 100%|██████████| 10/10 [00:07<00:00,  1.37it/s]
  Sample 0: last real token=':' (id=25) ✓ | position[-1] token=':' (id=25) ✓
  Sample 1: last real token=':' (id=25) ✓ | position[-1] token=':' (id=25) ✓
  Sample 2: last real token=':' (id=25) ✓ | position[-1] token=':' (id=25) ✓

[3] Logit spread over label tokens (first batch)
  'CORRECT_ALL': mean=19.656  std=3.478  min=14.750  max=22.625
  'CORRECT_SUBSET': mean=9.109  std=3.937  min=5.031  max=13.500
  'NO_INTERPRETATION': mean=9.930  std=2.261  min=7.219  max=12.250
  'INCORRECT_INTERPRETATION': mean=14.781  std=1.433  min=12.812  max=16.250
  Max-min spread per sample: mean=11.172  min=3.750  max=15.969
  (Spread near 0 → model not differentiating labels; large spread → confident predictions)

[4] Prediction vs. true label distribution
  Label                            True %   Pred %
  ------------------------------ -------- --------
  CORRECT_ALL                       62.5%    65.0%
  CORRECT_SUBSET                    10.0%     7.5%
  NO_INTERPRETATION                  2.5%     0.0%
  INCORRECT_INTERPRETATION          25.0%    27.5%

[Classification report — Epoch 46]
                          precision    recall  f1-score   support

             CORRECT_ALL       0.77      0.80      0.78        25
          CORRECT_SUBSET       0.67      0.50      0.57         4
       NO_INTERPRETATION       0.00      0.00      0.00         1
INCORRECT_INTERPRETATION       0.45      0.50      0.48        10

                accuracy                           0.68        40
               macro avg       0.47      0.45      0.46        40
            weighted avg       0.66      0.68      0.67        40

------------------------------------------------------------

Epoch 47/50:   0%|          | 0/40 [00:00<?, ?it/s]
Epoch 47/50:   2%|▎         | 1/40 [00:02<01:31,  2.35s/it]
Epoch 47/50:   5%|▌         | 2/40 [00:04<01:28,  2.34s/it]
Epoch 47/50:   8%|▊         | 3/40 [00:07<01:26,  2.34s/it]
Epoch 47/50:  10%|█         | 4/40 [00:09<01:24,  2.34s/it]
Epoch 47/50:  12%|█▎        | 5/40 [00:11<01:21,  2.34s/it]
Epoch 47/50:  15%|█▌        | 6/40 [00:14<01:25,  2.51s/it]
Epoch 47/50:  18%|█▊        | 7/40 [00:17<01:26,  2.61s/it]
Epoch 47/50:  20%|██        | 8/40 [00:20<01:25,  2.69s/it]
Epoch 47/50:  22%|██▎       | 9/40 [00:22<01:19,  2.58s/it]
Epoch 47/50:  25%|██▌       | 10/40 [00:25<01:19,  2.66s/it]
Epoch 47/50:  28%|██▊       | 11/40 [00:28<01:18,  2.71s/it]
Epoch 47/50:  30%|███       | 12/40 [00:30<01:12,  2.60s/it]
Epoch 47/50:  32%|███▎      | 13/40 [00:33<01:12,  2.67s/it]
Epoch 47/50:  35%|███▌      | 14/40 [00:36<01:10,  2.72s/it]
Epoch 47/50:  38%|███▊      | 15/40 [00:39<01:08,  2.76s/it]
Epoch 47/50:  40%|████      | 16/40 [00:41<01:06,  2.78s/it]
Epoch 47/50:  42%|████▎     | 17/40 [00:44<01:04,  2.80s/it]
Epoch 47/50:  45%|████▌     | 18/40 [00:47<01:01,  2.81s/it]
Epoch 47/50:  48%|████▊     | 19/40 [00:49<00:56,  2.67s/it]
Epoch 47/50:  50%|█████     | 20/40 [00:52<00:53,  2.69s/it]
Epoch 47/50:  52%|█████▎    | 21/40 [00:55<00:51,  2.74s/it]
Epoch 47/50:  55%|█████▌    | 22/40 [00:57<00:47,  2.62s/it]
Epoch 47/50:  57%|█████▊    | 23/40 [01:00<00:43,  2.53s/it]
Epoch 47/50:  60%|██████    | 24/40 [01:02<00:39,  2.47s/it]
Epoch 47/50:  62%|██████▎   | 25/40 [01:04<00:36,  2.43s/it]
Epoch 47/50:  65%|██████▌   | 26/40 [01:07<00:35,  2.55s/it]
Epoch 47/50:  68%|██████▊   | 27/40 [01:10<00:32,  2.49s/it]
Epoch 47/50:  70%|███████   | 28/40 [01:12<00:31,  2.59s/it]
Epoch 47/50:  72%|███████▎  | 29/40 [01:15<00:29,  2.67s/it]
Epoch 47/50:  75%|███████▌  | 30/40 [01:18<00:27,  2.72s/it]
Epoch 47/50:  78%|███████▊  | 31/40 [01:20<00:23,  2.60s/it]
Epoch 47/50:  80%|████████  | 32/40 [01:23<00:21,  2.68s/it]
Epoch 47/50:  82%|████████▎ | 33/40 [01:26<00:19,  2.73s/it]
Epoch 47/50:  85%|████████▌ | 34/40 [01:29<00:16,  2.76s/it]
Epoch 47/50:  88%|████████▊ | 35/40 [01:32<00:13,  2.78s/it]
Epoch 47/50:  90%|█████████ | 36/40 [01:34<00:10,  2.65s/it]
Epoch 47/50:  92%|█████████▎| 37/40 [01:37<00:08,  2.71s/it]
Epoch 47/50:  95%|█████████▌| 38/40 [01:40<00:05,  2.75s/it]
Epoch 47/50:  98%|█████████▊| 39/40 [01:43<00:02,  2.78s/it]
Epoch 47/50: 100%|██████████| 40/40 [01:44<00:00,  2.48s/it]
Epoch 47/50: 100%|██████████| 40/40 [01:44<00:00,  2.62s/it]

Epoch 47 — avg train loss: 0.0015

[Train classification report — Epoch 47]
                          precision    recall  f1-score   support

             CORRECT_ALL       0.79      0.98      0.88       102
          CORRECT_SUBSET       1.00      0.29      0.45        17
       NO_INTERPRETATION       1.00      0.50      0.67         2
INCORRECT_INTERPRETATION       0.63      0.45      0.52        38

                accuracy                           0.77       159
               macro avg       0.86      0.56      0.63       159
            weighted avg       0.78      0.77      0.74       159


------------------------------------------------------------
DIAGNOSTIC — Epoch 47 | Task: modeling_comprehension
------------------------------------------------------------

[1] Label token ID check
  'CORRECT_ALL' → token_id=128256 → decoded='CORRECT_ALL'
  'CORRECT_SUBSET' → token_id=128257 → decoded='CORRECT_SUBSET'
  'NO_INTERPRETATION' → token_id=128258 → decoded='NO_INTERPRETATION'
  'INCORRECT_INTERPRETATION' → token_id=128259 → decoded='INCORRECT_INTERPRETATION'
  ✓ All label token IDs are unique.

[2] Last-token identity (first 3 val samples)

Diag-val epoch 47:   0%|          | 0/10 [00:00<?, ?it/s]
Diag-val epoch 47:  10%|█         | 1/10 [00:00<00:06,  1.37it/s]
Diag-val epoch 47:  20%|██        | 2/10 [00:01<00:05,  1.36it/s]
Diag-val epoch 47:  30%|███       | 3/10 [00:02<00:05,  1.36it/s]
Diag-val epoch 47:  40%|████      | 4/10 [00:02<00:04,  1.36it/s]
Diag-val epoch 47:  50%|█████     | 5/10 [00:03<00:03,  1.39it/s]
Diag-val epoch 47:  60%|██████    | 6/10 [00:04<00:02,  1.37it/s]
Diag-val epoch 47:  70%|███████   | 7/10 [00:05<00:02,  1.37it/s]
Diag-val epoch 47:  80%|████████  | 8/10 [00:05<00:01,  1.39it/s]
Diag-val epoch 47:  90%|█████████ | 9/10 [00:06<00:00,  1.38it/s]
Diag-val epoch 47: 100%|██████████| 10/10 [00:07<00:00,  1.37it/s]
Diag-val epoch 47: 100%|██████████| 10/10 [00:07<00:00,  1.37it/s]
  Sample 0: last real token=':' (id=25) ✓ | position[-1] token=':' (id=25) ✓
  Sample 1: last real token=':' (id=25) ✓ | position[-1] token=':' (id=25) ✓
  Sample 2: last real token=':' (id=25) ✓ | position[-1] token=':' (id=25) ✓

[3] Logit spread over label tokens (first batch)
  'CORRECT_ALL': mean=19.703  std=3.554  min=14.688  max=22.625
  'CORRECT_SUBSET': mean=9.070  std=3.884  min=4.969  max=13.500
  'NO_INTERPRETATION': mean=9.875  std=2.332  min=7.188  max=12.312
  'INCORRECT_INTERPRETATION': mean=14.672  std=1.388  min=12.812  max=16.125
  Max-min spread per sample: mean=11.305  min=3.875  max=15.812
  (Spread near 0 → model not differentiating labels; large spread → confident predictions)

[4] Prediction vs. true label distribution
  Label                            True %   Pred %
  ------------------------------ -------- --------
  CORRECT_ALL                       62.5%    65.0%
  CORRECT_SUBSET                    10.0%     7.5%
  NO_INTERPRETATION                  2.5%     0.0%
  INCORRECT_INTERPRETATION          25.0%    27.5%

[Classification report — Epoch 47]
                          precision    recall  f1-score   support

             CORRECT_ALL       0.77      0.80      0.78        25
          CORRECT_SUBSET       0.67      0.50      0.57         4
       NO_INTERPRETATION       0.00      0.00      0.00         1
INCORRECT_INTERPRETATION       0.45      0.50      0.48        10

                accuracy                           0.68        40
               macro avg       0.47      0.45      0.46        40
            weighted avg       0.66      0.68      0.67        40

------------------------------------------------------------

Epoch 48/50:   0%|          | 0/40 [00:00<?, ?it/s]
Epoch 48/50:   2%|▎         | 1/40 [00:02<01:31,  2.35s/it]
Epoch 48/50:   5%|▌         | 2/40 [00:05<01:39,  2.63s/it]
Epoch 48/50:   8%|▊         | 3/40 [00:08<01:40,  2.72s/it]
Epoch 48/50:  10%|█         | 4/40 [00:10<01:39,  2.77s/it]
Epoch 48/50:  12%|█▎        | 5/40 [00:13<01:31,  2.61s/it]
Epoch 48/50:  15%|█▌        | 6/40 [00:16<01:31,  2.69s/it]
Epoch 48/50:  18%|█▊        | 7/40 [00:18<01:30,  2.74s/it]
Epoch 48/50:  20%|██        | 8/40 [00:21<01:28,  2.77s/it]
Epoch 48/50:  22%|██▎       | 9/40 [00:24<01:26,  2.79s/it]
Epoch 48/50:  25%|██▌       | 10/40 [00:27<01:24,  2.81s/it]
Epoch 48/50:  28%|██▊       | 11/40 [00:29<01:17,  2.66s/it]
Epoch 48/50:  30%|███       | 12/40 [00:32<01:11,  2.57s/it]
Epoch 48/50:  32%|███▎      | 13/40 [00:34<01:07,  2.50s/it]
Epoch 48/50:  35%|███▌      | 14/40 [00:36<01:03,  2.45s/it]
Epoch 48/50:  38%|███▊      | 15/40 [00:39<01:04,  2.57s/it]
Epoch 48/50:  40%|████      | 16/40 [00:42<01:03,  2.65s/it]
Epoch 48/50:  42%|████▎     | 17/40 [00:45<01:02,  2.71s/it]
Epoch 48/50:  45%|████▌     | 18/40 [00:48<01:00,  2.74s/it]
Epoch 48/50:  48%|████▊     | 19/40 [00:50<00:55,  2.62s/it]
Epoch 48/50:  50%|█████     | 20/40 [00:52<00:50,  2.54s/it]
Epoch 48/50:  52%|█████▎    | 21/40 [00:55<00:47,  2.48s/it]
Epoch 48/50:  55%|█████▌    | 22/40 [00:57<00:46,  2.59s/it]
Epoch 48/50:  57%|█████▊    | 23/40 [01:00<00:45,  2.66s/it]
Epoch 48/50:  60%|██████    | 24/40 [01:03<00:43,  2.71s/it]
Epoch 48/50:  62%|██████▎   | 25/40 [01:05<00:39,  2.60s/it]
Epoch 48/50:  65%|██████▌   | 26/40 [01:08<00:35,  2.52s/it]
Epoch 48/50:  68%|██████▊   | 27/40 [01:11<00:34,  2.62s/it]
Epoch 48/50:  70%|███████   | 28/40 [01:13<00:30,  2.53s/it]
Epoch 48/50:  72%|███████▎  | 29/40 [01:15<00:27,  2.47s/it]
Epoch 48/50:  75%|███████▌  | 30/40 [01:18<00:24,  2.43s/it]
Epoch 48/50:  78%|███████▊  | 31/40 [01:20<00:22,  2.56s/it]
Epoch 48/50:  80%|████████  | 32/40 [01:23<00:19,  2.49s/it]
Epoch 48/50:  82%|████████▎ | 33/40 [01:26<00:18,  2.59s/it]
Epoch 48/50:  85%|████████▌ | 34/40 [01:29<00:16,  2.67s/it]
Epoch 48/50:  88%|████████▊ | 35/40 [01:31<00:13,  2.72s/it]
Epoch 48/50:  90%|█████████ | 36/40 [01:34<00:11,  2.76s/it]
Epoch 48/50:  92%|█████████▎| 37/40 [01:37<00:07,  2.63s/it]
Epoch 48/50:  95%|█████████▌| 38/40 [01:39<00:05,  2.69s/it]
Epoch 48/50:  98%|█████████▊| 39/40 [01:42<00:02,  2.74s/it]
Epoch 48/50: 100%|██████████| 40/40 [01:44<00:00,  2.57s/it]
Epoch 48/50: 100%|██████████| 40/40 [01:44<00:00,  2.62s/it]

Epoch 48 — avg train loss: 0.0015

[Train classification report — Epoch 48]
                          precision    recall  f1-score   support

             CORRECT_ALL       0.80      0.98      0.88       102
          CORRECT_SUBSET       1.00      0.29      0.45        17
       NO_INTERPRETATION       1.00      0.50      0.67         2
INCORRECT_INTERPRETATION       0.64      0.47      0.55        38

                accuracy                           0.78       159
               macro avg       0.86      0.56      0.64       159
            weighted avg       0.79      0.78      0.75       159


------------------------------------------------------------
DIAGNOSTIC — Epoch 48 | Task: modeling_comprehension
------------------------------------------------------------

[1] Label token ID check
  'CORRECT_ALL' → token_id=128256 → decoded='CORRECT_ALL'
  'CORRECT_SUBSET' → token_id=128257 → decoded='CORRECT_SUBSET'
  'NO_INTERPRETATION' → token_id=128258 → decoded='NO_INTERPRETATION'
  'INCORRECT_INTERPRETATION' → token_id=128259 → decoded='INCORRECT_INTERPRETATION'
  ✓ All label token IDs are unique.

[2] Last-token identity (first 3 val samples)

Diag-val epoch 48:   0%|          | 0/10 [00:00<?, ?it/s]
Diag-val epoch 48:  10%|█         | 1/10 [00:00<00:06,  1.37it/s]
Diag-val epoch 48:  20%|██        | 2/10 [00:01<00:05,  1.36it/s]
Diag-val epoch 48:  30%|███       | 3/10 [00:02<00:05,  1.36it/s]
Diag-val epoch 48:  40%|████      | 4/10 [00:02<00:04,  1.35it/s]
Diag-val epoch 48:  50%|█████     | 5/10 [00:03<00:03,  1.38it/s]
Diag-val epoch 48:  60%|██████    | 6/10 [00:04<00:02,  1.37it/s]
Diag-val epoch 48:  70%|███████   | 7/10 [00:05<00:02,  1.37it/s]
Diag-val epoch 48:  80%|████████  | 8/10 [00:05<00:01,  1.39it/s]
Diag-val epoch 48:  90%|█████████ | 9/10 [00:06<00:00,  1.38it/s]
Diag-val epoch 48: 100%|██████████| 10/10 [00:07<00:00,  1.37it/s]
Diag-val epoch 48: 100%|██████████| 10/10 [00:07<00:00,  1.37it/s]
  Sample 0: last real token=':' (id=25) ✓ | position[-1] token=':' (id=25) ✓
  Sample 1: last real token=':' (id=25) ✓ | position[-1] token=':' (id=25) ✓
  Sample 2: last real token=':' (id=25) ✓ | position[-1] token=':' (id=25) ✓

[3] Logit spread over label tokens (first batch)
  'CORRECT_ALL': mean=19.578  std=3.485  min=14.688  max=22.625
  'CORRECT_SUBSET': mean=9.102  std=3.935  min=4.938  max=13.375
  'NO_INTERPRETATION': mean=9.961  std=2.416  min=7.031  max=12.375
  'INCORRECT_INTERPRETATION': mean=14.750  std=1.626  min=12.500  max=16.375
  Max-min spread per sample: mean=11.086  min=3.750  max=15.906
  (Spread near 0 → model not differentiating labels; large spread → confident predictions)

[4] Prediction vs. true label distribution
  Label                            True %   Pred %
  ------------------------------ -------- --------
  CORRECT_ALL                       62.5%    65.0%
  CORRECT_SUBSET                    10.0%     7.5%
  NO_INTERPRETATION                  2.5%     0.0%
  INCORRECT_INTERPRETATION          25.0%    27.5%

[Classification report — Epoch 48]
                          precision    recall  f1-score   support

             CORRECT_ALL       0.77      0.80      0.78        25
          CORRECT_SUBSET       0.67      0.50      0.57         4
       NO_INTERPRETATION       0.00      0.00      0.00         1
INCORRECT_INTERPRETATION       0.45      0.50      0.48        10

                accuracy                           0.68        40
               macro avg       0.47      0.45      0.46        40
            weighted avg       0.66      0.68      0.67        40

------------------------------------------------------------

Epoch 49/50:   0%|          | 0/40 [00:00<?, ?it/s]
Epoch 49/50:   2%|▎         | 1/40 [00:02<01:31,  2.35s/it]
Epoch 49/50:   5%|▌         | 2/40 [00:05<01:40,  2.64s/it]
Epoch 49/50:   8%|▊         | 3/40 [00:08<01:40,  2.73s/it]
Epoch 49/50:  10%|█         | 4/40 [00:10<01:39,  2.77s/it]
Epoch 49/50:  12%|█▎        | 5/40 [00:13<01:31,  2.62s/it]
Epoch 49/50:  15%|█▌        | 6/40 [00:16<01:31,  2.69s/it]
Epoch 49/50:  18%|█▊        | 7/40 [00:18<01:30,  2.74s/it]
Epoch 49/50:  20%|██        | 8/40 [00:21<01:28,  2.77s/it]
Epoch 49/50:  22%|██▎       | 9/40 [00:24<01:26,  2.79s/it]
Epoch 49/50:  25%|██▌       | 10/40 [00:27<01:24,  2.81s/it]
Epoch 49/50:  28%|██▊       | 11/40 [00:30<01:21,  2.82s/it]
Epoch 49/50:  30%|███       | 12/40 [00:33<01:19,  2.82s/it]
Epoch 49/50:  32%|███▎      | 13/40 [00:35<01:12,  2.68s/it]
Epoch 49/50:  35%|███▌      | 14/40 [00:38<01:10,  2.73s/it]
Epoch 49/50:  38%|███▊      | 15/40 [00:40<01:05,  2.61s/it]
Epoch 49/50:  40%|████      | 16/40 [00:43<01:04,  2.68s/it]
Epoch 49/50:  42%|████▎     | 17/40 [00:45<00:59,  2.58s/it]
Epoch 49/50:  45%|████▌     | 18/40 [00:48<00:58,  2.65s/it]
Epoch 49/50:  48%|████▊     | 19/40 [00:50<00:53,  2.56s/it]
Epoch 49/50:  50%|█████     | 20/40 [00:53<00:52,  2.64s/it]
Epoch 49/50:  52%|█████▎    | 21/40 [00:56<00:51,  2.70s/it]
Epoch 49/50:  55%|█████▌    | 22/40 [00:59<00:49,  2.74s/it]
Epoch 49/50:  57%|█████▊    | 23/40 [01:02<00:47,  2.77s/it]
Epoch 49/50:  60%|██████    | 24/40 [01:04<00:42,  2.64s/it]
Epoch 49/50:  62%|██████▎   | 25/40 [01:07<00:40,  2.70s/it]
Epoch 49/50:  65%|██████▌   | 26/40 [01:10<00:38,  2.74s/it]
Epoch 49/50:  68%|██████▊   | 27/40 [01:13<00:36,  2.77s/it]
Epoch 49/50:  70%|███████   | 28/40 [01:15<00:33,  2.79s/it]
Epoch 49/50:  72%|███████▎  | 29/40 [01:18<00:29,  2.65s/it]
Epoch 49/50:  75%|███████▌  | 30/40 [01:20<00:25,  2.56s/it]
Epoch 49/50:  78%|███████▊  | 31/40 [01:22<00:22,  2.49s/it]
Epoch 49/50:  80%|████████  | 32/40 [01:25<00:20,  2.60s/it]
Epoch 49/50:  82%|████████▎ | 33/40 [01:28<00:18,  2.67s/it]
Epoch 49/50:  85%|████████▌ | 34/40 [01:31<00:16,  2.72s/it]
Epoch 49/50:  88%|████████▊ | 35/40 [01:34<00:13,  2.76s/it]
Epoch 49/50:  90%|█████████ | 36/40 [01:37<00:11,  2.78s/it]
Epoch 49/50:  92%|█████████▎| 37/40 [01:40<00:08,  2.80s/it]
Epoch 49/50:  95%|█████████▌| 38/40 [01:42<00:05,  2.66s/it]
Epoch 49/50:  98%|█████████▊| 39/40 [01:45<00:02,  2.71s/it]
Epoch 49/50: 100%|██████████| 40/40 [01:47<00:00,  2.55s/it]
Epoch 49/50: 100%|██████████| 40/40 [01:47<00:00,  2.68s/it]

Epoch 49 — avg train loss: 0.0015

[Train classification report — Epoch 49]
                          precision    recall  f1-score   support

             CORRECT_ALL       0.80      0.98      0.88       102
          CORRECT_SUBSET       1.00      0.29      0.45        17
       NO_INTERPRETATION       1.00      0.50      0.67         2
INCORRECT_INTERPRETATION       0.64      0.47      0.55        38

                accuracy                           0.78       159
               macro avg       0.86      0.56      0.64       159
            weighted avg       0.79      0.78      0.75       159


------------------------------------------------------------
DIAGNOSTIC — Epoch 49 | Task: modeling_comprehension
------------------------------------------------------------

[1] Label token ID check
  'CORRECT_ALL' → token_id=128256 → decoded='CORRECT_ALL'
  'CORRECT_SUBSET' → token_id=128257 → decoded='CORRECT_SUBSET'
  'NO_INTERPRETATION' → token_id=128258 → decoded='NO_INTERPRETATION'
  'INCORRECT_INTERPRETATION' → token_id=128259 → decoded='INCORRECT_INTERPRETATION'
  ✓ All label token IDs are unique.

[2] Last-token identity (first 3 val samples)

Diag-val epoch 49:   0%|          | 0/10 [00:00<?, ?it/s]
Diag-val epoch 49:  10%|█         | 1/10 [00:00<00:06,  1.37it/s]
Diag-val epoch 49:  20%|██        | 2/10 [00:01<00:05,  1.36it/s]
Diag-val epoch 49:  30%|███       | 3/10 [00:02<00:05,  1.36it/s]
Diag-val epoch 49:  40%|████      | 4/10 [00:02<00:04,  1.36it/s]
Diag-val epoch 49:  50%|█████     | 5/10 [00:03<00:03,  1.39it/s]
Diag-val epoch 49:  60%|██████    | 6/10 [00:04<00:02,  1.37it/s]
Diag-val epoch 49:  70%|███████   | 7/10 [00:05<00:02,  1.37it/s]
Diag-val epoch 49:  80%|████████  | 8/10 [00:05<00:01,  1.39it/s]
Diag-val epoch 49:  90%|█████████ | 9/10 [00:06<00:00,  1.38it/s]
Diag-val epoch 49: 100%|██████████| 10/10 [00:07<00:00,  1.37it/s]
Diag-val epoch 49: 100%|██████████| 10/10 [00:07<00:00,  1.37it/s]
  Sample 0: last real token=':' (id=25) ✓ | position[-1] token=':' (id=25) ✓
  Sample 1: last real token=':' (id=25) ✓ | position[-1] token=':' (id=25) ✓
  Sample 2: last real token=':' (id=25) ✓ | position[-1] token=':' (id=25) ✓

[3] Logit spread over label tokens (first batch)
  'CORRECT_ALL': mean=19.797  std=3.554  min=14.812  max=22.750
  'CORRECT_SUBSET': mean=9.023  std=3.918  min=4.906  max=13.438
  'NO_INTERPRETATION': mean=9.859  std=2.295  min=7.125  max=12.188
  'INCORRECT_INTERPRETATION': mean=14.625  std=1.476  min=12.688  max=16.125
  Max-min spread per sample: mean=11.445  min=4.062  max=16.062
  (Spread near 0 → model not differentiating labels; large spread → confident predictions)

[4] Prediction vs. true label distribution
  Label                            True %   Pred %
  ------------------------------ -------- --------
  CORRECT_ALL                       62.5%    67.5%
  CORRECT_SUBSET                    10.0%     7.5%
  NO_INTERPRETATION                  2.5%     0.0%
  INCORRECT_INTERPRETATION          25.0%    25.0%

[Classification report — Epoch 49]
                          precision    recall  f1-score   support

             CORRECT_ALL       0.74      0.80      0.77        25
          CORRECT_SUBSET       0.67      0.50      0.57         4
       NO_INTERPRETATION       0.00      0.00      0.00         1
INCORRECT_INTERPRETATION       0.40      0.40      0.40        10

                accuracy                           0.65        40
               macro avg       0.45      0.43      0.44        40
            weighted avg       0.63      0.65      0.64        40

------------------------------------------------------------

Epoch 50/50:   0%|          | 0/40 [00:00<?, ?it/s]
Epoch 50/50:   2%|▎         | 1/40 [00:02<01:50,  2.85s/it]
Epoch 50/50:   5%|▌         | 2/40 [00:05<01:48,  2.84s/it]
Epoch 50/50:   8%|▊         | 3/40 [00:08<01:36,  2.61s/it]
Epoch 50/50:  10%|█         | 4/40 [00:10<01:37,  2.70s/it]
Epoch 50/50:  12%|█▎        | 5/40 [00:13<01:29,  2.57s/it]
Epoch 50/50:  15%|█▌        | 6/40 [00:15<01:24,  2.49s/it]
Epoch 50/50:  18%|█▊        | 7/40 [00:18<01:25,  2.60s/it]
Epoch 50/50:  20%|██        | 8/40 [00:21<01:25,  2.68s/it]
Epoch 50/50:  22%|██▎       | 9/40 [00:24<01:24,  2.73s/it]
Epoch 50/50:  25%|██▌       | 10/40 [00:26<01:22,  2.76s/it]
Epoch 50/50:  28%|██▊       | 11/40 [00:29<01:20,  2.78s/it]
Epoch 50/50:  30%|███       | 12/40 [00:32<01:18,  2.80s/it]
Epoch 50/50:  32%|███▎      | 13/40 [00:35<01:15,  2.81s/it]
Epoch 50/50:  35%|███▌      | 14/40 [00:38<01:13,  2.82s/it]
Epoch 50/50:  38%|███▊      | 15/40 [00:40<01:06,  2.67s/it]
Epoch 50/50:  40%|████      | 16/40 [00:43<01:05,  2.73s/it]
Epoch 50/50:  42%|████▎     | 17/40 [00:45<00:59,  2.61s/it]
Epoch 50/50:  45%|████▌     | 18/40 [00:48<00:58,  2.68s/it]
Epoch 50/50:  48%|████▊     | 19/40 [00:50<00:54,  2.57s/it]
Epoch 50/50:  50%|█████     | 20/40 [00:53<00:50,  2.50s/it]
Epoch 50/50:  52%|█████▎    | 21/40 [00:56<00:49,  2.60s/it]
Epoch 50/50:  55%|█████▌    | 22/40 [00:58<00:48,  2.67s/it]
Epoch 50/50:  57%|█████▊    | 23/40 [01:01<00:46,  2.72s/it]
Epoch 50/50:  60%|██████    | 24/40 [01:04<00:44,  2.76s/it]
Epoch 50/50:  62%|██████▎   | 25/40 [01:07<00:41,  2.78s/it]
Epoch 50/50:  65%|██████▌   | 26/40 [01:10<00:39,  2.80s/it]
Epoch 50/50:  68%|██████▊   | 27/40 [01:13<00:36,  2.81s/it]
Epoch 50/50:  70%|███████   | 28/40 [01:15<00:32,  2.67s/it]
Epoch 50/50:  72%|███████▎  | 29/40 [01:18<00:29,  2.72s/it]
Epoch 50/50:  75%|███████▌  | 30/40 [01:20<00:26,  2.60s/it]
Epoch 50/50:  78%|███████▊  | 31/40 [01:23<00:24,  2.67s/it]
Epoch 50/50:  80%|████████  | 32/40 [01:25<00:20,  2.57s/it]
Epoch 50/50:  82%|████████▎ | 33/40 [01:28<00:18,  2.65s/it]
Epoch 50/50:  85%|████████▌ | 34/40 [01:31<00:16,  2.71s/it]
Epoch 50/50:  88%|████████▊ | 35/40 [01:34<00:13,  2.75s/it]
Epoch 50/50:  90%|█████████ | 36/40 [01:37<00:11,  2.77s/it]
Epoch 50/50:  92%|█████████▎| 37/40 [01:39<00:07,  2.64s/it]
Epoch 50/50:  95%|█████████▌| 38/40 [01:42<00:05,  2.70s/it]
Epoch 50/50:  98%|█████████▊| 39/40 [01:44<00:02,  2.59s/it]
Epoch 50/50: 100%|██████████| 40/40 [01:46<00:00,  2.35s/it]
Epoch 50/50: 100%|██████████| 40/40 [01:46<00:00,  2.66s/it]

Epoch 50 — avg train loss: 0.0014

[Train classification report — Epoch 50]
                          precision    recall  f1-score   support

             CORRECT_ALL       0.80      0.98      0.88       102
          CORRECT_SUBSET       1.00      0.29      0.45        17
       NO_INTERPRETATION       1.00      0.50      0.67         2
INCORRECT_INTERPRETATION       0.64      0.47      0.55        38

                accuracy                           0.78       159
               macro avg       0.86      0.56      0.64       159
            weighted avg       0.79      0.78      0.75       159


------------------------------------------------------------
DIAGNOSTIC — Epoch 50 | Task: modeling_comprehension
------------------------------------------------------------

[1] Label token ID check
  'CORRECT_ALL' → token_id=128256 → decoded='CORRECT_ALL'
  'CORRECT_SUBSET' → token_id=128257 → decoded='CORRECT_SUBSET'
  'NO_INTERPRETATION' → token_id=128258 → decoded='NO_INTERPRETATION'
  'INCORRECT_INTERPRETATION' → token_id=128259 → decoded='INCORRECT_INTERPRETATION'
  ✓ All label token IDs are unique.

[2] Last-token identity (first 3 val samples)

Diag-val epoch 50:   0%|          | 0/10 [00:00<?, ?it/s]
Diag-val epoch 50:  10%|█         | 1/10 [00:00<00:06,  1.37it/s]
Diag-val epoch 50:  20%|██        | 2/10 [00:01<00:05,  1.36it/s]
Diag-val epoch 50:  30%|███       | 3/10 [00:02<00:05,  1.36it/s]
Diag-val epoch 50:  40%|████      | 4/10 [00:02<00:04,  1.36it/s]
Diag-val epoch 50:  50%|█████     | 5/10 [00:03<00:03,  1.39it/s]
Diag-val epoch 50:  60%|██████    | 6/10 [00:04<00:02,  1.38it/s]
Diag-val epoch 50:  70%|███████   | 7/10 [00:05<00:02,  1.37it/s]
Diag-val epoch 50:  80%|████████  | 8/10 [00:05<00:01,  1.39it/s]
Diag-val epoch 50:  90%|█████████ | 9/10 [00:06<00:00,  1.38it/s]
Diag-val epoch 50: 100%|██████████| 10/10 [00:07<00:00,  1.37it/s]
Diag-val epoch 50: 100%|██████████| 10/10 [00:07<00:00,  1.37it/s]
/home/user/.local/lib/python3.10/site-packages/peft/utils/save_and_load.py:168: UserWarning: Setting `save_embedding_layers` to `True` as the embedding layer has been resized during finetuning.
  warnings.warn(
  Sample 0: last real token=':' (id=25) ✓ | position[-1] token=':' (id=25) ✓
  Sample 1: last real token=':' (id=25) ✓ | position[-1] token=':' (id=25) ✓
  Sample 2: last real token=':' (id=25) ✓ | position[-1] token=':' (id=25) ✓

[3] Logit spread over label tokens (first batch)
  'CORRECT_ALL': mean=19.625  std=3.501  min=14.750  max=22.625
  'CORRECT_SUBSET': mean=9.109  std=4.001  min=4.844  max=13.562
  'NO_INTERPRETATION': mean=9.945  std=2.363  min=7.156  max=12.312
  'INCORRECT_INTERPRETATION': mean=14.719  std=1.483  min=12.688  max=16.250
  Max-min spread per sample: mean=11.109  min=3.562  max=15.844
  (Spread near 0 → model not differentiating labels; large spread → confident predictions)

[4] Prediction vs. true label distribution
  Label                            True %   Pred %
  ------------------------------ -------- --------
  CORRECT_ALL                       62.5%    65.0%
  CORRECT_SUBSET                    10.0%     7.5%
  NO_INTERPRETATION                  2.5%     0.0%
  INCORRECT_INTERPRETATION          25.0%    27.5%

[Classification report — Epoch 50]
                          precision    recall  f1-score   support

             CORRECT_ALL       0.77      0.80      0.78        25
          CORRECT_SUBSET       0.67      0.50      0.57         4
       NO_INTERPRETATION       0.00      0.00      0.00         1
INCORRECT_INTERPRETATION       0.45      0.50      0.48        10

                accuracy                           0.68        40
               macro avg       0.47      0.45      0.46        40
            weighted avg       0.66      0.68      0.67        40

------------------------------------------------------------

LoRA adapters saved to: trained_adapters/modeling_comprehension
Training finished.
