Starting training for task: appropriate_vocabulary_usage
2026-04-22 13:08:44.211214: I tensorflow/core/platform/cpu_feature_guard.cc:193] This TensorFlow binary is optimized with oneAPI Deep Neural Network Library (oneDNN) to use the following CPU instructions in performance-critical operations:  AVX2 AVX512F AVX512_VNNI FMA
To enable them in other operations, rebuild TensorFlow with the appropriate compiler flags.
2026-04-22 13:08:44.327489: I tensorflow/core/util/util.cc:169] oneDNN custom operations are on. You may see slightly different numerical results due to floating-point round-off errors from different computation orders. To turn them off, set the environment variable `TF_ENABLE_ONEDNN_OPTS=0`.
2026-04-22 13:08:44.357031: E tensorflow/stream_executor/cuda/cuda_blas.cc:2981] Unable to register cuBLAS factory: Attempting to register factory for plugin cuBLAS when one has already been registered
2026-04-22 13:08:44.950740: W tensorflow/stream_executor/platform/default/dso_loader.cc:64] Could not load dynamic library 'libnvinfer.so.7'; dlerror: libnvinfer.so.7: cannot open shared object file: No such file or directory
2026-04-22 13:08:44.950826: W tensorflow/stream_executor/platform/default/dso_loader.cc:64] Could not load dynamic library 'libnvinfer_plugin.so.7'; dlerror: libnvinfer_plugin.so.7: cannot open shared object file: No such file or directory
2026-04-22 13:08:44.950834: W tensorflow/compiler/tf2tensorrt/utils/py_utils.cc:38] TF-TRT Warning: Cannot dlopen some TensorRT libraries. If you would like to use Nvidia GPU with TensorRT, please make sure the missing libraries mentioned above are installed properly.
`torch_dtype` is deprecated! Use `dtype` instead!
Task: appropriate_vocabulary_usage | #Samples (train): 159 | #Samples (val): 40

Loading checkpoint shards:   0%|          | 0/4 [00:00<?, ?it/s]
Loading checkpoint shards:  25%|██▌       | 1/4 [00:01<00:04,  1.49s/it]
Loading checkpoint shards:  50%|█████     | 2/4 [00:02<00:02,  1.47s/it]
Loading checkpoint shards:  75%|███████▌  | 3/4 [00:04<00:01,  1.61s/it]
Loading checkpoint shards: 100%|██████████| 4/4 [00:05<00:00,  1.11s/it]
Loading checkpoint shards: 100%|██████████| 4/4 [00:05<00:00,  1.26s/it]
The new embeddings will be initialized from a multivariate normal distribution that has old embeddings' mean and covariance. As described in this article: https://nlp.stanford.edu/~johnhew/vocab-expansion.html. To disable this, use `mean_resizing=False`
The new lm_head weights will be initialized from a multivariate normal distribution that has old embeddings' mean and covariance. As described in this article: https://nlp.stanford.edu/~johnhew/vocab-expansion.html. To disable this, use `mean_resizing=False`
  Initialised 'APPROPRIATE' from 'correct' (seed token ids: [20523])
  Initialised 'INAPPROPRIATE' from 'wrong' (seed token ids: [35970])
Registered 2 new label tokens.
Embeddings+lm_head for token ids [128256, 128257] set as trainable (others masked via backward hook).
['APPROPRIATE', 'INAPPROPRIATE']
['APPROPRIATE', 'APPROPRIATE', 'APPROPRIATE', 'APPROPRIATE', 'APPROPRIATE', 'APPROPRIATE', 'APPROPRIATE', 'APPROPRIATE', 'APPROPRIATE', 'APPROPRIATE', 'APPROPRIATE', 'APPROPRIATE', 'APPROPRIATE', 'APPROPRIATE', 'APPROPRIATE', 'APPROPRIATE', 'APPROPRIATE', 'APPROPRIATE', 'APPROPRIATE', 'APPROPRIATE', 'APPROPRIATE', 'APPROPRIATE', 'APPROPRIATE', 'APPROPRIATE', 'APPROPRIATE', 'APPROPRIATE', 'APPROPRIATE', 'APPROPRIATE', 'APPROPRIATE', 'APPROPRIATE', 'APPROPRIATE', 'APPROPRIATE', 'APPROPRIATE', 'APPROPRIATE', 'APPROPRIATE', 'APPROPRIATE', 'APPROPRIATE', 'APPROPRIATE', 'APPROPRIATE', 'APPROPRIATE', 'APPROPRIATE', 'APPROPRIATE', 'APPROPRIATE', 'APPROPRIATE', 'INAPPROPRIATE', 'APPROPRIATE', 'APPROPRIATE', 'APPROPRIATE', 'APPROPRIATE', 'APPROPRIATE', 'APPROPRIATE', 'APPROPRIATE', 'INAPPROPRIATE', 'APPROPRIATE', 'APPROPRIATE', 'INAPPROPRIATE', 'APPROPRIATE', 'APPROPRIATE', 'APPROPRIATE', 'APPROPRIATE', 'APPROPRIATE', 'APPROPRIATE', 'APPROPRIATE', 'APPROPRIATE', 'APPROPRIATE', 'APPROPRIATE', 'APPROPRIATE', 'APPROPRIATE', 'APPROPRIATE', 'APPROPRIATE', 'APPROPRIATE', 'APPROPRIATE', 'APPROPRIATE', 'APPROPRIATE', 'APPROPRIATE', 'APPROPRIATE', 'APPROPRIATE', 'APPROPRIATE', 'APPROPRIATE', 'APPROPRIATE', 'APPROPRIATE', 'APPROPRIATE', 'APPROPRIATE', 'APPROPRIATE', 'APPROPRIATE', 'APPROPRIATE', 'APPROPRIATE', 'APPROPRIATE', 'APPROPRIATE', 'APPROPRIATE', 'APPROPRIATE', 'APPROPRIATE', 'APPROPRIATE', 'APPROPRIATE', 'APPROPRIATE', 'APPROPRIATE', 'APPROPRIATE', 'APPROPRIATE', 'APPROPRIATE', 'APPROPRIATE', 'APPROPRIATE', 'APPROPRIATE', 'APPROPRIATE', 'APPROPRIATE', 'APPROPRIATE', 'APPROPRIATE', 'APPROPRIATE', 'APPROPRIATE', 'APPROPRIATE', 'APPROPRIATE', 'APPROPRIATE', 'APPROPRIATE', 'APPROPRIATE', 'APPROPRIATE', 'APPROPRIATE', 'APPROPRIATE', 'APPROPRIATE', 'APPROPRIATE', 'INAPPROPRIATE', 'INAPPROPRIATE', 'APPROPRIATE', 'APPROPRIATE', 'APPROPRIATE', 'APPROPRIATE', 'APPROPRIATE', 'APPROPRIATE', 'APPROPRIATE', 'APPROPRIATE', 'INAPPROPRIATE', 'APPROPRIATE', 'APPROPRIATE', 'APPROPRIATE', 'APPROPRIATE', 'APPROPRIATE', 'APPROPRIATE', 'APPROPRIATE', 'APPROPRIATE', 'APPROPRIATE', 'APPROPRIATE', 'APPROPRIATE', 'INAPPROPRIATE', 'APPROPRIATE', 'APPROPRIATE', 'APPROPRIATE', 'APPROPRIATE', 'APPROPRIATE', 'APPROPRIATE', 'APPROPRIATE', 'APPROPRIATE', 'APPROPRIATE', 'APPROPRIATE', 'APPROPRIATE', 'APPROPRIATE', 'APPROPRIATE', 'APPROPRIATE', 'APPROPRIATE', 'APPROPRIATE', 'APPROPRIATE', 'APPROPRIATE']

Class weights (inverse frequency):
  APPROPRIATE: 0.5230  (n=152)
  INAPPROPRIATE: 11.3571  (n=7)

Epoch 1/50:   0%|          | 0/40 [00:00<?, ?it/s]
Epoch 1/50:   2%|▎         | 1/40 [00:02<01:29,  2.30s/it]
Epoch 1/50:   5%|▌         | 2/40 [00:03<01:10,  1.85s/it]
Epoch 1/50:   8%|▊         | 3/40 [00:05<01:10,  1.90s/it]
Epoch 1/50:  10%|█         | 4/40 [00:07<01:06,  1.86s/it]
Epoch 1/50:  12%|█▎        | 5/40 [00:09<01:05,  1.87s/it]
Epoch 1/50:  15%|█▌        | 6/40 [00:11<01:04,  1.90s/it]
Epoch 1/50:  18%|█▊        | 7/40 [00:13<00:59,  1.81s/it]
Epoch 1/50:  20%|██        | 8/40 [00:14<00:56,  1.78s/it]
Epoch 1/50:  22%|██▎       | 9/40 [00:16<00:51,  1.67s/it]
Epoch 1/50:  25%|██▌       | 10/40 [00:18<00:54,  1.82s/it]
Epoch 1/50:  28%|██▊       | 11/40 [00:20<00:54,  1.86s/it]
Epoch 1/50:  30%|███       | 12/40 [00:21<00:50,  1.79s/it]
Epoch 1/50:  32%|███▎      | 13/40 [00:23<00:49,  1.83s/it]
Epoch 1/50:  35%|███▌      | 14/40 [00:25<00:46,  1.79s/it]
Epoch 1/50:  38%|███▊      | 15/40 [00:27<00:44,  1.79s/it]
Epoch 1/50:  40%|████      | 16/40 [00:29<00:43,  1.80s/it]
Epoch 1/50:  42%|████▎     | 17/40 [00:31<00:42,  1.85s/it]
Epoch 1/50:  45%|████▌     | 18/40 [00:33<00:42,  1.92s/it]
Epoch 1/50:  48%|████▊     | 19/40 [00:35<00:40,  1.94s/it]
Epoch 1/50:  50%|█████     | 20/40 [00:37<00:38,  1.93s/it]
Epoch 1/50:  52%|█████▎    | 21/40 [00:39<00:37,  1.99s/it]
Epoch 1/50:  55%|█████▌    | 22/40 [00:41<00:37,  2.07s/it]
Epoch 1/50:  57%|█████▊    | 23/40 [00:43<00:34,  2.02s/it]
Epoch 1/50:  60%|██████    | 24/40 [00:45<00:31,  1.97s/it]
Epoch 1/50:  62%|██████▎   | 25/40 [00:47<00:29,  1.95s/it]
Epoch 1/50:  65%|██████▌   | 26/40 [00:48<00:26,  1.88s/it]
Epoch 1/50:  68%|██████▊   | 27/40 [00:50<00:24,  1.86s/it]
Epoch 1/50:  70%|███████   | 28/40 [00:52<00:22,  1.88s/it]
Epoch 1/50:  72%|███████▎  | 29/40 [00:54<00:20,  1.87s/it]
Epoch 1/50:  75%|███████▌  | 30/40 [00:56<00:18,  1.80s/it]
Epoch 1/50:  78%|███████▊  | 31/40 [00:58<00:16,  1.86s/it]
Epoch 1/50:  80%|████████  | 32/40 [01:00<00:15,  1.94s/it]
Epoch 1/50:  82%|████████▎ | 33/40 [01:02<00:14,  2.01s/it]
Epoch 1/50:  85%|████████▌ | 34/40 [01:04<00:11,  1.92s/it]
Epoch 1/50:  88%|████████▊ | 35/40 [01:05<00:09,  1.86s/it]
Epoch 1/50:  90%|█████████ | 36/40 [01:07<00:07,  1.82s/it]
Epoch 1/50:  92%|█████████▎| 37/40 [01:09<00:05,  1.79s/it]
Epoch 1/50:  95%|█████████▌| 38/40 [01:11<00:03,  1.83s/it]
Epoch 1/50:  98%|█████████▊| 39/40 [01:13<00:01,  1.86s/it]
Epoch 1/50: 100%|██████████| 40/40 [01:14<00:00,  1.74s/it]
Epoch 1/50: 100%|██████████| 40/40 [01:14<00:00,  1.87s/it]

Epoch 1 — avg train loss: 18.8281

[Train classification report — Epoch 1]
               precision    recall  f1-score   support

  APPROPRIATE       1.00      0.99      1.00       152
INAPPROPRIATE       0.88      1.00      0.93         7

     accuracy                           0.99       159
    macro avg       0.94      1.00      0.97       159
 weighted avg       0.99      0.99      0.99       159


------------------------------------------------------------
DIAGNOSTIC — Epoch 1 | Task: appropriate_vocabulary_usage
------------------------------------------------------------

[1] Label token ID check
  'APPROPRIATE' → token_id=128256 → decoded='APPROPRIATE'
  'INAPPROPRIATE' → token_id=128257 → decoded='INAPPROPRIATE'
  ✓ All label token IDs are unique.

[2] Last-token identity (first 3 val samples)

Diag-val epoch 1:   0%|          | 0/10 [00:00<?, ?it/s]
Diag-val epoch 1:  10%|█         | 1/10 [00:00<00:04,  2.09it/s]
Diag-val epoch 1:  20%|██        | 2/10 [00:00<00:03,  2.28it/s]
Diag-val epoch 1:  30%|███       | 3/10 [00:01<00:03,  2.11it/s]
Diag-val epoch 1:  40%|████      | 4/10 [00:01<00:02,  2.05it/s]
Diag-val epoch 1:  50%|█████     | 5/10 [00:02<00:02,  2.04it/s]
Diag-val epoch 1:  60%|██████    | 6/10 [00:02<00:01,  2.10it/s]
Diag-val epoch 1:  70%|███████   | 7/10 [00:03<00:01,  2.08it/s]
Diag-val epoch 1:  80%|████████  | 8/10 [00:03<00:00,  2.03it/s]
Diag-val epoch 1:  90%|█████████ | 9/10 [00:04<00:00,  2.10it/s]
Diag-val epoch 1: 100%|██████████| 10/10 [00:04<00:00,  2.07it/s]
Diag-val epoch 1: 100%|██████████| 10/10 [00:04<00:00,  2.08it/s]
  Sample 0: last real token=':' (id=25) ✓ | position[-1] token=':' (id=25) ✓
  Sample 1: last real token=':' (id=25) ✓ | position[-1] token=':' (id=25) ✓
  Sample 2: last real token=':' (id=25) ✓ | position[-1] token=':' (id=25) ✓

[3] Logit spread over label tokens (first batch)
  'APPROPRIATE': mean=1.145  std=0.117  min=1.039  max=1.281
  'INAPPROPRIATE': mean=-0.080  std=0.170  min=-0.289  max=0.085
  Max-min spread per sample: mean=1.224  min=1.118  max=1.328
  (Spread near 0 → model not differentiating labels; large spread → confident predictions)

[4] Prediction vs. true label distribution
  Label                            True %   Pred %
  ------------------------------ -------- --------
  APPROPRIATE                       95.0%   100.0% ← collapsed?
  INAPPROPRIATE                      5.0%     0.0%

[Classification report — Epoch 1]
               precision    recall  f1-score   support

  APPROPRIATE       0.95      1.00      0.97        38
INAPPROPRIATE       0.00      0.00      0.00         2

     accuracy                           0.95        40
    macro avg       0.47      0.50      0.49        40
 weighted avg       0.90      0.95      0.93        40

------------------------------------------------------------

Epoch 2/50:   0%|          | 0/40 [00:00<?, ?it/s]
Epoch 2/50:   2%|▎         | 1/40 [00:01<01:16,  1.95s/it]
Epoch 2/50:   5%|▌         | 2/40 [00:03<01:15,  1.99s/it]
Epoch 2/50:   8%|▊         | 3/40 [00:05<01:12,  1.97s/it]
Epoch 2/50:  10%|█         | 4/40 [00:07<01:06,  1.85s/it]
Epoch 2/50:  12%|█▎        | 5/40 [00:09<01:01,  1.76s/it]
Epoch 2/50:  15%|█▌        | 6/40 [00:11<01:02,  1.83s/it]
Epoch 2/50:  18%|█▊        | 7/40 [00:13<01:01,  1.87s/it]
Epoch 2/50:  20%|██        | 8/40 [00:15<01:01,  1.92s/it]
Epoch 2/50:  22%|██▎       | 9/40 [00:17<01:02,  2.00s/it]
Epoch 2/50:  25%|██▌       | 10/40 [00:19<00:59,  1.98s/it]
Epoch 2/50:  28%|██▊       | 11/40 [00:21<00:59,  2.04s/it]
Epoch 2/50:  30%|███       | 12/40 [00:23<00:55,  1.98s/it]
Epoch 2/50:  32%|███▎      | 13/40 [00:25<00:53,  1.99s/it]
Epoch 2/50:  35%|███▌      | 14/40 [00:27<00:49,  1.92s/it]
Epoch 2/50:  38%|███▊      | 15/40 [00:28<00:48,  1.93s/it]
Epoch 2/50:  40%|████      | 16/40 [00:30<00:44,  1.87s/it]
Epoch 2/50:  42%|████▎     | 17/40 [00:32<00:44,  1.91s/it]
Epoch 2/50:  45%|████▌     | 18/40 [00:34<00:42,  1.92s/it]
Epoch 2/50:  48%|████▊     | 19/40 [00:36<00:39,  1.87s/it]
Epoch 2/50:  50%|█████     | 20/40 [00:38<00:36,  1.81s/it]
Epoch 2/50:  52%|█████▎    | 21/40 [00:40<00:35,  1.88s/it]
Epoch 2/50:  55%|█████▌    | 22/40 [00:42<00:35,  1.96s/it]
Epoch 2/50:  57%|█████▊    | 23/40 [00:44<00:35,  2.07s/it]
Epoch 2/50:  60%|██████    | 24/40 [00:46<00:32,  2.03s/it]
Epoch 2/50:  62%|██████▎   | 25/40 [00:48<00:29,  1.98s/it]
Epoch 2/50:  65%|██████▌   | 26/40 [00:50<00:26,  1.91s/it]
Epoch 2/50:  68%|██████▊   | 27/40 [00:52<00:24,  1.90s/it]
Epoch 2/50:  70%|███████   | 28/40 [00:53<00:21,  1.81s/it]
Epoch 2/50:  72%|███████▎  | 29/40 [00:55<00:20,  1.83s/it]
Epoch 2/50:  75%|███████▌  | 30/40 [00:57<00:18,  1.84s/it]
Epoch 2/50:  78%|███████▊  | 31/40 [00:59<00:16,  1.85s/it]
Epoch 2/50:  80%|████████  | 32/40 [01:01<00:15,  1.94s/it]
Epoch 2/50:  82%|████████▎ | 33/40 [01:03<00:14,  2.03s/it]
Epoch 2/50:  85%|████████▌ | 34/40 [01:05<00:11,  1.95s/it]
Epoch 2/50:  88%|████████▊ | 35/40 [01:07<00:09,  1.89s/it]
Epoch 2/50:  90%|█████████ | 36/40 [01:08<00:07,  1.80s/it]
Epoch 2/50:  92%|█████████▎| 37/40 [01:10<00:05,  1.77s/it]
Epoch 2/50:  95%|█████████▌| 38/40 [01:12<00:03,  1.80s/it]
Epoch 2/50:  98%|█████████▊| 39/40 [01:13<00:01,  1.76s/it]
Epoch 2/50: 100%|██████████| 40/40 [01:15<00:00,  1.65s/it]
Epoch 2/50: 100%|██████████| 40/40 [01:15<00:00,  1.88s/it]

Epoch 2 — avg train loss: 15.6094

[Train classification report — Epoch 2]
               precision    recall  f1-score   support

  APPROPRIATE       1.00      0.99      1.00       152
INAPPROPRIATE       0.88      1.00      0.93         7

     accuracy                           0.99       159
    macro avg       0.94      1.00      0.97       159
 weighted avg       0.99      0.99      0.99       159


------------------------------------------------------------
DIAGNOSTIC — Epoch 2 | Task: appropriate_vocabulary_usage
------------------------------------------------------------

[1] Label token ID check
  'APPROPRIATE' → token_id=128256 → decoded='APPROPRIATE'
  'INAPPROPRIATE' → token_id=128257 → decoded='INAPPROPRIATE'
  ✓ All label token IDs are unique.

[2] Last-token identity (first 3 val samples)

Diag-val epoch 2:   0%|          | 0/10 [00:00<?, ?it/s]
Diag-val epoch 2:  10%|█         | 1/10 [00:00<00:04,  2.25it/s]
Diag-val epoch 2:  20%|██        | 2/10 [00:00<00:03,  2.32it/s]
Diag-val epoch 2:  30%|███       | 3/10 [00:01<00:03,  2.11it/s]
Diag-val epoch 2:  40%|████      | 4/10 [00:01<00:02,  2.03it/s]
Diag-val epoch 2:  50%|█████     | 5/10 [00:02<00:02,  2.01it/s]
Diag-val epoch 2:  60%|██████    | 6/10 [00:02<00:01,  2.08it/s]
Diag-val epoch 2:  70%|███████   | 7/10 [00:03<00:01,  2.05it/s]
Diag-val epoch 2:  80%|████████  | 8/10 [00:03<00:00,  2.01it/s]
Diag-val epoch 2:  90%|█████████ | 9/10 [00:04<00:00,  2.06it/s]
Diag-val epoch 2: 100%|██████████| 10/10 [00:04<00:00,  2.04it/s]
Diag-val epoch 2: 100%|██████████| 10/10 [00:04<00:00,  2.06it/s]
  Sample 0: last real token=':' (id=25) ✓ | position[-1] token=':' (id=25) ✓
  Sample 1: last real token=':' (id=25) ✓ | position[-1] token=':' (id=25) ✓
  Sample 2: last real token=':' (id=25) ✓ | position[-1] token=':' (id=25) ✓

[3] Logit spread over label tokens (first batch)
  'APPROPRIATE': mean=3.566  std=0.081  min=3.453  max=3.625
  'INAPPROPRIATE': mean=1.146  std=0.080  min=1.031  max=1.203
  Max-min spread per sample: mean=2.420  min=2.258  max=2.594
  (Spread near 0 → model not differentiating labels; large spread → confident predictions)

[4] Prediction vs. true label distribution
  Label                            True %   Pred %
  ------------------------------ -------- --------
  APPROPRIATE                       95.0%   100.0% ← collapsed?
  INAPPROPRIATE                      5.0%     0.0%

[Classification report — Epoch 2]
               precision    recall  f1-score   support

  APPROPRIATE       0.95      1.00      0.97        38
INAPPROPRIATE       0.00      0.00      0.00         2

     accuracy                           0.95        40
    macro avg       0.47      0.50      0.49        40
 weighted avg       0.90      0.95      0.93        40

------------------------------------------------------------

Epoch 3/50:   0%|          | 0/40 [00:00<?, ?it/s]
Epoch 3/50:   2%|▎         | 1/40 [00:01<01:13,  1.88s/it]
Epoch 3/50:   5%|▌         | 2/40 [00:04<01:17,  2.04s/it]
Epoch 3/50:   8%|▊         | 3/40 [00:05<01:10,  1.91s/it]
Epoch 3/50:  10%|█         | 4/40 [00:07<01:03,  1.75s/it]
Epoch 3/50:  12%|█▎        | 5/40 [00:09<01:06,  1.91s/it]
Epoch 3/50:  15%|█▌        | 6/40 [00:11<01:03,  1.85s/it]
Epoch 3/50:  18%|█▊        | 7/40 [00:13<01:01,  1.86s/it]
Epoch 3/50:  20%|██        | 8/40 [00:14<00:58,  1.83s/it]
Epoch 3/50:  22%|██▎       | 9/40 [00:16<00:58,  1.89s/it]
Epoch 3/50:  25%|██▌       | 10/40 [00:18<00:57,  1.91s/it]
Epoch 3/50:  28%|██▊       | 11/40 [00:20<00:56,  1.95s/it]
Epoch 3/50:  30%|███       | 12/40 [00:22<00:55,  1.98s/it]
Epoch 3/50:  32%|███▎      | 13/40 [00:24<00:51,  1.91s/it]
Epoch 3/50:  35%|███▌      | 14/40 [00:26<00:50,  1.95s/it]
Epoch 3/50:  38%|███▊      | 15/40 [00:28<00:48,  1.95s/it]
Epoch 3/50:  40%|████      | 16/40 [00:30<00:46,  1.93s/it]
Epoch 3/50:  42%|████▎     | 17/40 [00:32<00:43,  1.87s/it]
Epoch 3/50:  45%|████▌     | 18/40 [00:34<00:44,  2.01s/it]
Epoch 3/50:  48%|████▊     | 19/40 [00:36<00:39,  1.89s/it]
Epoch 3/50:  50%|█████     | 20/40 [00:38<00:39,  1.99s/it]
Epoch 3/50:  52%|█████▎    | 21/40 [00:40<00:37,  1.95s/it]
Epoch 3/50:  55%|█████▌    | 22/40 [00:42<00:35,  1.97s/it]
Epoch 3/50:  57%|█████▊    | 23/40 [00:44<00:34,  2.03s/it]
Epoch 3/50:  60%|██████    | 24/40 [00:46<00:31,  1.98s/it]
Epoch 3/50:  62%|██████▎   | 25/40 [00:48<00:28,  1.89s/it]
Epoch 3/50:  65%|██████▌   | 26/40 [00:50<00:26,  1.91s/it]
Epoch 3/50:  68%|██████▊   | 27/40 [00:51<00:25,  1.93s/it]
Epoch 3/50:  70%|███████   | 28/40 [00:53<00:22,  1.90s/it]
Epoch 3/50:  72%|███████▎  | 29/40 [00:55<00:21,  1.98s/it]
Epoch 3/50:  75%|███████▌  | 30/40 [00:57<00:19,  1.97s/it]
Epoch 3/50:  78%|███████▊  | 31/40 [00:59<00:17,  1.97s/it]
Epoch 3/50:  80%|████████  | 32/40 [01:01<00:15,  1.94s/it]
Epoch 3/50:  82%|████████▎ | 33/40 [01:03<00:13,  1.94s/it]
Epoch 3/50:  85%|████████▌ | 34/40 [01:05<00:10,  1.81s/it]
Epoch 3/50:  88%|████████▊ | 35/40 [01:07<00:09,  1.85s/it]
Epoch 3/50:  90%|█████████ | 36/40 [01:08<00:07,  1.82s/it]
Epoch 3/50:  92%|█████████▎| 37/40 [01:10<00:05,  1.83s/it]
Epoch 3/50:  95%|█████████▌| 38/40 [01:12<00:03,  1.89s/it]
Epoch 3/50:  98%|█████████▊| 39/40 [01:14<00:01,  1.91s/it]
Epoch 3/50: 100%|██████████| 40/40 [01:16<00:00,  1.76s/it]
Epoch 3/50: 100%|██████████| 40/40 [01:16<00:00,  1.90s/it]

Epoch 3 — avg train loss: 7.5545

[Train classification report — Epoch 3]
               precision    recall  f1-score   support

  APPROPRIATE       0.96      1.00      0.98       152
INAPPROPRIATE       1.00      0.14      0.25         7

     accuracy                           0.96       159
    macro avg       0.98      0.57      0.62       159
 weighted avg       0.96      0.96      0.95       159


------------------------------------------------------------
DIAGNOSTIC — Epoch 3 | Task: appropriate_vocabulary_usage
------------------------------------------------------------

[1] Label token ID check
  'APPROPRIATE' → token_id=128256 → decoded='APPROPRIATE'
  'INAPPROPRIATE' → token_id=128257 → decoded='INAPPROPRIATE'
  ✓ All label token IDs are unique.

[2] Last-token identity (first 3 val samples)

Diag-val epoch 3:   0%|          | 0/10 [00:00<?, ?it/s]
Diag-val epoch 3:  10%|█         | 1/10 [00:00<00:03,  2.26it/s]
Diag-val epoch 3:  20%|██        | 2/10 [00:00<00:03,  2.33it/s]
Diag-val epoch 3:  30%|███       | 3/10 [00:01<00:03,  2.12it/s]
Diag-val epoch 3:  40%|████      | 4/10 [00:01<00:02,  2.04it/s]
Diag-val epoch 3:  50%|█████     | 5/10 [00:02<00:02,  2.02it/s]
Diag-val epoch 3:  60%|██████    | 6/10 [00:02<00:01,  2.09it/s]
Diag-val epoch 3:  70%|███████   | 7/10 [00:03<00:01,  2.05it/s]
Diag-val epoch 3:  80%|████████  | 8/10 [00:03<00:00,  2.01it/s]
Diag-val epoch 3:  90%|█████████ | 9/10 [00:04<00:00,  2.07it/s]
Diag-val epoch 3: 100%|██████████| 10/10 [00:04<00:00,  2.05it/s]
Diag-val epoch 3: 100%|██████████| 10/10 [00:04<00:00,  2.07it/s]
  Sample 0: last real token=':' (id=25) ✓ | position[-1] token=':' (id=25) ✓
  Sample 1: last real token=':' (id=25) ✓ | position[-1] token=':' (id=25) ✓
  Sample 2: last real token=':' (id=25) ✓ | position[-1] token=':' (id=25) ✓

[3] Logit spread over label tokens (first batch)
  'APPROPRIATE': mean=14.703  std=0.200  min=14.562  max=15.000
  'INAPPROPRIATE': mean=5.016  std=0.083  min=4.906  max=5.094
  Max-min spread per sample: mean=9.688  min=9.531  max=9.938
  (Spread near 0 → model not differentiating labels; large spread → confident predictions)

[4] Prediction vs. true label distribution
  Label                            True %   Pred %
  ------------------------------ -------- --------
  APPROPRIATE                       95.0%   100.0% ← collapsed?
  INAPPROPRIATE                      5.0%     0.0%

[Classification report — Epoch 3]
               precision    recall  f1-score   support

  APPROPRIATE       0.95      1.00      0.97        38
INAPPROPRIATE       0.00      0.00      0.00         2

     accuracy                           0.95        40
    macro avg       0.47      0.50      0.49        40
 weighted avg       0.90      0.95      0.93        40

------------------------------------------------------------

Epoch 4/50:   0%|          | 0/40 [00:00<?, ?it/s]
Epoch 4/50:   2%|▎         | 1/40 [00:01<01:12,  1.86s/it]
Epoch 4/50:   5%|▌         | 2/40 [00:03<01:10,  1.86s/it]
Epoch 4/50:   8%|▊         | 3/40 [00:05<01:06,  1.81s/it]
Epoch 4/50:  10%|█         | 4/40 [00:07<01:09,  1.94s/it]
Epoch 4/50:  12%|█▎        | 5/40 [00:09<01:09,  1.98s/it]
Epoch 4/50:  15%|█▌        | 6/40 [00:11<01:05,  1.94s/it]
Epoch 4/50:  18%|█▊        | 7/40 [00:13<01:06,  2.00s/it]
Epoch 4/50:  20%|██        | 8/40 [00:15<01:03,  1.99s/it]
Epoch 4/50:  22%|██▎       | 9/40 [00:17<00:59,  1.91s/it]
Epoch 4/50:  25%|██▌       | 10/40 [00:19<00:57,  1.92s/it]
Epoch 4/50:  28%|██▊       | 11/40 [00:21<00:55,  1.90s/it]
Epoch 4/50:  30%|███       | 12/40 [00:22<00:52,  1.86s/it]
Epoch 4/50:  32%|███▎      | 13/40 [00:24<00:51,  1.91s/it]
Epoch 4/50:  35%|███▌      | 14/40 [00:26<00:49,  1.89s/it]
Epoch 4/50:  38%|███▊      | 15/40 [00:28<00:48,  1.93s/it]
Epoch 4/50:  40%|████      | 16/40 [00:30<00:47,  1.96s/it]
Epoch 4/50:  42%|████▎     | 17/40 [00:32<00:45,  1.96s/it]
Epoch 4/50:  45%|████▌     | 18/40 [00:34<00:43,  1.98s/it]
Epoch 4/50:  48%|████▊     | 19/40 [00:36<00:41,  1.97s/it]
Epoch 4/50:  50%|█████     | 20/40 [00:38<00:38,  1.94s/it]
Epoch 4/50:  52%|█████▎    | 21/40 [00:40<00:36,  1.94s/it]
Epoch 4/50:  55%|█████▌    | 22/40 [00:42<00:33,  1.86s/it]
Epoch 4/50:  57%|█████▊    | 23/40 [00:44<00:31,  1.83s/it]
Epoch 4/50:  60%|██████    | 24/40 [00:45<00:28,  1.81s/it]
Epoch 4/50:  62%|██████▎   | 25/40 [00:47<00:27,  1.85s/it]
Epoch 4/50:  65%|██████▌   | 26/40 [00:49<00:25,  1.79s/it]
Epoch 4/50:  68%|██████▊   | 27/40 [00:51<00:25,  1.95s/it]
Epoch 4/50:  70%|███████   | 28/40 [00:53<00:23,  1.95s/it]
Epoch 4/50:  72%|███████▎  | 29/40 [00:55<00:21,  1.96s/it]
Epoch 4/50:  75%|███████▌  | 30/40 [00:57<00:19,  1.95s/it]
Epoch 4/50:  78%|███████▊  | 31/40 [00:59<00:16,  1.81s/it]
Epoch 4/50:  80%|████████  | 32/40 [01:01<00:15,  1.93s/it]
Epoch 4/50:  82%|████████▎ | 33/40 [01:03<00:13,  2.00s/it]
Epoch 4/50:  85%|████████▌ | 34/40 [01:05<00:11,  1.90s/it]
Epoch 4/50:  88%|████████▊ | 35/40 [01:07<00:09,  1.99s/it]
Epoch 4/50:  90%|█████████ | 36/40 [01:09<00:08,  2.01s/it]
Epoch 4/50:  92%|█████████▎| 37/40 [01:11<00:05,  1.97s/it]
Epoch 4/50:  95%|█████████▌| 38/40 [01:13<00:03,  1.94s/it]
Epoch 4/50:  98%|█████████▊| 39/40 [01:14<00:01,  1.88s/it]
Epoch 4/50: 100%|██████████| 40/40 [01:16<00:00,  1.74s/it]
Epoch 4/50: 100%|██████████| 40/40 [01:16<00:00,  1.91s/it]

Epoch 4 — avg train loss: 1.7068

[Train classification report — Epoch 4]
               precision    recall  f1-score   support

  APPROPRIATE       0.96      1.00      0.98       152
INAPPROPRIATE       0.00      0.00      0.00         7

     accuracy                           0.96       159
    macro avg       0.48      0.50      0.49       159
 weighted avg       0.91      0.96      0.93       159


------------------------------------------------------------
DIAGNOSTIC — Epoch 4 | Task: appropriate_vocabulary_usage
------------------------------------------------------------

[1] Label token ID check
  'APPROPRIATE' → token_id=128256 → decoded='APPROPRIATE'
  'INAPPROPRIATE' → token_id=128257 → decoded='INAPPROPRIATE'
  ✓ All label token IDs are unique.

[2] Last-token identity (first 3 val samples)

Diag-val epoch 4:   0%|          | 0/10 [00:00<?, ?it/s]
Diag-val epoch 4:  10%|█         | 1/10 [00:00<00:03,  2.25it/s]
Diag-val epoch 4:  20%|██        | 2/10 [00:00<00:03,  2.33it/s]
Diag-val epoch 4:  30%|███       | 3/10 [00:01<00:03,  2.13it/s]
Diag-val epoch 4:  40%|████      | 4/10 [00:01<00:02,  2.05it/s]
Diag-val epoch 4:  50%|█████     | 5/10 [00:02<00:02,  2.03it/s]
Diag-val epoch 4:  60%|██████    | 6/10 [00:02<00:01,  2.09it/s]
Diag-val epoch 4:  70%|███████   | 7/10 [00:03<00:01,  2.06it/s]
Diag-val epoch 4:  80%|████████  | 8/10 [00:03<00:00,  2.02it/s]
Diag-val epoch 4:  90%|█████████ | 9/10 [00:04<00:00,  2.08it/s]
Diag-val epoch 4: 100%|██████████| 10/10 [00:04<00:00,  2.05it/s]
Diag-val epoch 4: 100%|██████████| 10/10 [00:04<00:00,  2.08it/s]
  Sample 0: last real token=':' (id=25) ✓ | position[-1] token=':' (id=25) ✓
  Sample 1: last real token=':' (id=25) ✓ | position[-1] token=':' (id=25) ✓
  Sample 2: last real token=':' (id=25) ✓ | position[-1] token=':' (id=25) ✓

[3] Logit spread over label tokens (first batch)
  'APPROPRIATE': mean=21.250  std=0.270  min=21.000  max=21.625
  'INAPPROPRIATE': mean=13.266  std=0.180  min=13.125  max=13.500
  Max-min spread per sample: mean=7.984  min=7.812  max=8.125
  (Spread near 0 → model not differentiating labels; large spread → confident predictions)

[4] Prediction vs. true label distribution
  Label                            True %   Pred %
  ------------------------------ -------- --------
  APPROPRIATE                       95.0%   100.0% ← collapsed?
  INAPPROPRIATE                      5.0%     0.0%

[Classification report — Epoch 4]
               precision    recall  f1-score   support

  APPROPRIATE       0.95      1.00      0.97        38
INAPPROPRIATE       0.00      0.00      0.00         2

     accuracy                           0.95        40
    macro avg       0.47      0.50      0.49        40
 weighted avg       0.90      0.95      0.93        40

------------------------------------------------------------

Epoch 5/50:   0%|          | 0/40 [00:00<?, ?it/s]
Epoch 5/50:   2%|▎         | 1/40 [00:02<01:26,  2.23s/it]
Epoch 5/50:   5%|▌         | 2/40 [00:04<01:16,  2.01s/it]
Epoch 5/50:   8%|▊         | 3/40 [00:05<01:11,  1.95s/it]
Epoch 5/50:  10%|█         | 4/40 [00:07<01:10,  1.95s/it]
Epoch 5/50:  12%|█▎        | 5/40 [00:09<01:07,  1.92s/it]
Epoch 5/50:  15%|█▌        | 6/40 [00:11<01:06,  1.95s/it]
Epoch 5/50:  18%|█▊        | 7/40 [00:13<01:03,  1.92s/it]
Epoch 5/50:  20%|██        | 8/40 [00:15<00:59,  1.86s/it]
Epoch 5/50:  22%|██▎       | 9/40 [00:17<00:57,  1.87s/it]
Epoch 5/50:  25%|██▌       | 10/40 [00:19<00:56,  1.87s/it]
Epoch 5/50:  28%|██▊       | 11/40 [00:21<00:54,  1.90s/it]
Epoch 5/50:  30%|███       | 12/40 [00:22<00:52,  1.89s/it]
Epoch 5/50:  32%|███▎      | 13/40 [00:24<00:50,  1.87s/it]
Epoch 5/50:  35%|███▌      | 14/40 [00:26<00:47,  1.82s/it]
Epoch 5/50:  38%|███▊      | 15/40 [00:28<00:47,  1.92s/it]
Epoch 5/50:  40%|████      | 16/40 [00:30<00:45,  1.90s/it]
Epoch 5/50:  42%|████▎     | 17/40 [00:32<00:44,  1.94s/it]
Epoch 5/50:  45%|████▌     | 18/40 [00:34<00:44,  2.00s/it]
Epoch 5/50:  48%|████▊     | 19/40 [00:36<00:41,  1.96s/it]
Epoch 5/50:  50%|█████     | 20/40 [00:38<00:37,  1.90s/it]
Epoch 5/50:  52%|█████▎    | 21/40 [00:40<00:35,  1.89s/it]
Epoch 5/50:  55%|█████▌    | 22/40 [00:42<00:35,  1.98s/it]
Epoch 5/50:  57%|█████▊    | 23/40 [00:44<00:33,  1.94s/it]
Epoch 5/50:  60%|██████    | 24/40 [00:46<00:32,  2.06s/it]
Epoch 5/50:  62%|██████▎   | 25/40 [00:48<00:29,  1.97s/it]
Epoch 5/50:  65%|██████▌   | 26/40 [00:50<00:26,  1.90s/it]
Epoch 5/50:  68%|██████▊   | 27/40 [00:52<00:25,  1.94s/it]
Epoch 5/50:  70%|███████   | 28/40 [00:53<00:22,  1.92s/it]
Epoch 5/50:  72%|███████▎  | 29/40 [00:55<00:19,  1.79s/it]
Epoch 5/50:  75%|███████▌  | 30/40 [00:57<00:18,  1.86s/it]
Epoch 5/50:  78%|███████▊  | 31/40 [00:59<00:16,  1.83s/it]
Epoch 5/50:  80%|████████  | 32/40 [01:00<00:14,  1.80s/it]
Epoch 5/50:  82%|████████▎ | 33/40 [01:02<00:13,  1.87s/it]
Epoch 5/50:  85%|████████▌ | 34/40 [01:05<00:11,  1.92s/it]
Epoch 5/50:  88%|████████▊ | 35/40 [01:06<00:09,  1.86s/it]
Epoch 5/50:  90%|█████████ | 36/40 [01:08<00:07,  1.89s/it]
Epoch 5/50:  92%|█████████▎| 37/40 [01:10<00:05,  1.91s/it]
Epoch 5/50:  95%|█████████▌| 38/40 [01:12<00:03,  1.99s/it]
Epoch 5/50:  98%|█████████▊| 39/40 [01:14<00:01,  1.92s/it]
Epoch 5/50: 100%|██████████| 40/40 [01:15<00:00,  1.76s/it]
Epoch 5/50: 100%|██████████| 40/40 [01:15<00:00,  1.90s/it]

Epoch 5 — avg train loss: 1.0039

[Train classification report — Epoch 5]
               precision    recall  f1-score   support

  APPROPRIATE       0.96      1.00      0.98       152
INAPPROPRIATE       0.00      0.00      0.00         7

     accuracy                           0.96       159
    macro avg       0.48      0.50      0.49       159
 weighted avg       0.91      0.96      0.93       159


------------------------------------------------------------
DIAGNOSTIC — Epoch 5 | Task: appropriate_vocabulary_usage
------------------------------------------------------------

[1] Label token ID check
  'APPROPRIATE' → token_id=128256 → decoded='APPROPRIATE'
  'INAPPROPRIATE' → token_id=128257 → decoded='INAPPROPRIATE'
  ✓ All label token IDs are unique.

[2] Last-token identity (first 3 val samples)

Diag-val epoch 5:   0%|          | 0/10 [00:00<?, ?it/s]
Diag-val epoch 5:  10%|█         | 1/10 [00:00<00:03,  2.26it/s]
Diag-val epoch 5:  20%|██        | 2/10 [00:00<00:03,  2.33it/s]
Diag-val epoch 5:  30%|███       | 3/10 [00:01<00:03,  2.12it/s]
Diag-val epoch 5:  40%|████      | 4/10 [00:01<00:02,  2.04it/s]
Diag-val epoch 5:  50%|█████     | 5/10 [00:02<00:02,  2.02it/s]
Diag-val epoch 5:  60%|██████    | 6/10 [00:02<00:01,  2.09it/s]
Diag-val epoch 5:  70%|███████   | 7/10 [00:03<00:01,  2.06it/s]
Diag-val epoch 5:  80%|████████  | 8/10 [00:03<00:00,  2.02it/s]
Diag-val epoch 5:  90%|█████████ | 9/10 [00:04<00:00,  2.08it/s]
Diag-val epoch 5: 100%|██████████| 10/10 [00:04<00:00,  2.05it/s]
Diag-val epoch 5: 100%|██████████| 10/10 [00:04<00:00,  2.07it/s]
  Sample 0: last real token=':' (id=25) ✓ | position[-1] token=':' (id=25) ✓
  Sample 1: last real token=':' (id=25) ✓ | position[-1] token=':' (id=25) ✓
  Sample 2: last real token=':' (id=25) ✓ | position[-1] token=':' (id=25) ✓

[3] Logit spread over label tokens (first batch)
  'APPROPRIATE': mean=22.094  std=0.062  min=22.000  max=22.125
  'INAPPROPRIATE': mean=14.641  std=0.213  min=14.375  max=14.812
  Max-min spread per sample: mean=7.453  min=7.188  max=7.750
  (Spread near 0 → model not differentiating labels; large spread → confident predictions)

[4] Prediction vs. true label distribution
  Label                            True %   Pred %
  ------------------------------ -------- --------
  APPROPRIATE                       95.0%   100.0% ← collapsed?
  INAPPROPRIATE                      5.0%     0.0%

[Classification report — Epoch 5]
               precision    recall  f1-score   support

  APPROPRIATE       0.95      1.00      0.97        38
INAPPROPRIATE       0.00      0.00      0.00         2

     accuracy                           0.95        40
    macro avg       0.47      0.50      0.49        40
 weighted avg       0.90      0.95      0.93        40

------------------------------------------------------------

Epoch 6/50:   0%|          | 0/40 [00:00<?, ?it/s]
Epoch 6/50:   2%|▎         | 1/40 [00:02<01:19,  2.05s/it]
Epoch 6/50:   5%|▌         | 2/40 [00:03<01:13,  1.93s/it]
Epoch 6/50:   8%|▊         | 3/40 [00:05<01:07,  1.82s/it]
Epoch 6/50:  10%|█         | 4/40 [00:07<01:11,  1.98s/it]
Epoch 6/50:  12%|█▎        | 5/40 [00:09<01:08,  1.97s/it]
Epoch 6/50:  15%|█▌        | 6/40 [00:11<01:02,  1.84s/it]
Epoch 6/50:  18%|█▊        | 7/40 [00:13<00:59,  1.81s/it]
Epoch 6/50:  20%|██        | 8/40 [00:14<00:57,  1.79s/it]
Epoch 6/50:  22%|██▎       | 9/40 [00:16<00:54,  1.77s/it]
Epoch 6/50:  25%|██▌       | 10/40 [00:18<00:53,  1.80s/it]
Epoch 6/50:  28%|██▊       | 11/40 [00:20<00:52,  1.81s/it]
Epoch 6/50:  30%|███       | 12/40 [00:22<00:52,  1.88s/it]
Epoch 6/50:  32%|███▎      | 13/40 [00:24<00:50,  1.88s/it]
Epoch 6/50:  35%|███▌      | 14/40 [00:26<00:50,  1.96s/it]
Epoch 6/50:  38%|███▊      | 15/40 [00:28<00:47,  1.90s/it]
Epoch 6/50:  40%|████      | 16/40 [00:30<00:45,  1.91s/it]
Epoch 6/50:  42%|████▎     | 17/40 [00:31<00:42,  1.86s/it]
Epoch 6/50:  45%|████▌     | 18/40 [00:33<00:39,  1.79s/it]
Epoch 6/50:  48%|████▊     | 19/40 [00:35<00:40,  1.91s/it]
Epoch 6/50:  50%|█████     | 20/40 [00:37<00:38,  1.92s/it]
Epoch 6/50:  52%|█████▎    | 21/40 [00:39<00:37,  1.99s/it]
Epoch 6/50:  55%|█████▌    | 22/40 [00:41<00:35,  1.98s/it]
Epoch 6/50:  57%|█████▊    | 23/40 [00:43<00:32,  1.91s/it]
Epoch 6/50:  60%|██████    | 24/40 [00:45<00:29,  1.84s/it]
Epoch 6/50:  62%|██████▎   | 25/40 [00:47<00:28,  1.90s/it]
Epoch 6/50:  65%|██████▌   | 26/40 [00:49<00:27,  1.94s/it]
Epoch 6/50:  68%|██████▊   | 27/40 [00:51<00:26,  2.00s/it]
Epoch 6/50:  70%|███████   | 28/40 [00:53<00:23,  1.99s/it]
Epoch 6/50:  72%|███████▎  | 29/40 [00:55<00:21,  1.95s/it]
Epoch 6/50:  75%|███████▌  | 30/40 [00:56<00:18,  1.89s/it]
Epoch 6/50:  78%|███████▊  | 31/40 [00:58<00:16,  1.88s/it]
Epoch 6/50:  80%|████████  | 32/40 [01:00<00:15,  1.92s/it]
Epoch 6/50:  82%|████████▎ | 33/40 [01:02<00:13,  1.93s/it]
Epoch 6/50:  85%|████████▌ | 34/40 [01:04<00:11,  1.94s/it]
Epoch 6/50:  88%|████████▊ | 35/40 [01:06<00:09,  1.92s/it]
Epoch 6/50:  90%|█████████ | 36/40 [01:07<00:07,  1.79s/it]
Epoch 6/50:  92%|█████████▎| 37/40 [01:10<00:05,  1.95s/it]
Epoch 6/50:  95%|█████████▌| 38/40 [01:12<00:03,  1.95s/it]
Epoch 6/50:  98%|█████████▊| 39/40 [01:14<00:01,  1.97s/it]
Epoch 6/50: 100%|██████████| 40/40 [01:15<00:00,  1.76s/it]
Epoch 6/50: 100%|██████████| 40/40 [01:15<00:00,  1.89s/it]

Epoch 6 — avg train loss: 0.9077

[Train classification report — Epoch 6]
               precision    recall  f1-score   support

  APPROPRIATE       0.96      1.00      0.98       152
INAPPROPRIATE       0.00      0.00      0.00         7

     accuracy                           0.96       159
    macro avg       0.48      0.50      0.49       159
 weighted avg       0.91      0.96      0.93       159


------------------------------------------------------------
DIAGNOSTIC — Epoch 6 | Task: appropriate_vocabulary_usage
------------------------------------------------------------

[1] Label token ID check
  'APPROPRIATE' → token_id=128256 → decoded='APPROPRIATE'
  'INAPPROPRIATE' → token_id=128257 → decoded='INAPPROPRIATE'
  ✓ All label token IDs are unique.

[2] Last-token identity (first 3 val samples)

Diag-val epoch 6:   0%|          | 0/10 [00:00<?, ?it/s]
Diag-val epoch 6:  10%|█         | 1/10 [00:00<00:03,  2.26it/s]
Diag-val epoch 6:  20%|██        | 2/10 [00:00<00:03,  2.33it/s]
Diag-val epoch 6:  30%|███       | 3/10 [00:01<00:03,  2.12it/s]
Diag-val epoch 6:  40%|████      | 4/10 [00:01<00:02,  2.04it/s]
Diag-val epoch 6:  50%|█████     | 5/10 [00:02<00:02,  2.03it/s]
Diag-val epoch 6:  60%|██████    | 6/10 [00:02<00:01,  2.09it/s]
Diag-val epoch 6:  70%|███████   | 7/10 [00:03<00:01,  2.06it/s]
Diag-val epoch 6:  80%|████████  | 8/10 [00:03<00:00,  2.02it/s]
Diag-val epoch 6:  90%|█████████ | 9/10 [00:04<00:00,  2.08it/s]
Diag-val epoch 6: 100%|██████████| 10/10 [00:04<00:00,  2.05it/s]
Diag-val epoch 6: 100%|██████████| 10/10 [00:04<00:00,  2.08it/s]
  Sample 0: last real token=':' (id=25) ✓ | position[-1] token=':' (id=25) ✓
  Sample 1: last real token=':' (id=25) ✓ | position[-1] token=':' (id=25) ✓
  Sample 2: last real token=':' (id=25) ✓ | position[-1] token=':' (id=25) ✓

[3] Logit spread over label tokens (first batch)
  'APPROPRIATE': mean=22.375  std=0.395  min=22.000  max=22.875
  'INAPPROPRIATE': mean=12.297  std=0.624  min=11.562  max=12.875
  Max-min spread per sample: mean=10.078  min=9.750  max=10.562
  (Spread near 0 → model not differentiating labels; large spread → confident predictions)

[4] Prediction vs. true label distribution
  Label                            True %   Pred %
  ------------------------------ -------- --------
  APPROPRIATE                       95.0%   100.0% ← collapsed?
  INAPPROPRIATE                      5.0%     0.0%

[Classification report — Epoch 6]
               precision    recall  f1-score   support

  APPROPRIATE       0.95      1.00      0.97        38
INAPPROPRIATE       0.00      0.00      0.00         2

     accuracy                           0.95        40
    macro avg       0.47      0.50      0.49        40
 weighted avg       0.90      0.95      0.93        40

------------------------------------------------------------

Epoch 7/50:   0%|          | 0/40 [00:00<?, ?it/s]
Epoch 7/50:   2%|▎         | 1/40 [00:01<01:13,  1.88s/it]
Epoch 7/50:   5%|▌         | 2/40 [00:03<01:14,  1.97s/it]
Epoch 7/50:   8%|▊         | 3/40 [00:05<01:06,  1.80s/it]
Epoch 7/50:  10%|█         | 4/40 [00:07<01:05,  1.82s/it]
Epoch 7/50:  12%|█▎        | 5/40 [00:09<01:06,  1.90s/it]
Epoch 7/50:  15%|█▌        | 6/40 [00:11<01:07,  1.99s/it]
Epoch 7/50:  18%|█▊        | 7/40 [00:13<01:08,  2.07s/it]
Epoch 7/50:  20%|██        | 8/40 [00:15<01:04,  2.00s/it]
Epoch 7/50:  22%|██▎       | 9/40 [00:17<01:02,  2.01s/it]
Epoch 7/50:  25%|██▌       | 10/40 [00:19<00:58,  1.97s/it]
Epoch 7/50:  28%|██▊       | 11/40 [00:21<00:56,  1.93s/it]
Epoch 7/50:  30%|███       | 12/40 [00:23<00:55,  2.00s/it]
Epoch 7/50:  32%|███▎      | 13/40 [00:25<00:51,  1.93s/it]
Epoch 7/50:  35%|███▌      | 14/40 [00:26<00:47,  1.85s/it]
Epoch 7/50:  38%|███▊      | 15/40 [00:29<00:47,  1.90s/it]
Epoch 7/50:  40%|████      | 16/40 [00:30<00:45,  1.92s/it]
Epoch 7/50:  42%|████▎     | 17/40 [00:32<00:42,  1.86s/it]
Epoch 7/50:  45%|████▌     | 18/40 [00:34<00:42,  1.91s/it]
Epoch 7/50:  48%|████▊     | 19/40 [00:36<00:38,  1.84s/it]
Epoch 7/50:  50%|█████     | 20/40 [00:38<00:36,  1.81s/it]
Epoch 7/50:  52%|█████▎    | 21/40 [00:39<00:34,  1.82s/it]
Epoch 7/50:  55%|█████▌    | 22/40 [00:41<00:32,  1.78s/it]
Epoch 7/50:  57%|█████▊    | 23/40 [00:43<00:30,  1.81s/it]
Epoch 7/50:  60%|██████    | 24/40 [00:45<00:31,  1.96s/it]
Epoch 7/50:  62%|██████▎   | 25/40 [00:47<00:27,  1.85s/it]
Epoch 7/50:  65%|██████▌   | 26/40 [00:49<00:25,  1.82s/it]
Epoch 7/50:  68%|██████▊   | 27/40 [00:50<00:23,  1.80s/it]
Epoch 7/50:  70%|███████   | 28/40 [00:52<00:22,  1.84s/it]
Epoch 7/50:  72%|███████▎  | 29/40 [00:54<00:19,  1.79s/it]
Epoch 7/50:  75%|███████▌  | 30/40 [00:56<00:18,  1.90s/it]
Epoch 7/50:  78%|███████▊  | 31/40 [00:58<00:16,  1.89s/it]
Epoch 7/50:  80%|████████  | 32/40 [01:00<00:15,  1.88s/it]
Epoch 7/50:  82%|████████▎ | 33/40 [01:02<00:13,  1.92s/it]
Epoch 7/50:  85%|████████▌ | 34/40 [01:04<00:11,  1.93s/it]
Epoch 7/50:  88%|████████▊ | 35/40 [01:06<00:09,  1.88s/it]
Epoch 7/50:  90%|█████████ | 36/40 [01:07<00:07,  1.87s/it]
Epoch 7/50:  92%|█████████▎| 37/40 [01:09<00:05,  1.89s/it]
Epoch 7/50:  95%|█████████▌| 38/40 [01:11<00:03,  1.85s/it]
Epoch 7/50:  98%|█████████▊| 39/40 [01:13<00:01,  1.88s/it]
Epoch 7/50: 100%|██████████| 40/40 [01:15<00:00,  1.79s/it]
Epoch 7/50: 100%|██████████| 40/40 [01:15<00:00,  1.88s/it]

Epoch 7 — avg train loss: 0.8495

[Train classification report — Epoch 7]
               precision    recall  f1-score   support

  APPROPRIATE       0.96      1.00      0.98       152
INAPPROPRIATE       0.00      0.00      0.00         7

     accuracy                           0.96       159
    macro avg       0.48      0.50      0.49       159
 weighted avg       0.91      0.96      0.93       159


------------------------------------------------------------
DIAGNOSTIC — Epoch 7 | Task: appropriate_vocabulary_usage
------------------------------------------------------------

[1] Label token ID check
  'APPROPRIATE' → token_id=128256 → decoded='APPROPRIATE'
  'INAPPROPRIATE' → token_id=128257 → decoded='INAPPROPRIATE'
  ✓ All label token IDs are unique.

[2] Last-token identity (first 3 val samples)

Diag-val epoch 7:   0%|          | 0/10 [00:00<?, ?it/s]
Diag-val epoch 7:  10%|█         | 1/10 [00:00<00:03,  2.26it/s]
Diag-val epoch 7:  20%|██        | 2/10 [00:00<00:03,  2.33it/s]
Diag-val epoch 7:  30%|███       | 3/10 [00:01<00:03,  2.12it/s]
Diag-val epoch 7:  40%|████      | 4/10 [00:01<00:02,  2.04it/s]
Diag-val epoch 7:  50%|█████     | 5/10 [00:02<00:02,  2.02it/s]
Diag-val epoch 7:  60%|██████    | 6/10 [00:02<00:01,  2.09it/s]
Diag-val epoch 7:  70%|███████   | 7/10 [00:03<00:01,  2.06it/s]
Diag-val epoch 7:  80%|████████  | 8/10 [00:03<00:00,  2.02it/s]
Diag-val epoch 7:  90%|█████████ | 9/10 [00:04<00:00,  2.08it/s]
Diag-val epoch 7: 100%|██████████| 10/10 [00:04<00:00,  2.05it/s]
Diag-val epoch 7: 100%|██████████| 10/10 [00:04<00:00,  2.08it/s]
  Sample 0: last real token=':' (id=25) ✓ | position[-1] token=':' (id=25) ✓
  Sample 1: last real token=':' (id=25) ✓ | position[-1] token=':' (id=25) ✓
  Sample 2: last real token=':' (id=25) ✓ | position[-1] token=':' (id=25) ✓

[3] Logit spread over label tokens (first batch)
  'APPROPRIATE': mean=22.375  std=0.270  min=22.125  max=22.750
  'INAPPROPRIATE': mean=14.109  std=0.682  min=13.250  max=14.688
  Max-min spread per sample: mean=8.266  min=7.562  max=9.125
  (Spread near 0 → model not differentiating labels; large spread → confident predictions)

[4] Prediction vs. true label distribution
  Label                            True %   Pred %
  ------------------------------ -------- --------
  APPROPRIATE                       95.0%   100.0% ← collapsed?
  INAPPROPRIATE                      5.0%     0.0%

[Classification report — Epoch 7]
               precision    recall  f1-score   support

  APPROPRIATE       0.95      1.00      0.97        38
INAPPROPRIATE       0.00      0.00      0.00         2

     accuracy                           0.95        40
    macro avg       0.47      0.50      0.49        40
 weighted avg       0.90      0.95      0.93        40

------------------------------------------------------------

Epoch 8/50:   0%|          | 0/40 [00:00<?, ?it/s]
Epoch 8/50:   2%|▎         | 1/40 [00:01<00:57,  1.48s/it]
Epoch 8/50:   5%|▌         | 2/40 [00:03<01:12,  1.91s/it]
Epoch 8/50:   8%|▊         | 3/40 [00:05<01:08,  1.84s/it]
Epoch 8/50:  10%|█         | 4/40 [00:07<01:13,  2.03s/it]
Epoch 8/50:  12%|█▎        | 5/40 [00:09<01:11,  2.03s/it]
Epoch 8/50:  15%|█▌        | 6/40 [00:11<01:05,  1.94s/it]
Epoch 8/50:  18%|█▊        | 7/40 [00:13<01:01,  1.87s/it]
Epoch 8/50:  20%|██        | 8/40 [00:15<01:03,  1.98s/it]
Epoch 8/50:  22%|██▎       | 9/40 [00:17<00:58,  1.88s/it]
Epoch 8/50:  25%|██▌       | 10/40 [00:19<00:57,  1.91s/it]
Epoch 8/50:  28%|██▊       | 11/40 [00:20<00:53,  1.86s/it]
Epoch 8/50:  30%|███       | 12/40 [00:22<00:51,  1.85s/it]
Epoch 8/50:  32%|███▎      | 13/40 [00:24<00:50,  1.89s/it]
Epoch 8/50:  35%|███▌      | 14/40 [00:26<00:47,  1.82s/it]
Epoch 8/50:  38%|███▊      | 15/40 [00:28<00:45,  1.83s/it]
Epoch 8/50:  40%|████      | 16/40 [00:30<00:44,  1.87s/it]
Epoch 8/50:  42%|████▎     | 17/40 [00:32<00:42,  1.86s/it]
Epoch 8/50:  45%|████▌     | 18/40 [00:33<00:39,  1.80s/it]
Epoch 8/50:  48%|████▊     | 19/40 [00:35<00:37,  1.79s/it]
Epoch 8/50:  50%|█████     | 20/40 [00:37<00:36,  1.83s/it]
Epoch 8/50:  52%|█████▎    | 21/40 [00:39<00:36,  1.93s/it]
Epoch 8/50:  55%|█████▌    | 22/40 [00:41<00:33,  1.85s/it]
Epoch 8/50:  57%|█████▊    | 23/40 [00:43<00:32,  1.90s/it]
Epoch 8/50:  60%|██████    | 24/40 [00:45<00:30,  1.89s/it]
Epoch 8/50:  62%|██████▎   | 25/40 [00:46<00:27,  1.85s/it]
Epoch 8/50:  65%|██████▌   | 26/40 [00:48<00:25,  1.79s/it]
Epoch 8/50:  68%|██████▊   | 27/40 [00:50<00:23,  1.77s/it]
Epoch 8/50:  70%|███████   | 28/40 [00:52<00:21,  1.83s/it]
Epoch 8/50:  72%|███████▎  | 29/40 [00:54<00:20,  1.87s/it]
Epoch 8/50:  75%|███████▌  | 30/40 [00:55<00:18,  1.86s/it]
Epoch 8/50:  78%|███████▊  | 31/40 [00:58<00:17,  1.95s/it]
Epoch 8/50:  80%|████████  | 32/40 [00:59<00:14,  1.86s/it]
Epoch 8/50:  82%|████████▎ | 33/40 [01:01<00:13,  1.92s/it]
Epoch 8/50:  85%|████████▌ | 34/40 [01:03<00:11,  1.99s/it]
Epoch 8/50:  88%|████████▊ | 35/40 [01:05<00:09,  2.00s/it]
Epoch 8/50:  90%|█████████ | 36/40 [01:07<00:07,  1.92s/it]
Epoch 8/50:  92%|█████████▎| 37/40 [01:09<00:05,  1.95s/it]
Epoch 8/50:  95%|█████████▌| 38/40 [01:11<00:03,  1.98s/it]
Epoch 8/50:  98%|█████████▊| 39/40 [01:13<00:01,  1.99s/it]
Epoch 8/50: 100%|██████████| 40/40 [01:15<00:00,  1.85s/it]
Epoch 8/50: 100%|██████████| 40/40 [01:15<00:00,  1.88s/it]

Epoch 8 — avg train loss: 0.8513

[Train classification report — Epoch 8]
               precision    recall  f1-score   support

  APPROPRIATE       0.96      1.00      0.98       152
INAPPROPRIATE       0.00      0.00      0.00         7

     accuracy                           0.96       159
    macro avg       0.48      0.50      0.49       159
 weighted avg       0.91      0.96      0.93       159


------------------------------------------------------------
DIAGNOSTIC — Epoch 8 | Task: appropriate_vocabulary_usage
------------------------------------------------------------

[1] Label token ID check
  'APPROPRIATE' → token_id=128256 → decoded='APPROPRIATE'
  'INAPPROPRIATE' → token_id=128257 → decoded='INAPPROPRIATE'
  ✓ All label token IDs are unique.

[2] Last-token identity (first 3 val samples)

Diag-val epoch 8:   0%|          | 0/10 [00:00<?, ?it/s]
Diag-val epoch 8:  10%|█         | 1/10 [00:00<00:03,  2.26it/s]
Diag-val epoch 8:  20%|██        | 2/10 [00:00<00:03,  2.33it/s]
Diag-val epoch 8:  30%|███       | 3/10 [00:01<00:03,  2.13it/s]
Diag-val epoch 8:  40%|████      | 4/10 [00:01<00:02,  2.05it/s]
Diag-val epoch 8:  50%|█████     | 5/10 [00:02<00:02,  2.03it/s]
Diag-val epoch 8:  60%|██████    | 6/10 [00:02<00:01,  2.09it/s]
Diag-val epoch 8:  70%|███████   | 7/10 [00:03<00:01,  2.07it/s]
Diag-val epoch 8:  80%|████████  | 8/10 [00:03<00:00,  2.02it/s]
Diag-val epoch 8:  90%|█████████ | 9/10 [00:04<00:00,  2.08it/s]
Diag-val epoch 8: 100%|██████████| 10/10 [00:04<00:00,  2.06it/s]
Diag-val epoch 8: 100%|██████████| 10/10 [00:04<00:00,  2.08it/s]
  Sample 0: last real token=':' (id=25) ✓ | position[-1] token=':' (id=25) ✓
  Sample 1: last real token=':' (id=25) ✓ | position[-1] token=':' (id=25) ✓
  Sample 2: last real token=':' (id=25) ✓ | position[-1] token=':' (id=25) ✓

[3] Logit spread over label tokens (first batch)
  'APPROPRIATE': mean=22.625  std=0.270  min=22.375  max=23.000
  'INAPPROPRIATE': mean=14.250  std=0.723  min=13.250  max=14.812
  Max-min spread per sample: mean=8.375  min=7.562  max=9.375
  (Spread near 0 → model not differentiating labels; large spread → confident predictions)

[4] Prediction vs. true label distribution
  Label                            True %   Pred %
  ------------------------------ -------- --------
  APPROPRIATE                       95.0%   100.0% ← collapsed?
  INAPPROPRIATE                      5.0%     0.0%

[Classification report — Epoch 8]
               precision    recall  f1-score   support

  APPROPRIATE       0.95      1.00      0.97        38
INAPPROPRIATE       0.00      0.00      0.00         2

     accuracy                           0.95        40
    macro avg       0.47      0.50      0.49        40
 weighted avg       0.90      0.95      0.93        40

------------------------------------------------------------

Epoch 9/50:   0%|          | 0/40 [00:00<?, ?it/s]
Epoch 9/50:   2%|▎         | 1/40 [00:01<01:13,  1.88s/it]
Epoch 9/50:   5%|▌         | 2/40 [00:03<01:14,  1.97s/it]
Epoch 9/50:   8%|▊         | 3/40 [00:05<01:09,  1.87s/it]
Epoch 9/50:  10%|█         | 4/40 [00:07<01:12,  2.00s/it]
Epoch 9/50:  12%|█▎        | 5/40 [00:09<01:06,  1.91s/it]
Epoch 9/50:  15%|█▌        | 6/40 [00:11<01:08,  2.01s/it]
Epoch 9/50:  18%|█▊        | 7/40 [00:13<01:03,  1.93s/it]
Epoch 9/50:  20%|██        | 8/40 [00:15<00:57,  1.78s/it]
Epoch 9/50:  22%|██▎       | 9/40 [00:16<00:56,  1.84s/it]
Epoch 9/50:  25%|██▌       | 10/40 [00:18<00:54,  1.80s/it]
Epoch 9/50:  28%|██▊       | 11/40 [00:20<00:53,  1.85s/it]
Epoch 9/50:  30%|███       | 12/40 [00:22<00:51,  1.85s/it]
Epoch 9/50:  32%|███▎      | 13/40 [00:24<00:49,  1.82s/it]
Epoch 9/50:  35%|███▌      | 14/40 [00:26<00:47,  1.83s/it]
Epoch 9/50:  38%|███▊      | 15/40 [00:28<00:46,  1.87s/it]
Epoch 9/50:  40%|████      | 16/40 [00:30<00:45,  1.91s/it]
Epoch 9/50:  42%|████▎     | 17/40 [00:32<00:45,  1.98s/it]
Epoch 9/50:  45%|████▌     | 18/40 [00:34<00:42,  1.95s/it]
Epoch 9/50:  48%|████▊     | 19/40 [00:36<00:42,  2.01s/it]
Epoch 9/50:  50%|█████     | 20/40 [00:38<00:40,  2.02s/it]
Epoch 9/50:  52%|█████▎    | 21/40 [00:40<00:37,  1.97s/it]
Epoch 9/50:  55%|█████▌    | 22/40 [00:42<00:35,  1.97s/it]
Epoch 9/50:  57%|█████▊    | 23/40 [00:43<00:31,  1.88s/it]
Epoch 9/50:  60%|██████    | 24/40 [00:45<00:30,  1.93s/it]
Epoch 9/50:  62%|██████▎   | 25/40 [00:47<00:28,  1.93s/it]
Epoch 9/50:  65%|██████▌   | 26/40 [00:49<00:26,  1.91s/it]
Epoch 9/50:  68%|██████▊   | 27/40 [00:51<00:25,  1.95s/it]
Epoch 9/50:  70%|███████   | 28/40 [00:53<00:23,  1.92s/it]
Epoch 9/50:  72%|███████▎  | 29/40 [00:55<00:21,  1.93s/it]
Epoch 9/50:  75%|███████▌  | 30/40 [00:57<00:19,  1.91s/it]
Epoch 9/50:  78%|███████▊  | 31/40 [00:59<00:17,  1.95s/it]
Epoch 9/50:  80%|████████  | 32/40 [01:01<00:15,  1.89s/it]
Epoch 9/50:  82%|████████▎ | 33/40 [01:02<00:13,  1.88s/it]
Epoch 9/50:  85%|████████▌ | 34/40 [01:04<00:11,  1.84s/it]
Epoch 9/50:  88%|████████▊ | 35/40 [01:06<00:09,  1.85s/it]
Epoch 9/50:  90%|█████████ | 36/40 [01:08<00:07,  1.99s/it]
Epoch 9/50:  92%|█████████▎| 37/40 [01:10<00:05,  1.95s/it]
Epoch 9/50:  95%|█████████▌| 38/40 [01:12<00:03,  1.95s/it]
Epoch 9/50:  98%|█████████▊| 39/40 [01:14<00:01,  1.95s/it]
Epoch 9/50: 100%|██████████| 40/40 [01:16<00:00,  1.81s/it]
Epoch 9/50: 100%|██████████| 40/40 [01:16<00:00,  1.90s/it]

Epoch 9 — avg train loss: 0.7648

[Train classification report — Epoch 9]
               precision    recall  f1-score   support

  APPROPRIATE       0.96      1.00      0.98       152
INAPPROPRIATE       0.00      0.00      0.00         7

     accuracy                           0.96       159
    macro avg       0.48      0.50      0.49       159
 weighted avg       0.91      0.96      0.93       159


------------------------------------------------------------
DIAGNOSTIC — Epoch 9 | Task: appropriate_vocabulary_usage
------------------------------------------------------------

[1] Label token ID check
  'APPROPRIATE' → token_id=128256 → decoded='APPROPRIATE'
  'INAPPROPRIATE' → token_id=128257 → decoded='INAPPROPRIATE'
  ✓ All label token IDs are unique.

[2] Last-token identity (first 3 val samples)

Diag-val epoch 9:   0%|          | 0/10 [00:00<?, ?it/s]
Diag-val epoch 9:  10%|█         | 1/10 [00:00<00:03,  2.26it/s]
Diag-val epoch 9:  20%|██        | 2/10 [00:00<00:03,  2.33it/s]
Diag-val epoch 9:  30%|███       | 3/10 [00:01<00:03,  2.12it/s]
Diag-val epoch 9:  40%|████      | 4/10 [00:01<00:02,  2.04it/s]
Diag-val epoch 9:  50%|█████     | 5/10 [00:02<00:02,  2.02it/s]
Diag-val epoch 9:  60%|██████    | 6/10 [00:02<00:01,  2.09it/s]
Diag-val epoch 9:  70%|███████   | 7/10 [00:03<00:01,  2.06it/s]
Diag-val epoch 9:  80%|████████  | 8/10 [00:03<00:00,  2.02it/s]
Diag-val epoch 9:  90%|█████████ | 9/10 [00:04<00:00,  2.08it/s]
Diag-val epoch 9: 100%|██████████| 10/10 [00:04<00:00,  2.06it/s]
Diag-val epoch 9: 100%|██████████| 10/10 [00:04<00:00,  2.08it/s]
  Sample 0: last real token=':' (id=25) ✓ | position[-1] token=':' (id=25) ✓
  Sample 1: last real token=':' (id=25) ✓ | position[-1] token=':' (id=25) ✓
  Sample 2: last real token=':' (id=25) ✓ | position[-1] token=':' (id=25) ✓

[3] Logit spread over label tokens (first batch)
  'APPROPRIATE': mean=22.938  std=0.298  min=22.750  max=23.375
  'INAPPROPRIATE': mean=14.016  std=0.828  min=12.875  max=14.688
  Max-min spread per sample: mean=8.922  min=8.062  max=10.000
  (Spread near 0 → model not differentiating labels; large spread → confident predictions)

[4] Prediction vs. true label distribution
  Label                            True %   Pred %
  ------------------------------ -------- --------
  APPROPRIATE                       95.0%   100.0% ← collapsed?
  INAPPROPRIATE                      5.0%     0.0%

[Classification report — Epoch 9]
               precision    recall  f1-score   support

  APPROPRIATE       0.95      1.00      0.97        38
INAPPROPRIATE       0.00      0.00      0.00         2

     accuracy                           0.95        40
    macro avg       0.47      0.50      0.49        40
 weighted avg       0.90      0.95      0.93        40

------------------------------------------------------------

Epoch 10/50:   0%|          | 0/40 [00:00<?, ?it/s]
Epoch 10/50:   2%|▎         | 1/40 [00:01<01:08,  1.75s/it]
Epoch 10/50:   5%|▌         | 2/40 [00:03<01:04,  1.71s/it]
Epoch 10/50:   8%|▊         | 3/40 [00:05<01:02,  1.69s/it]
Epoch 10/50:  10%|█         | 4/40 [00:06<01:01,  1.71s/it]
Epoch 10/50:  12%|█▎        | 5/40 [00:08<01:04,  1.83s/it]
Epoch 10/50:  15%|█▌        | 6/40 [00:10<01:01,  1.80s/it]
Epoch 10/50:  18%|█▊        | 7/40 [00:12<01:00,  1.82s/it]
Epoch 10/50:  20%|██        | 8/40 [00:14<00:57,  1.79s/it]
Epoch 10/50:  22%|██▎       | 9/40 [00:15<00:55,  1.78s/it]
Epoch 10/50:  25%|██▌       | 10/40 [00:18<00:58,  1.95s/it]
Epoch 10/50:  28%|██▊       | 11/40 [00:20<00:57,  1.97s/it]
Epoch 10/50:  30%|███       | 12/40 [00:21<00:51,  1.83s/it]
Epoch 10/50:  32%|███▎      | 13/40 [00:23<00:52,  1.93s/it]
Epoch 10/50:  35%|███▌      | 14/40 [00:26<00:50,  1.96s/it]
Epoch 10/50:  38%|███▊      | 15/40 [00:27<00:48,  1.96s/it]
Epoch 10/50:  40%|████      | 16/40 [00:29<00:45,  1.90s/it]
Epoch 10/50:  42%|████▎     | 17/40 [00:31<00:43,  1.88s/it]
Epoch 10/50:  45%|████▌     | 18/40 [00:33<00:41,  1.88s/it]
Epoch 10/50:  48%|████▊     | 19/40 [00:35<00:40,  1.93s/it]
Epoch 10/50:  50%|█████     | 20/40 [00:37<00:38,  1.91s/it]
Epoch 10/50:  52%|█████▎    | 21/40 [00:39<00:37,  2.00s/it]
Epoch 10/50:  55%|█████▌    | 22/40 [00:41<00:35,  1.99s/it]
Epoch 10/50:  57%|█████▊    | 23/40 [00:43<00:31,  1.88s/it]
Epoch 10/50:  60%|██████    | 24/40 [00:45<00:31,  1.96s/it]
Epoch 10/50:  62%|██████▎   | 25/40 [00:47<00:28,  1.93s/it]
Epoch 10/50:  65%|██████▌   | 26/40 [00:49<00:26,  1.91s/it]
Epoch 10/50:  68%|██████▊   | 27/40 [00:51<00:25,  1.95s/it]
Epoch 10/50:  70%|███████   | 28/40 [00:53<00:23,  1.97s/it]
Epoch 10/50:  72%|███████▎  | 29/40 [00:54<00:20,  1.90s/it]
Epoch 10/50:  75%|███████▌  | 30/40 [00:56<00:18,  1.85s/it]
Epoch 10/50:  78%|███████▊  | 31/40 [00:58<00:16,  1.82s/it]
Epoch 10/50:  80%|████████  | 32/40 [01:00<00:14,  1.86s/it]
Epoch 10/50:  82%|████████▎ | 33/40 [01:01<00:12,  1.81s/it]
Epoch 10/50:  85%|████████▌ | 34/40 [01:03<00:10,  1.78s/it]
Epoch 10/50:  88%|████████▊ | 35/40 [01:05<00:09,  1.81s/it]
Epoch 10/50:  90%|█████████ | 36/40 [01:07<00:07,  1.85s/it]
Epoch 10/50:  92%|█████████▎| 37/40 [01:09<00:05,  1.88s/it]
Epoch 10/50:  95%|█████████▌| 38/40 [01:11<00:03,  1.91s/it]
Epoch 10/50:  98%|█████████▊| 39/40 [01:13<00:01,  1.92s/it]
Epoch 10/50: 100%|██████████| 40/40 [01:14<00:00,  1.79s/it]
Epoch 10/50: 100%|██████████| 40/40 [01:14<00:00,  1.87s/it]

Epoch 10 — avg train loss: 0.7196

[Train classification report — Epoch 10]
               precision    recall  f1-score   support

  APPROPRIATE       0.96      1.00      0.98       152
INAPPROPRIATE       0.00      0.00      0.00         7

     accuracy                           0.96       159
    macro avg       0.48      0.50      0.49       159
 weighted avg       0.91      0.96      0.93       159


------------------------------------------------------------
DIAGNOSTIC — Epoch 10 | Task: appropriate_vocabulary_usage
------------------------------------------------------------

[1] Label token ID check
  'APPROPRIATE' → token_id=128256 → decoded='APPROPRIATE'
  'INAPPROPRIATE' → token_id=128257 → decoded='INAPPROPRIATE'
  ✓ All label token IDs are unique.

[2] Last-token identity (first 3 val samples)

Diag-val epoch 10:   0%|          | 0/10 [00:00<?, ?it/s]
Diag-val epoch 10:  10%|█         | 1/10 [00:00<00:03,  2.26it/s]
Diag-val epoch 10:  20%|██        | 2/10 [00:00<00:03,  2.33it/s]
Diag-val epoch 10:  30%|███       | 3/10 [00:01<00:03,  2.12it/s]
Diag-val epoch 10:  40%|████      | 4/10 [00:01<00:02,  2.05it/s]
Diag-val epoch 10:  50%|█████     | 5/10 [00:02<00:02,  2.03it/s]
Diag-val epoch 10:  60%|██████    | 6/10 [00:02<00:01,  2.09it/s]
Diag-val epoch 10:  70%|███████   | 7/10 [00:03<00:01,  2.06it/s]
Diag-val epoch 10:  80%|████████  | 8/10 [00:03<00:00,  2.02it/s]
Diag-val epoch 10:  90%|█████████ | 9/10 [00:04<00:00,  2.07it/s]
Diag-val epoch 10: 100%|██████████| 10/10 [00:04<00:00,  2.05it/s]
Diag-val epoch 10: 100%|██████████| 10/10 [00:04<00:00,  2.08it/s]
  Sample 0: last real token=':' (id=25) ✓ | position[-1] token=':' (id=25) ✓
  Sample 1: last real token=':' (id=25) ✓ | position[-1] token=':' (id=25) ✓
  Sample 2: last real token=':' (id=25) ✓ | position[-1] token=':' (id=25) ✓

[3] Logit spread over label tokens (first batch)
  'APPROPRIATE': mean=22.656  std=0.312  min=22.250  max=23.000
  'INAPPROPRIATE': mean=14.828  std=0.864  min=13.688  max=15.688
  Max-min spread per sample: mean=7.828  min=6.562  max=9.062
  (Spread near 0 → model not differentiating labels; large spread → confident predictions)

[4] Prediction vs. true label distribution
  Label                            True %   Pred %
  ------------------------------ -------- --------
  APPROPRIATE                       95.0%   100.0% ← collapsed?
  INAPPROPRIATE                      5.0%     0.0%

[Classification report — Epoch 10]
               precision    recall  f1-score   support

  APPROPRIATE       0.95      1.00      0.97        38
INAPPROPRIATE       0.00      0.00      0.00         2

     accuracy                           0.95        40
    macro avg       0.47      0.50      0.49        40
 weighted avg       0.90      0.95      0.93        40

------------------------------------------------------------

Epoch 11/50:   0%|          | 0/40 [00:00<?, ?it/s]
Epoch 11/50:   2%|▎         | 1/40 [00:02<01:30,  2.33s/it]
Epoch 11/50:   5%|▌         | 2/40 [00:04<01:20,  2.11s/it]
Epoch 11/50:   8%|▊         | 3/40 [00:06<01:13,  2.00s/it]
Epoch 11/50:  10%|█         | 4/40 [00:08<01:09,  1.94s/it]
Epoch 11/50:  12%|█▎        | 5/40 [00:09<01:04,  1.84s/it]
Epoch 11/50:  15%|█▌        | 6/40 [00:11<01:06,  1.95s/it]
Epoch 11/50:  18%|█▊        | 7/40 [00:13<01:05,  1.97s/it]
Epoch 11/50:  20%|██        | 8/40 [00:15<01:01,  1.93s/it]
Epoch 11/50:  22%|██▎       | 9/40 [00:17<00:59,  1.91s/it]
Epoch 11/50:  25%|██▌       | 10/40 [00:19<00:55,  1.86s/it]
Epoch 11/50:  28%|██▊       | 11/40 [00:21<00:54,  1.89s/it]
Epoch 11/50:  30%|███       | 12/40 [00:23<00:55,  1.97s/it]
Epoch 11/50:  32%|███▎      | 13/40 [00:25<00:51,  1.90s/it]
Epoch 11/50:  35%|███▌      | 14/40 [00:27<00:49,  1.91s/it]
Epoch 11/50:  38%|███▊      | 15/40 [00:28<00:47,  1.90s/it]
Epoch 11/50:  40%|████      | 16/40 [00:31<00:47,  2.00s/it]
Epoch 11/50:  42%|████▎     | 17/40 [00:32<00:43,  1.88s/it]
Epoch 11/50:  45%|████▌     | 18/40 [00:34<00:41,  1.87s/it]
Epoch 11/50:  48%|████▊     | 19/40 [00:36<00:36,  1.76s/it]
Epoch 11/50:  50%|█████     | 20/40 [00:37<00:35,  1.75s/it]
Epoch 11/50:  52%|█████▎    | 21/40 [00:40<00:35,  1.88s/it]
Epoch 11/50:  55%|█████▌    | 22/40 [00:41<00:33,  1.87s/it]
Epoch 11/50:  57%|█████▊    | 23/40 [00:43<00:31,  1.87s/it]
Epoch 11/50:  60%|██████    | 24/40 [00:45<00:30,  1.89s/it]
Epoch 11/50:  62%|██████▎   | 25/40 [00:47<00:27,  1.85s/it]
Epoch 11/50:  65%|██████▌   | 26/40 [00:49<00:26,  1.88s/it]
Epoch 11/50:  68%|██████▊   | 27/40 [00:51<00:25,  1.93s/it]
Epoch 11/50:  70%|███████   | 28/40 [00:53<00:22,  1.91s/it]
Epoch 11/50:  72%|███████▎  | 29/40 [00:54<00:19,  1.78s/it]
Epoch 11/50:  75%|███████▌  | 30/40 [00:56<00:18,  1.81s/it]
Epoch 11/50:  78%|███████▊  | 31/40 [00:58<00:16,  1.87s/it]
Epoch 11/50:  80%|████████  | 32/40 [01:00<00:13,  1.75s/it]
Epoch 11/50:  82%|████████▎ | 33/40 [01:02<00:12,  1.78s/it]
Epoch 11/50:  85%|████████▌ | 34/40 [01:04<00:11,  1.85s/it]
Epoch 11/50:  88%|████████▊ | 35/40 [01:06<00:09,  1.91s/it]
Epoch 11/50:  90%|█████████ | 36/40 [01:07<00:07,  1.86s/it]
Epoch 11/50:  92%|█████████▎| 37/40 [01:09<00:05,  1.89s/it]
Epoch 11/50:  95%|█████████▌| 38/40 [01:11<00:03,  1.85s/it]
Epoch 11/50:  98%|█████████▊| 39/40 [01:13<00:01,  1.77s/it]
Epoch 11/50: 100%|██████████| 40/40 [01:14<00:00,  1.68s/it]
Epoch 11/50: 100%|██████████| 40/40 [01:14<00:00,  1.87s/it]

Epoch 11 — avg train loss: 0.7926

[Train classification report — Epoch 11]
               precision    recall  f1-score   support

  APPROPRIATE       0.96      1.00      0.98       152
INAPPROPRIATE       0.00      0.00      0.00         7

     accuracy                           0.96       159
    macro avg       0.48      0.50      0.49       159
 weighted avg       0.91      0.96      0.93       159


------------------------------------------------------------
DIAGNOSTIC — Epoch 11 | Task: appropriate_vocabulary_usage
------------------------------------------------------------

[1] Label token ID check
  'APPROPRIATE' → token_id=128256 → decoded='APPROPRIATE'
  'INAPPROPRIATE' → token_id=128257 → decoded='INAPPROPRIATE'
  ✓ All label token IDs are unique.

[2] Last-token identity (first 3 val samples)

Diag-val epoch 11:   0%|          | 0/10 [00:00<?, ?it/s]
Diag-val epoch 11:  10%|█         | 1/10 [00:00<00:03,  2.26it/s]
Diag-val epoch 11:  20%|██        | 2/10 [00:00<00:03,  2.33it/s]
Diag-val epoch 11:  30%|███       | 3/10 [00:01<00:03,  2.13it/s]
Diag-val epoch 11:  40%|████      | 4/10 [00:01<00:02,  2.05it/s]
Diag-val epoch 11:  50%|█████     | 5/10 [00:02<00:02,  2.03it/s]
Diag-val epoch 11:  60%|██████    | 6/10 [00:02<00:01,  2.09it/s]
Diag-val epoch 11:  70%|███████   | 7/10 [00:03<00:01,  2.06it/s]
Diag-val epoch 11:  80%|████████  | 8/10 [00:03<00:00,  2.02it/s]
Diag-val epoch 11:  90%|█████████ | 9/10 [00:04<00:00,  2.08it/s]
Diag-val epoch 11: 100%|██████████| 10/10 [00:04<00:00,  2.05it/s]
Diag-val epoch 11: 100%|██████████| 10/10 [00:04<00:00,  2.08it/s]
  Sample 0: last real token=':' (id=25) ✓ | position[-1] token=':' (id=25) ✓
  Sample 1: last real token=':' (id=25) ✓ | position[-1] token=':' (id=25) ✓
  Sample 2: last real token=':' (id=25) ✓ | position[-1] token=':' (id=25) ✓

[3] Logit spread over label tokens (first batch)
  'APPROPRIATE': mean=23.062  std=0.389  min=22.750  max=23.625
  'INAPPROPRIATE': mean=13.766  std=0.982  min=12.438  max=14.625
  Max-min spread per sample: mean=9.297  min=8.125  max=10.562
  (Spread near 0 → model not differentiating labels; large spread → confident predictions)

[4] Prediction vs. true label distribution
  Label                            True %   Pred %
  ------------------------------ -------- --------
  APPROPRIATE                       95.0%   100.0% ← collapsed?
  INAPPROPRIATE                      5.0%     0.0%

[Classification report — Epoch 11]
               precision    recall  f1-score   support

  APPROPRIATE       0.95      1.00      0.97        38
INAPPROPRIATE       0.00      0.00      0.00         2

     accuracy                           0.95        40
    macro avg       0.47      0.50      0.49        40
 weighted avg       0.90      0.95      0.93        40

------------------------------------------------------------

Epoch 12/50:   0%|          | 0/40 [00:00<?, ?it/s]
Epoch 12/50:   2%|▎         | 1/40 [00:02<01:19,  2.03s/it]
Epoch 12/50:   5%|▌         | 2/40 [00:03<01:11,  1.87s/it]
Epoch 12/50:   8%|▊         | 3/40 [00:05<01:10,  1.91s/it]
Epoch 12/50:  10%|█         | 4/40 [00:07<01:13,  2.03s/it]
Epoch 12/50:  12%|█▎        | 5/40 [00:09<01:08,  1.97s/it]
Epoch 12/50:  15%|█▌        | 6/40 [00:11<01:05,  1.93s/it]
Epoch 12/50:  18%|█▊        | 7/40 [00:13<01:00,  1.83s/it]
Epoch 12/50:  20%|██        | 8/40 [00:15<00:59,  1.87s/it]
Epoch 12/50:  22%|██▎       | 9/40 [00:17<00:57,  1.86s/it]
Epoch 12/50:  25%|██▌       | 10/40 [00:18<00:55,  1.86s/it]
Epoch 12/50:  28%|██▊       | 11/40 [00:21<00:57,  1.97s/it]
Epoch 12/50:  30%|███       | 12/40 [00:23<00:54,  1.94s/it]
Epoch 12/50:  32%|███▎      | 13/40 [00:25<00:53,  1.97s/it]
Epoch 12/50:  35%|███▌      | 14/40 [00:26<00:48,  1.86s/it]
Epoch 12/50:  38%|███▊      | 15/40 [00:28<00:47,  1.89s/it]
Epoch 12/50:  40%|████      | 16/40 [00:30<00:43,  1.80s/it]
Epoch 12/50:  42%|████▎     | 17/40 [00:32<00:43,  1.90s/it]
Epoch 12/50:  45%|████▌     | 18/40 [00:34<00:42,  1.94s/it]
Epoch 12/50:  48%|████▊     | 19/40 [00:36<00:43,  2.06s/it]
Epoch 12/50:  50%|█████     | 20/40 [00:38<00:38,  1.92s/it]
Epoch 12/50:  52%|█████▎    | 21/40 [00:40<00:36,  1.90s/it]
Epoch 12/50:  55%|█████▌    | 22/40 [00:41<00:33,  1.85s/it]
Epoch 12/50:  57%|█████▊    | 23/40 [00:43<00:31,  1.86s/it]
Epoch 12/50:  60%|██████    | 24/40 [00:45<00:28,  1.80s/it]
Epoch 12/50:  62%|██████▎   | 25/40 [00:47<00:28,  1.91s/it]
Epoch 12/50:  65%|██████▌   | 26/40 [00:49<00:26,  1.86s/it]
Epoch 12/50:  68%|██████▊   | 27/40 [00:51<00:24,  1.89s/it]
Epoch 12/50:  70%|███████   | 28/40 [00:53<00:22,  1.91s/it]
Epoch 12/50:  72%|███████▎  | 29/40 [00:55<00:21,  1.94s/it]
Epoch 12/50:  75%|███████▌  | 30/40 [00:57<00:19,  1.95s/it]
Epoch 12/50:  78%|███████▊  | 31/40 [00:58<00:16,  1.87s/it]
Epoch 12/50:  80%|████████  | 32/40 [01:00<00:15,  1.89s/it]
Epoch 12/50:  82%|████████▎ | 33/40 [01:02<00:13,  1.91s/it]
Epoch 12/50:  85%|████████▌ | 34/40 [01:04<00:11,  1.93s/it]
Epoch 12/50:  88%|████████▊ | 35/40 [01:06<00:09,  1.91s/it]
Epoch 12/50:  90%|█████████ | 36/40 [01:08<00:07,  1.86s/it]
Epoch 12/50:  92%|█████████▎| 37/40 [01:10<00:05,  1.86s/it]
Epoch 12/50:  95%|█████████▌| 38/40 [01:12<00:03,  1.91s/it]
Epoch 12/50:  98%|█████████▊| 39/40 [01:14<00:01,  1.86s/it]
Epoch 12/50: 100%|██████████| 40/40 [01:15<00:00,  1.77s/it]
Epoch 12/50: 100%|██████████| 40/40 [01:15<00:00,  1.89s/it]

Epoch 12 — avg train loss: 0.4870

[Train classification report — Epoch 12]
               precision    recall  f1-score   support

  APPROPRIATE       0.96      1.00      0.98       152
INAPPROPRIATE       0.00      0.00      0.00         7

     accuracy                           0.96       159
    macro avg       0.48      0.50      0.49       159
 weighted avg       0.91      0.96      0.93       159


------------------------------------------------------------
DIAGNOSTIC — Epoch 12 | Task: appropriate_vocabulary_usage
------------------------------------------------------------

[1] Label token ID check
  'APPROPRIATE' → token_id=128256 → decoded='APPROPRIATE'
  'INAPPROPRIATE' → token_id=128257 → decoded='INAPPROPRIATE'
  ✓ All label token IDs are unique.

[2] Last-token identity (first 3 val samples)

Diag-val epoch 12:   0%|          | 0/10 [00:00<?, ?it/s]
Diag-val epoch 12:  10%|█         | 1/10 [00:00<00:03,  2.27it/s]
Diag-val epoch 12:  20%|██        | 2/10 [00:00<00:03,  2.33it/s]
Diag-val epoch 12:  30%|███       | 3/10 [00:01<00:03,  2.12it/s]
Diag-val epoch 12:  40%|████      | 4/10 [00:01<00:02,  2.04it/s]
Diag-val epoch 12:  50%|█████     | 5/10 [00:02<00:02,  2.02it/s]
Diag-val epoch 12:  60%|██████    | 6/10 [00:02<00:01,  2.09it/s]
Diag-val epoch 12:  70%|███████   | 7/10 [00:03<00:01,  2.06it/s]
Diag-val epoch 12:  80%|████████  | 8/10 [00:03<00:00,  2.02it/s]
Diag-val epoch 12:  90%|█████████ | 9/10 [00:04<00:00,  2.08it/s]
Diag-val epoch 12: 100%|██████████| 10/10 [00:04<00:00,  2.06it/s]
Diag-val epoch 12: 100%|██████████| 10/10 [00:04<00:00,  2.08it/s]
  Sample 0: last real token=':' (id=25) ✓ | position[-1] token=':' (id=25) ✓
  Sample 1: last real token=':' (id=25) ✓ | position[-1] token=':' (id=25) ✓
  Sample 2: last real token=':' (id=25) ✓ | position[-1] token=':' (id=25) ✓

[3] Logit spread over label tokens (first batch)
  'APPROPRIATE': mean=23.156  std=0.483  min=22.875  max=23.875
  'INAPPROPRIATE': mean=13.172  std=1.164  min=11.625  max=14.188
  Max-min spread per sample: mean=9.984  min=8.688  max=11.375
  (Spread near 0 → model not differentiating labels; large spread → confident predictions)

[4] Prediction vs. true label distribution
  Label                            True %   Pred %
  ------------------------------ -------- --------
  APPROPRIATE                       95.0%   100.0% ← collapsed?
  INAPPROPRIATE                      5.0%     0.0%

[Classification report — Epoch 12]
               precision    recall  f1-score   support

  APPROPRIATE       0.95      1.00      0.97        38
INAPPROPRIATE       0.00      0.00      0.00         2

     accuracy                           0.95        40
    macro avg       0.47      0.50      0.49        40
 weighted avg       0.90      0.95      0.93        40

------------------------------------------------------------

Epoch 13/50:   0%|          | 0/40 [00:00<?, ?it/s]
Epoch 13/50:   2%|▎         | 1/40 [00:02<01:19,  2.05s/it]
Epoch 13/50:   5%|▌         | 2/40 [00:03<01:15,  1.99s/it]
Epoch 13/50:   8%|▊         | 3/40 [00:05<01:11,  1.93s/it]
Epoch 13/50:  10%|█         | 4/40 [00:07<01:08,  1.91s/it]
Epoch 13/50:  12%|█▎        | 5/40 [00:09<01:06,  1.89s/it]
Epoch 13/50:  15%|█▌        | 6/40 [00:11<01:05,  1.91s/it]
Epoch 13/50:  18%|█▊        | 7/40 [00:13<01:01,  1.86s/it]
Epoch 13/50:  20%|██        | 8/40 [00:14<00:55,  1.74s/it]
Epoch 13/50:  22%|██▎       | 9/40 [00:16<00:57,  1.87s/it]
Epoch 13/50:  25%|██▌       | 10/40 [00:18<00:57,  1.92s/it]
Epoch 13/50:  28%|██▊       | 11/40 [00:20<00:55,  1.93s/it]
Epoch 13/50:  30%|███       | 12/40 [00:22<00:52,  1.88s/it]
Epoch 13/50:  32%|███▎      | 13/40 [00:24<00:52,  1.96s/it]
Epoch 13/50:  35%|███▌      | 14/40 [00:26<00:51,  1.98s/it]
Epoch 13/50:  38%|███▊      | 15/40 [00:29<00:51,  2.05s/it]
Epoch 13/50:  40%|████      | 16/40 [00:30<00:47,  1.99s/it]
Epoch 13/50:  42%|████▎     | 17/40 [00:32<00:44,  1.95s/it]
Epoch 13/50:  45%|████▌     | 18/40 [00:34<00:42,  1.95s/it]
Epoch 13/50:  48%|████▊     | 19/40 [00:37<00:43,  2.06s/it]
Epoch 13/50:  50%|█████     | 20/40 [00:38<00:39,  2.00s/it]
Epoch 13/50:  52%|█████▎    | 21/40 [00:40<00:37,  1.96s/it]
Epoch 13/50:  55%|█████▌    | 22/40 [00:42<00:35,  1.96s/it]
Epoch 13/50:  57%|█████▊    | 23/40 [00:44<00:34,  2.02s/it]
Epoch 13/50:  60%|██████    | 24/40 [00:46<00:31,  1.99s/it]
Epoch 13/50:  62%|██████▎   | 25/40 [00:48<00:28,  1.88s/it]
Epoch 13/50:  65%|██████▌   | 26/40 [00:50<00:26,  1.92s/it]
Epoch 13/50:  68%|██████▊   | 27/40 [00:52<00:25,  1.93s/it]
Epoch 13/50:  70%|███████   | 28/40 [00:54<00:22,  1.86s/it]
Epoch 13/50:  72%|███████▎  | 29/40 [00:55<00:20,  1.83s/it]
Epoch 13/50:  75%|███████▌  | 30/40 [00:57<00:17,  1.76s/it]
Epoch 13/50:  78%|███████▊  | 31/40 [00:59<00:16,  1.79s/it]
Epoch 13/50:  80%|████████  | 32/40 [01:01<00:14,  1.81s/it]
Epoch 13/50:  82%|████████▎ | 33/40 [01:02<00:12,  1.82s/it]
Epoch 13/50:  85%|████████▌ | 34/40 [01:05<00:11,  1.94s/it]
Epoch 13/50:  88%|████████▊ | 35/40 [01:07<00:09,  1.94s/it]
Epoch 13/50:  90%|█████████ | 36/40 [01:09<00:07,  1.94s/it]
Epoch 13/50:  92%|█████████▎| 37/40 [01:11<00:05,  1.97s/it]
Epoch 13/50:  95%|█████████▌| 38/40 [01:13<00:03,  1.98s/it]
Epoch 13/50:  98%|█████████▊| 39/40 [01:14<00:01,  1.91s/it]
Epoch 13/50: 100%|██████████| 40/40 [01:16<00:00,  1.78s/it]
Epoch 13/50: 100%|██████████| 40/40 [01:16<00:00,  1.91s/it]

Epoch 13 — avg train loss: 0.6871

[Train classification report — Epoch 13]
               precision    recall  f1-score   support

  APPROPRIATE       0.96      1.00      0.98       152
INAPPROPRIATE       0.00      0.00      0.00         7

     accuracy                           0.96       159
    macro avg       0.48      0.50      0.49       159
 weighted avg       0.91      0.96      0.93       159


------------------------------------------------------------
DIAGNOSTIC — Epoch 13 | Task: appropriate_vocabulary_usage
------------------------------------------------------------

[1] Label token ID check
  'APPROPRIATE' → token_id=128256 → decoded='APPROPRIATE'
  'INAPPROPRIATE' → token_id=128257 → decoded='INAPPROPRIATE'
  ✓ All label token IDs are unique.

[2] Last-token identity (first 3 val samples)

Diag-val epoch 13:   0%|          | 0/10 [00:00<?, ?it/s]
Diag-val epoch 13:  10%|█         | 1/10 [00:00<00:03,  2.27it/s]
Diag-val epoch 13:  20%|██        | 2/10 [00:00<00:03,  2.33it/s]
Diag-val epoch 13:  30%|███       | 3/10 [00:01<00:03,  2.12it/s]
Diag-val epoch 13:  40%|████      | 4/10 [00:01<00:02,  2.04it/s]
Diag-val epoch 13:  50%|█████     | 5/10 [00:02<00:02,  2.02it/s]
Diag-val epoch 13:  60%|██████    | 6/10 [00:02<00:01,  2.09it/s]
Diag-val epoch 13:  70%|███████   | 7/10 [00:03<00:01,  2.07it/s]
Diag-val epoch 13:  80%|████████  | 8/10 [00:03<00:00,  2.02it/s]
Diag-val epoch 13:  90%|█████████ | 9/10 [00:04<00:00,  2.08it/s]
Diag-val epoch 13: 100%|██████████| 10/10 [00:04<00:00,  2.05it/s]
Diag-val epoch 13: 100%|██████████| 10/10 [00:04<00:00,  2.08it/s]
  Sample 0: last real token=':' (id=25) ✓ | position[-1] token=':' (id=25) ✓
  Sample 1: last real token=':' (id=25) ✓ | position[-1] token=':' (id=25) ✓
  Sample 2: last real token=':' (id=25) ✓ | position[-1] token=':' (id=25) ✓

[3] Logit spread over label tokens (first batch)
  'APPROPRIATE': mean=23.188  std=0.484  min=22.750  max=23.875
  'INAPPROPRIATE': mean=14.000  std=1.135  min=12.500  max=15.125
  Max-min spread per sample: mean=9.188  min=7.625  max=10.625
  (Spread near 0 → model not differentiating labels; large spread → confident predictions)

[4] Prediction vs. true label distribution
  Label                            True %   Pred %
  ------------------------------ -------- --------
  APPROPRIATE                       95.0%   100.0% ← collapsed?
  INAPPROPRIATE                      5.0%     0.0%

[Classification report — Epoch 13]
               precision    recall  f1-score   support

  APPROPRIATE       0.95      1.00      0.97        38
INAPPROPRIATE       0.00      0.00      0.00         2

     accuracy                           0.95        40
    macro avg       0.47      0.50      0.49        40
 weighted avg       0.90      0.95      0.93        40

------------------------------------------------------------

Epoch 14/50:   0%|          | 0/40 [00:00<?, ?it/s]
Epoch 14/50:   2%|▎         | 1/40 [00:01<01:08,  1.76s/it]
Epoch 14/50:   5%|▌         | 2/40 [00:03<01:09,  1.83s/it]
Epoch 14/50:   8%|▊         | 3/40 [00:05<01:05,  1.78s/it]
Epoch 14/50:  10%|█         | 4/40 [00:07<01:07,  1.88s/it]
Epoch 14/50:  12%|█▎        | 5/40 [00:09<01:11,  2.04s/it]
Epoch 14/50:  15%|█▌        | 6/40 [00:11<01:05,  1.94s/it]
Epoch 14/50:  18%|█▊        | 7/40 [00:13<01:01,  1.85s/it]
Epoch 14/50:  20%|██        | 8/40 [00:15<01:00,  1.88s/it]
Epoch 14/50:  22%|██▎       | 9/40 [00:17<00:58,  1.90s/it]
Epoch 14/50:  25%|██▌       | 10/40 [00:18<00:55,  1.85s/it]
Epoch 14/50:  28%|██▊       | 11/40 [00:20<00:54,  1.88s/it]
Epoch 14/50:  30%|███       | 12/40 [00:22<00:53,  1.93s/it]
Epoch 14/50:  32%|███▎      | 13/40 [00:24<00:51,  1.91s/it]
Epoch 14/50:  35%|███▌      | 14/40 [00:26<00:48,  1.86s/it]
Epoch 14/50:  38%|███▊      | 15/40 [00:28<00:46,  1.85s/it]
Epoch 14/50:  40%|████      | 16/40 [00:30<00:44,  1.86s/it]
Epoch 14/50:  42%|████▎     | 17/40 [00:32<00:43,  1.91s/it]
Epoch 14/50:  45%|████▌     | 18/40 [00:34<00:42,  1.92s/it]
Epoch 14/50:  48%|████▊     | 19/40 [00:35<00:40,  1.91s/it]
Epoch 14/50:  50%|█████     | 20/40 [00:37<00:37,  1.85s/it]
Epoch 14/50:  52%|█████▎    | 21/40 [00:39<00:35,  1.86s/it]
Epoch 14/50:  55%|█████▌    | 22/40 [00:41<00:33,  1.89s/it]
Epoch 14/50:  57%|█████▊    | 23/40 [00:43<00:32,  1.93s/it]
Epoch 14/50:  60%|██████    | 24/40 [00:45<00:31,  1.94s/it]
Epoch 14/50:  62%|██████▎   | 25/40 [00:47<00:28,  1.92s/it]
Epoch 14/50:  65%|██████▌   | 26/40 [00:49<00:27,  1.95s/it]
Epoch 14/50:  68%|██████▊   | 27/40 [00:51<00:25,  1.95s/it]
Epoch 14/50:  70%|███████   | 28/40 [00:53<00:23,  1.93s/it]
Epoch 14/50:  72%|███████▎  | 29/40 [00:55<00:22,  2.01s/it]
Epoch 14/50:  75%|███████▌  | 30/40 [00:57<00:19,  1.97s/it]
Epoch 14/50:  78%|███████▊  | 31/40 [00:59<00:17,  1.93s/it]
Epoch 14/50:  80%|████████  | 32/40 [01:01<00:16,  2.01s/it]
Epoch 14/50:  82%|████████▎ | 33/40 [01:03<00:13,  1.97s/it]
Epoch 14/50:  85%|████████▌ | 34/40 [01:04<00:11,  1.88s/it]
Epoch 14/50:  88%|████████▊ | 35/40 [01:07<00:09,  1.97s/it]
Epoch 14/50:  90%|█████████ | 36/40 [01:08<00:07,  1.82s/it]
Epoch 14/50:  92%|█████████▎| 37/40 [01:10<00:05,  1.83s/it]
Epoch 14/50:  95%|█████████▌| 38/40 [01:12<00:03,  1.93s/it]
Epoch 14/50:  98%|█████████▊| 39/40 [01:14<00:01,  1.96s/it]
Epoch 14/50: 100%|██████████| 40/40 [01:16<00:00,  1.87s/it]
Epoch 14/50: 100%|██████████| 40/40 [01:16<00:00,  1.90s/it]

Epoch 14 — avg train loss: 0.6619

[Train classification report — Epoch 14]
               precision    recall  f1-score   support

  APPROPRIATE       0.96      1.00      0.98       152
INAPPROPRIATE       0.00      0.00      0.00         7

     accuracy                           0.96       159
    macro avg       0.48      0.50      0.49       159
 weighted avg       0.91      0.96      0.93       159


------------------------------------------------------------
DIAGNOSTIC — Epoch 14 | Task: appropriate_vocabulary_usage
------------------------------------------------------------

[1] Label token ID check
  'APPROPRIATE' → token_id=128256 → decoded='APPROPRIATE'
  'INAPPROPRIATE' → token_id=128257 → decoded='INAPPROPRIATE'
  ✓ All label token IDs are unique.

[2] Last-token identity (first 3 val samples)

Diag-val epoch 14:   0%|          | 0/10 [00:00<?, ?it/s]
Diag-val epoch 14:  10%|█         | 1/10 [00:00<00:03,  2.26it/s]
Diag-val epoch 14:  20%|██        | 2/10 [00:00<00:03,  2.33it/s]
Diag-val epoch 14:  30%|███       | 3/10 [00:01<00:03,  2.13it/s]
Diag-val epoch 14:  40%|████      | 4/10 [00:01<00:02,  2.05it/s]
Diag-val epoch 14:  50%|█████     | 5/10 [00:02<00:02,  2.03it/s]
Diag-val epoch 14:  60%|██████    | 6/10 [00:02<00:01,  2.09it/s]
Diag-val epoch 14:  70%|███████   | 7/10 [00:03<00:01,  2.07it/s]
Diag-val epoch 14:  80%|████████  | 8/10 [00:03<00:00,  2.02it/s]
Diag-val epoch 14:  90%|█████████ | 9/10 [00:04<00:00,  2.09it/s]
Diag-val epoch 14: 100%|██████████| 10/10 [00:04<00:00,  2.06it/s]
Diag-val epoch 14: 100%|██████████| 10/10 [00:04<00:00,  2.08it/s]
  Sample 0: last real token=':' (id=25) ✓ | position[-1] token=':' (id=25) ✓
  Sample 1: last real token=':' (id=25) ✓ | position[-1] token=':' (id=25) ✓
  Sample 2: last real token=':' (id=25) ✓ | position[-1] token=':' (id=25) ✓

[3] Logit spread over label tokens (first batch)
  'APPROPRIATE': mean=22.781  std=0.524  min=22.250  max=23.500
  'INAPPROPRIATE': mean=14.438  std=1.222  min=12.812  max=15.625
  Max-min spread per sample: mean=8.344  min=6.625  max=9.938
  (Spread near 0 → model not differentiating labels; large spread → confident predictions)

[4] Prediction vs. true label distribution
  Label                            True %   Pred %
  ------------------------------ -------- --------
  APPROPRIATE                       95.0%   100.0% ← collapsed?
  INAPPROPRIATE                      5.0%     0.0%

[Classification report — Epoch 14]
               precision    recall  f1-score   support

  APPROPRIATE       0.95      1.00      0.97        38
INAPPROPRIATE       0.00      0.00      0.00         2

     accuracy                           0.95        40
    macro avg       0.47      0.50      0.49        40
 weighted avg       0.90      0.95      0.93        40

------------------------------------------------------------

Epoch 15/50:   0%|          | 0/40 [00:00<?, ?it/s]
Epoch 15/50:   2%|▎         | 1/40 [00:01<01:08,  1.76s/it]
Epoch 15/50:   5%|▌         | 2/40 [00:03<01:11,  1.88s/it]
Epoch 15/50:   8%|▊         | 3/40 [00:05<01:09,  1.87s/it]
Epoch 15/50:  10%|█         | 4/40 [00:07<01:01,  1.72s/it]
Epoch 15/50:  12%|█▎        | 5/40 [00:09<01:03,  1.83s/it]
Epoch 15/50:  15%|█▌        | 6/40 [00:10<01:02,  1.84s/it]
Epoch 15/50:  18%|█▊        | 7/40 [00:12<01:00,  1.84s/it]
Epoch 15/50:  20%|██        | 8/40 [00:14<00:59,  1.84s/it]
Epoch 15/50:  22%|██▎       | 9/40 [00:16<00:57,  1.85s/it]
Epoch 15/50:  25%|██▌       | 10/40 [00:18<00:58,  1.94s/it]
Epoch 15/50:  28%|██▊       | 11/40 [00:20<00:55,  1.92s/it]
Epoch 15/50:  30%|███       | 12/40 [00:22<00:54,  1.95s/it]
Epoch 15/50:  32%|███▎      | 13/40 [00:24<00:54,  2.03s/it]
Epoch 15/50:  35%|███▌      | 14/40 [00:26<00:53,  2.07s/it]
Epoch 15/50:  38%|███▊      | 15/40 [00:28<00:50,  2.00s/it]
Epoch 15/50:  40%|████      | 16/40 [00:30<00:46,  1.92s/it]
Epoch 15/50:  42%|████▎     | 17/40 [00:32<00:45,  1.99s/it]
Epoch 15/50:  45%|████▌     | 18/40 [00:34<00:43,  1.98s/it]
Epoch 15/50:  48%|████▊     | 19/40 [00:36<00:40,  1.95s/it]
Epoch 15/50:  50%|█████     | 20/40 [00:38<00:39,  1.97s/it]
Epoch 15/50:  52%|█████▎    | 21/40 [00:40<00:37,  1.99s/it]
Epoch 15/50:  55%|█████▌    | 22/40 [00:42<00:34,  1.89s/it]
Epoch 15/50:  57%|█████▊    | 23/40 [00:44<00:32,  1.89s/it]
Epoch 15/50:  60%|██████    | 24/40 [00:45<00:29,  1.85s/it]
Epoch 15/50:  62%|██████▎   | 25/40 [00:47<00:27,  1.82s/it]
Epoch 15/50:  65%|██████▌   | 26/40 [00:49<00:25,  1.83s/it]
Epoch 15/50:  68%|██████▊   | 27/40 [00:51<00:23,  1.81s/it]
Epoch 15/50:  70%|███████   | 28/40 [00:53<00:22,  1.87s/it]
Epoch 15/50:  72%|███████▎  | 29/40 [00:55<00:22,  2.01s/it]
Epoch 15/50:  75%|███████▌  | 30/40 [00:57<00:19,  1.97s/it]
Epoch 15/50:  78%|███████▊  | 31/40 [00:59<00:17,  1.96s/it]
Epoch 15/50:  80%|████████  | 32/40 [01:01<00:14,  1.87s/it]
Epoch 15/50:  82%|████████▎ | 33/40 [01:02<00:12,  1.83s/it]
Epoch 15/50:  85%|████████▌ | 34/40 [01:04<00:11,  1.89s/it]
Epoch 15/50:  88%|████████▊ | 35/40 [01:06<00:09,  1.82s/it]
Epoch 15/50:  90%|█████████ | 36/40 [01:08<00:07,  1.86s/it]
Epoch 15/50:  92%|█████████▎| 37/40 [01:10<00:05,  1.96s/it]
Epoch 15/50:  95%|█████████▌| 38/40 [01:12<00:03,  1.93s/it]
Epoch 15/50:  98%|█████████▊| 39/40 [01:14<00:01,  1.94s/it]
Epoch 15/50: 100%|██████████| 40/40 [01:15<00:00,  1.80s/it]
Epoch 15/50: 100%|██████████| 40/40 [01:15<00:00,  1.90s/it]

Epoch 15 — avg train loss: 0.5759

[Train classification report — Epoch 15]
               precision    recall  f1-score   support

  APPROPRIATE       0.96      1.00      0.98       152
INAPPROPRIATE       0.00      0.00      0.00         7

     accuracy                           0.96       159
    macro avg       0.48      0.50      0.49       159
 weighted avg       0.91      0.96      0.93       159


------------------------------------------------------------
DIAGNOSTIC — Epoch 15 | Task: appropriate_vocabulary_usage
------------------------------------------------------------

[1] Label token ID check
  'APPROPRIATE' → token_id=128256 → decoded='APPROPRIATE'
  'INAPPROPRIATE' → token_id=128257 → decoded='INAPPROPRIATE'
  ✓ All label token IDs are unique.

[2] Last-token identity (first 3 val samples)

Diag-val epoch 15:   0%|          | 0/10 [00:00<?, ?it/s]
Diag-val epoch 15:  10%|█         | 1/10 [00:00<00:03,  2.26it/s]
Diag-val epoch 15:  20%|██        | 2/10 [00:00<00:03,  2.33it/s]
Diag-val epoch 15:  30%|███       | 3/10 [00:01<00:03,  2.12it/s]
Diag-val epoch 15:  40%|████      | 4/10 [00:01<00:02,  2.04it/s]
Diag-val epoch 15:  50%|█████     | 5/10 [00:02<00:02,  2.02it/s]
Diag-val epoch 15:  60%|██████    | 6/10 [00:02<00:01,  2.09it/s]
Diag-val epoch 15:  70%|███████   | 7/10 [00:03<00:01,  2.06it/s]
Diag-val epoch 15:  80%|████████  | 8/10 [00:03<00:00,  2.02it/s]
Diag-val epoch 15:  90%|█████████ | 9/10 [00:04<00:00,  2.08it/s]
Diag-val epoch 15: 100%|██████████| 10/10 [00:04<00:00,  2.05it/s]
Diag-val epoch 15: 100%|██████████| 10/10 [00:04<00:00,  2.08it/s]
  Sample 0: last real token=':' (id=25) ✓ | position[-1] token=':' (id=25) ✓
  Sample 1: last real token=':' (id=25) ✓ | position[-1] token=':' (id=25) ✓
  Sample 2: last real token=':' (id=25) ✓ | position[-1] token=':' (id=25) ✓

[3] Logit spread over label tokens (first batch)
  'APPROPRIATE': mean=23.219  std=0.624  min=22.750  max=24.125
  'INAPPROPRIATE': mean=13.500  std=1.189  min=11.938  max=14.625
  Max-min spread per sample: mean=9.719  min=8.125  max=11.188
  (Spread near 0 → model not differentiating labels; large spread → confident predictions)

[4] Prediction vs. true label distribution
  Label                            True %   Pred %
  ------------------------------ -------- --------
  APPROPRIATE                       95.0%   100.0% ← collapsed?
  INAPPROPRIATE                      5.0%     0.0%

[Classification report — Epoch 15]
               precision    recall  f1-score   support

  APPROPRIATE       0.95      1.00      0.97        38
INAPPROPRIATE       0.00      0.00      0.00         2

     accuracy                           0.95        40
    macro avg       0.47      0.50      0.49        40
 weighted avg       0.90      0.95      0.93        40

------------------------------------------------------------

Epoch 16/50:   0%|          | 0/40 [00:00<?, ?it/s]
Epoch 16/50:   2%|▎         | 1/40 [00:01<01:04,  1.66s/it]
Epoch 16/50:   5%|▌         | 2/40 [00:03<01:11,  1.88s/it]
Epoch 16/50:   8%|▊         | 3/40 [00:05<01:07,  1.82s/it]
Epoch 16/50:  10%|█         | 4/40 [00:07<01:08,  1.90s/it]
Epoch 16/50:  12%|█▎        | 5/40 [00:09<01:06,  1.89s/it]
Epoch 16/50:  15%|█▌        | 6/40 [00:11<01:05,  1.91s/it]
Epoch 16/50:  18%|█▊        | 7/40 [00:13<01:03,  1.93s/it]
Epoch 16/50:  20%|██        | 8/40 [00:15<01:01,  1.91s/it]
Epoch 16/50:  22%|██▎       | 9/40 [00:16<00:57,  1.86s/it]
Epoch 16/50:  25%|██▌       | 10/40 [00:18<00:54,  1.83s/it]
Epoch 16/50:  28%|██▊       | 11/40 [00:20<00:54,  1.86s/it]
Epoch 16/50:  30%|███       | 12/40 [00:22<00:53,  1.91s/it]
Epoch 16/50:  32%|███▎      | 13/40 [00:24<00:49,  1.84s/it]
Epoch 16/50:  35%|███▌      | 14/40 [00:26<00:49,  1.90s/it]
Epoch 16/50:  38%|███▊      | 15/40 [00:28<00:48,  1.94s/it]
Epoch 16/50:  40%|████      | 16/40 [00:30<00:45,  1.88s/it]
Epoch 16/50:  42%|████▎     | 17/40 [00:31<00:40,  1.76s/it]
Epoch 16/50:  45%|████▌     | 18/40 [00:33<00:39,  1.79s/it]
Epoch 16/50:  48%|████▊     | 19/40 [00:35<00:40,  1.92s/it]
Epoch 16/50:  50%|█████     | 20/40 [00:37<00:38,  1.93s/it]
Epoch 16/50:  52%|█████▎    | 21/40 [00:39<00:37,  1.96s/it]
Epoch 16/50:  55%|█████▌    | 22/40 [00:41<00:34,  1.89s/it]
Epoch 16/50:  57%|█████▊    | 23/40 [00:43<00:33,  1.98s/it]
Epoch 16/50:  60%|██████    | 24/40 [00:45<00:30,  1.91s/it]
Epoch 16/50:  62%|██████▎   | 25/40 [00:47<00:28,  1.90s/it]
Epoch 16/50:  65%|██████▌   | 26/40 [00:49<00:26,  1.89s/it]
Epoch 16/50:  68%|██████▊   | 27/40 [00:50<00:24,  1.88s/it]
Epoch 16/50:  70%|███████   | 28/40 [00:52<00:22,  1.91s/it]
Epoch 16/50:  72%|███████▎  | 29/40 [00:54<00:21,  1.92s/it]
Epoch 16/50:  75%|███████▌  | 30/40 [00:56<00:19,  1.99s/it]
Epoch 16/50:  78%|███████▊  | 31/40 [00:58<00:17,  1.95s/it]
Epoch 16/50:  80%|████████  | 32/40 [01:00<00:15,  1.92s/it]
Epoch 16/50:  82%|████████▎ | 33/40 [01:02<00:12,  1.84s/it]
Epoch 16/50:  85%|████████▌ | 34/40 [01:04<00:11,  1.90s/it]
Epoch 16/50:  88%|████████▊ | 35/40 [01:06<00:09,  1.97s/it]
Epoch 16/50:  90%|█████████ | 36/40 [01:08<00:07,  1.94s/it]
Epoch 16/50:  92%|█████████▎| 37/40 [01:10<00:06,  2.00s/it]
Epoch 16/50:  95%|█████████▌| 38/40 [01:12<00:03,  1.93s/it]
Epoch 16/50:  98%|█████████▊| 39/40 [01:14<00:01,  1.94s/it]
Epoch 16/50: 100%|██████████| 40/40 [01:16<00:00,  1.89s/it]
Epoch 16/50: 100%|██████████| 40/40 [01:16<00:00,  1.90s/it]

Epoch 16 — avg train loss: 0.3876

[Train classification report — Epoch 16]
               precision    recall  f1-score   support

  APPROPRIATE       0.96      1.00      0.98       152
INAPPROPRIATE       0.00      0.00      0.00         7

     accuracy                           0.96       159
    macro avg       0.48      0.50      0.49       159
 weighted avg       0.91      0.96      0.93       159


------------------------------------------------------------
DIAGNOSTIC — Epoch 16 | Task: appropriate_vocabulary_usage
------------------------------------------------------------

[1] Label token ID check
  'APPROPRIATE' → token_id=128256 → decoded='APPROPRIATE'
  'INAPPROPRIATE' → token_id=128257 → decoded='INAPPROPRIATE'
  ✓ All label token IDs are unique.

[2] Last-token identity (first 3 val samples)

Diag-val epoch 16:   0%|          | 0/10 [00:00<?, ?it/s]
Diag-val epoch 16:  10%|█         | 1/10 [00:00<00:03,  2.26it/s]
Diag-val epoch 16:  20%|██        | 2/10 [00:00<00:03,  2.33it/s]
Diag-val epoch 16:  30%|███       | 3/10 [00:01<00:03,  2.12it/s]
Diag-val epoch 16:  40%|████      | 4/10 [00:01<00:02,  2.05it/s]
Diag-val epoch 16:  50%|█████     | 5/10 [00:02<00:02,  2.03it/s]
Diag-val epoch 16:  60%|██████    | 6/10 [00:02<00:01,  2.09it/s]
Diag-val epoch 16:  70%|███████   | 7/10 [00:03<00:01,  2.06it/s]
Diag-val epoch 16:  80%|████████  | 8/10 [00:03<00:00,  2.02it/s]
Diag-val epoch 16:  90%|█████████ | 9/10 [00:04<00:00,  2.08it/s]
Diag-val epoch 16: 100%|██████████| 10/10 [00:04<00:00,  2.05it/s]
Diag-val epoch 16: 100%|██████████| 10/10 [00:04<00:00,  2.08it/s]
  Sample 0: last real token=':' (id=25) ✓ | position[-1] token=':' (id=25) ✓
  Sample 1: last real token=':' (id=25) ✓ | position[-1] token=':' (id=25) ✓
  Sample 2: last real token=':' (id=25) ✓ | position[-1] token=':' (id=25) ✓

[3] Logit spread over label tokens (first batch)
  'APPROPRIATE': mean=23.688  std=0.650  min=23.250  max=24.625
  'INAPPROPRIATE': mean=12.609  std=1.217  min=11.000  max=13.750
  Max-min spread per sample: mean=11.078  min=9.500  max=12.625
  (Spread near 0 → model not differentiating labels; large spread → confident predictions)

[4] Prediction vs. true label distribution
  Label                            True %   Pred %
  ------------------------------ -------- --------
  APPROPRIATE                       95.0%   100.0% ← collapsed?
  INAPPROPRIATE                      5.0%     0.0%

[Classification report — Epoch 16]
               precision    recall  f1-score   support

  APPROPRIATE       0.95      1.00      0.97        38
INAPPROPRIATE       0.00      0.00      0.00         2

     accuracy                           0.95        40
    macro avg       0.47      0.50      0.49        40
 weighted avg       0.90      0.95      0.93        40

------------------------------------------------------------

Epoch 17/50:   0%|          | 0/40 [00:00<?, ?it/s]
Epoch 17/50:   2%|▎         | 1/40 [00:02<01:19,  2.04s/it]
Epoch 17/50:   5%|▌         | 2/40 [00:03<01:11,  1.88s/it]
Epoch 17/50:   8%|▊         | 3/40 [00:05<01:07,  1.82s/it]
Epoch 17/50:  10%|█         | 4/40 [00:07<01:11,  1.98s/it]
Epoch 17/50:  12%|█▎        | 5/40 [00:09<01:08,  1.97s/it]
Epoch 17/50:  15%|█▌        | 6/40 [00:11<01:09,  2.03s/it]
Epoch 17/50:  18%|█▊        | 7/40 [00:13<01:07,  2.03s/it]
Epoch 17/50:  20%|██        | 8/40 [00:15<01:01,  1.92s/it]
Epoch 17/50:  22%|██▎       | 9/40 [00:17<00:59,  1.93s/it]
Epoch 17/50:  25%|██▌       | 10/40 [00:19<00:58,  1.94s/it]
Epoch 17/50:  28%|██▊       | 11/40 [00:21<00:53,  1.86s/it]
Epoch 17/50:  30%|███       | 12/40 [00:23<00:52,  1.86s/it]
Epoch 17/50:  32%|███▎      | 13/40 [00:24<00:48,  1.80s/it]
Epoch 17/50:  35%|███▌      | 14/40 [00:26<00:46,  1.78s/it]
Epoch 17/50:  38%|███▊      | 15/40 [00:28<00:45,  1.81s/it]
Epoch 17/50:  40%|████      | 16/40 [00:30<00:43,  1.82s/it]
Epoch 17/50:  42%|████▎     | 17/40 [00:31<00:41,  1.80s/it]
Epoch 17/50:  45%|████▌     | 18/40 [00:33<00:41,  1.87s/it]
Epoch 17/50:  48%|████▊     | 19/40 [00:35<00:39,  1.86s/it]
Epoch 17/50:  50%|█████     | 20/40 [00:38<00:39,  2.00s/it]
Epoch 17/50:  52%|█████▎    | 21/40 [00:40<00:38,  2.01s/it]
Epoch 17/50:  55%|█████▌    | 22/40 [00:41<00:34,  1.93s/it]
Epoch 17/50:  57%|█████▊    | 23/40 [00:43<00:31,  1.87s/it]
Epoch 17/50:  60%|██████    | 24/40 [00:45<00:30,  1.89s/it]
Epoch 17/50:  62%|██████▎   | 25/40 [00:47<00:28,  1.93s/it]
Epoch 17/50:  65%|██████▌   | 26/40 [00:49<00:25,  1.86s/it]
Epoch 17/50:  68%|██████▊   | 27/40 [00:51<00:24,  1.86s/it]
Epoch 17/50:  70%|███████   | 28/40 [00:53<00:23,  1.95s/it]
Epoch 17/50:  72%|███████▎  | 29/40 [00:55<00:21,  1.95s/it]
Epoch 17/50:  75%|███████▌  | 30/40 [00:56<00:18,  1.87s/it]
Epoch 17/50:  78%|███████▊  | 31/40 [00:58<00:16,  1.83s/it]
Epoch 17/50:  80%|████████  | 32/40 [01:00<00:15,  1.89s/it]
Epoch 17/50:  82%|████████▎ | 33/40 [01:02<00:13,  1.91s/it]
Epoch 17/50:  85%|████████▌ | 34/40 [01:04<00:11,  1.98s/it]
Epoch 17/50:  88%|████████▊ | 35/40 [01:06<00:09,  1.95s/it]
Epoch 17/50:  90%|█████████ | 36/40 [01:08<00:07,  1.92s/it]
Epoch 17/50:  92%|█████████▎| 37/40 [01:10<00:05,  1.87s/it]
Epoch 17/50:  95%|█████████▌| 38/40 [01:12<00:03,  1.97s/it]
Epoch 17/50:  98%|█████████▊| 39/40 [01:14<00:01,  1.96s/it]
Epoch 17/50: 100%|██████████| 40/40 [01:15<00:00,  1.83s/it]
Epoch 17/50: 100%|██████████| 40/40 [01:15<00:00,  1.90s/it]

Epoch 17 — avg train loss: 0.5222

[Train classification report — Epoch 17]
               precision    recall  f1-score   support

  APPROPRIATE       0.96      1.00      0.98       152
INAPPROPRIATE       0.00      0.00      0.00         7

     accuracy                           0.96       159
    macro avg       0.48      0.50      0.49       159
 weighted avg       0.91      0.96      0.93       159


------------------------------------------------------------
DIAGNOSTIC — Epoch 17 | Task: appropriate_vocabulary_usage
------------------------------------------------------------

[1] Label token ID check
  'APPROPRIATE' → token_id=128256 → decoded='APPROPRIATE'
  'INAPPROPRIATE' → token_id=128257 → decoded='INAPPROPRIATE'
  ✓ All label token IDs are unique.

[2] Last-token identity (first 3 val samples)

Diag-val epoch 17:   0%|          | 0/10 [00:00<?, ?it/s]
Diag-val epoch 17:  10%|█         | 1/10 [00:00<00:03,  2.26it/s]
Diag-val epoch 17:  20%|██        | 2/10 [00:00<00:03,  2.33it/s]
Diag-val epoch 17:  30%|███       | 3/10 [00:01<00:03,  2.13it/s]
Diag-val epoch 17:  40%|████      | 4/10 [00:01<00:02,  2.05it/s]
Diag-val epoch 17:  50%|█████     | 5/10 [00:02<00:02,  2.03it/s]
Diag-val epoch 17:  60%|██████    | 6/10 [00:02<00:01,  2.09it/s]
Diag-val epoch 17:  70%|███████   | 7/10 [00:03<00:01,  2.07it/s]
Diag-val epoch 17:  80%|████████  | 8/10 [00:03<00:00,  2.02it/s]
Diag-val epoch 17:  90%|█████████ | 9/10 [00:04<00:00,  2.09it/s]
Diag-val epoch 17: 100%|██████████| 10/10 [00:04<00:00,  2.06it/s]
Diag-val epoch 17: 100%|██████████| 10/10 [00:04<00:00,  2.08it/s]
  Sample 0: last real token=':' (id=25) ✓ | position[-1] token=':' (id=25) ✓
  Sample 1: last real token=':' (id=25) ✓ | position[-1] token=':' (id=25) ✓
  Sample 2: last real token=':' (id=25) ✓ | position[-1] token=':' (id=25) ✓

[3] Logit spread over label tokens (first batch)
  'APPROPRIATE': mean=23.438  std=0.740  min=22.875  max=24.500
  'INAPPROPRIATE': mean=12.625  std=1.198  min=11.062  max=13.812
  Max-min spread per sample: mean=10.812  min=9.062  max=12.312
  (Spread near 0 → model not differentiating labels; large spread → confident predictions)

[4] Prediction vs. true label distribution
  Label                            True %   Pred %
  ------------------------------ -------- --------
  APPROPRIATE                       95.0%   100.0% ← collapsed?
  INAPPROPRIATE                      5.0%     0.0%

[Classification report — Epoch 17]
               precision    recall  f1-score   support

  APPROPRIATE       0.95      1.00      0.97        38
INAPPROPRIATE       0.00      0.00      0.00         2

     accuracy                           0.95        40
    macro avg       0.47      0.50      0.49        40
 weighted avg       0.90      0.95      0.93        40

------------------------------------------------------------

Epoch 18/50:   0%|          | 0/40 [00:00<?, ?it/s]
Epoch 18/50:   2%|▎         | 1/40 [00:01<01:08,  1.76s/it]
Epoch 18/50:   5%|▌         | 2/40 [00:03<01:11,  1.88s/it]
Epoch 18/50:   8%|▊         | 3/40 [00:05<01:07,  1.82s/it]
Epoch 18/50:  10%|█         | 4/40 [00:07<01:08,  1.90s/it]
Epoch 18/50:  12%|█▎        | 5/40 [00:09<01:03,  1.82s/it]
Epoch 18/50:  15%|█▌        | 6/40 [00:11<01:02,  1.83s/it]
Epoch 18/50:  18%|█▊        | 7/40 [00:12<01:00,  1.85s/it]
Epoch 18/50:  20%|██        | 8/40 [00:14<00:59,  1.85s/it]
Epoch 18/50:  22%|██▎       | 9/40 [00:16<00:59,  1.90s/it]
Epoch 18/50:  25%|██▌       | 10/40 [00:18<00:55,  1.85s/it]
Epoch 18/50:  28%|██▊       | 11/40 [00:20<00:52,  1.82s/it]
Epoch 18/50:  30%|███       | 12/40 [00:22<00:51,  1.83s/it]
Epoch 18/50:  32%|███▎      | 13/40 [00:24<00:50,  1.87s/it]
Epoch 18/50:  35%|███▌      | 14/40 [00:25<00:48,  1.87s/it]
Epoch 18/50:  38%|███▊      | 15/40 [00:27<00:47,  1.92s/it]
Epoch 18/50:  40%|████      | 16/40 [00:29<00:44,  1.86s/it]
Epoch 18/50:  42%|████▎     | 17/40 [00:31<00:45,  1.96s/it]
Epoch 18/50:  45%|████▌     | 18/40 [00:33<00:41,  1.90s/it]
Epoch 18/50:  48%|████▊     | 19/40 [00:35<00:40,  1.91s/it]
Epoch 18/50:  50%|█████     | 20/40 [00:37<00:37,  1.90s/it]
Epoch 18/50:  52%|█████▎    | 21/40 [00:39<00:37,  1.98s/it]
Epoch 18/50:  55%|█████▌    | 22/40 [00:41<00:34,  1.94s/it]
Epoch 18/50:  57%|█████▊    | 23/40 [00:43<00:32,  1.89s/it]
Epoch 18/50:  60%|██████    | 24/40 [00:45<00:31,  1.99s/it]
Epoch 18/50:  62%|██████▎   | 25/40 [00:47<00:30,  2.00s/it]
Epoch 18/50:  65%|██████▌   | 26/40 [00:49<00:27,  1.96s/it]
Epoch 18/50:  68%|██████▊   | 27/40 [00:51<00:25,  1.96s/it]
Epoch 18/50:  70%|███████   | 28/40 [00:53<00:23,  1.96s/it]
Epoch 18/50:  72%|███████▎  | 29/40 [00:55<00:21,  1.93s/it]
Epoch 18/50:  75%|███████▌  | 30/40 [00:56<00:19,  1.91s/it]
Epoch 18/50:  78%|███████▊  | 31/40 [00:58<00:16,  1.84s/it]
Epoch 18/50:  80%|████████  | 32/40 [01:00<00:15,  1.93s/it]
Epoch 18/50:  82%|████████▎ | 33/40 [01:02<00:13,  1.94s/it]
Epoch 18/50:  85%|████████▌ | 34/40 [01:05<00:12,  2.05s/it]
Epoch 18/50:  88%|████████▊ | 35/40 [01:06<00:09,  1.99s/it]
Epoch 18/50:  90%|█████████ | 36/40 [01:08<00:07,  1.98s/it]
Epoch 18/50:  92%|█████████▎| 37/40 [01:10<00:05,  1.83s/it]
Epoch 18/50:  95%|█████████▌| 38/40 [01:12<00:03,  1.84s/it]
Epoch 18/50:  98%|█████████▊| 39/40 [01:14<00:01,  1.90s/it]
Epoch 18/50: 100%|██████████| 40/40 [01:15<00:00,  1.72s/it]
Epoch 18/50: 100%|██████████| 40/40 [01:15<00:00,  1.89s/it]

Epoch 18 — avg train loss: 0.7006

[Train classification report — Epoch 18]
               precision    recall  f1-score   support

  APPROPRIATE       0.96      1.00      0.98       152
INAPPROPRIATE       0.00      0.00      0.00         7

     accuracy                           0.96       159
    macro avg       0.48      0.50      0.49       159
 weighted avg       0.91      0.96      0.93       159


------------------------------------------------------------
DIAGNOSTIC — Epoch 18 | Task: appropriate_vocabulary_usage
------------------------------------------------------------

[1] Label token ID check
  'APPROPRIATE' → token_id=128256 → decoded='APPROPRIATE'
  'INAPPROPRIATE' → token_id=128257 → decoded='INAPPROPRIATE'
  ✓ All label token IDs are unique.

[2] Last-token identity (first 3 val samples)

Diag-val epoch 18:   0%|          | 0/10 [00:00<?, ?it/s]
Diag-val epoch 18:  10%|█         | 1/10 [00:00<00:03,  2.26it/s]
Diag-val epoch 18:  20%|██        | 2/10 [00:00<00:03,  2.33it/s]
Diag-val epoch 18:  30%|███       | 3/10 [00:01<00:03,  2.13it/s]
Diag-val epoch 18:  40%|████      | 4/10 [00:01<00:02,  2.05it/s]
Diag-val epoch 18:  50%|█████     | 5/10 [00:02<00:02,  2.03it/s]
Diag-val epoch 18:  60%|██████    | 6/10 [00:02<00:01,  2.09it/s]
Diag-val epoch 18:  70%|███████   | 7/10 [00:03<00:01,  2.07it/s]
Diag-val epoch 18:  80%|████████  | 8/10 [00:03<00:00,  2.02it/s]
Diag-val epoch 18:  90%|█████████ | 9/10 [00:04<00:00,  2.08it/s]
Diag-val epoch 18: 100%|██████████| 10/10 [00:04<00:00,  2.06it/s]
Diag-val epoch 18: 100%|██████████| 10/10 [00:04<00:00,  2.08it/s]
  Sample 0: last real token=':' (id=25) ✓ | position[-1] token=':' (id=25) ✓
  Sample 1: last real token=':' (id=25) ✓ | position[-1] token=':' (id=25) ✓
  Sample 2: last real token=':' (id=25) ✓ | position[-1] token=':' (id=25) ✓

[3] Logit spread over label tokens (first batch)
  'APPROPRIATE': mean=23.000  std=0.835  min=22.250  max=24.125
  'INAPPROPRIATE': mean=13.688  std=1.200  min=12.125  max=15.000
  Max-min spread per sample: mean=9.312  min=7.250  max=11.000
  (Spread near 0 → model not differentiating labels; large spread → confident predictions)

[4] Prediction vs. true label distribution
  Label                            True %   Pred %
  ------------------------------ -------- --------
  APPROPRIATE                       95.0%   100.0% ← collapsed?
  INAPPROPRIATE                      5.0%     0.0%

[Classification report — Epoch 18]
               precision    recall  f1-score   support

  APPROPRIATE       0.95      1.00      0.97        38
INAPPROPRIATE       0.00      0.00      0.00         2

     accuracy                           0.95        40
    macro avg       0.47      0.50      0.49        40
 weighted avg       0.90      0.95      0.93        40

------------------------------------------------------------

Epoch 19/50:   0%|          | 0/40 [00:00<?, ?it/s]
Epoch 19/50:   2%|▎         | 1/40 [00:01<01:13,  1.87s/it]
Epoch 19/50:   5%|▌         | 2/40 [00:03<01:13,  1.93s/it]
Epoch 19/50:   8%|▊         | 3/40 [00:05<01:11,  1.94s/it]
Epoch 19/50:  10%|█         | 4/40 [00:07<01:10,  1.95s/it]
Epoch 19/50:  12%|█▎        | 5/40 [00:09<01:07,  1.92s/it]
Epoch 19/50:  15%|█▌        | 6/40 [00:11<01:02,  1.84s/it]
Epoch 19/50:  18%|█▊        | 7/40 [00:13<01:04,  1.94s/it]
Epoch 19/50:  20%|██        | 8/40 [00:15<01:02,  1.95s/it]
Epoch 19/50:  22%|██▎       | 9/40 [00:17<01:00,  1.95s/it]
Epoch 19/50:  25%|██▌       | 10/40 [00:18<00:54,  1.81s/it]
Epoch 19/50:  28%|██▊       | 11/40 [00:21<00:56,  1.96s/it]
Epoch 19/50:  30%|███       | 12/40 [00:22<00:53,  1.89s/it]
Epoch 19/50:  32%|███▎      | 13/40 [00:24<00:52,  1.93s/it]
Epoch 19/50:  35%|███▌      | 14/40 [00:26<00:48,  1.88s/it]
Epoch 19/50:  38%|███▊      | 15/40 [00:28<00:48,  1.92s/it]
Epoch 19/50:  40%|████      | 16/40 [00:30<00:46,  1.93s/it]
Epoch 19/50:  42%|████▎     | 17/40 [00:32<00:44,  1.93s/it]
Epoch 19/50:  45%|████▌     | 18/40 [00:34<00:41,  1.88s/it]
Epoch 19/50:  48%|████▊     | 19/40 [00:36<00:41,  1.98s/it]
Epoch 19/50:  50%|█████     | 20/40 [00:38<00:38,  1.94s/it]
Epoch 19/50:  52%|█████▎    | 21/40 [00:40<00:38,  2.00s/it]
Epoch 19/50:  55%|█████▌    | 22/40 [00:42<00:35,  1.99s/it]
Epoch 19/50:  57%|█████▊    | 23/40 [00:44<00:32,  1.91s/it]
Epoch 19/50:  60%|██████    | 24/40 [00:46<00:31,  2.00s/it]
Epoch 19/50:  62%|██████▎   | 25/40 [00:48<00:29,  1.96s/it]
Epoch 19/50:  65%|██████▌   | 26/40 [00:50<00:27,  1.96s/it]
Epoch 19/50:  68%|██████▊   | 27/40 [00:51<00:24,  1.87s/it]
Epoch 19/50:  70%|███████   | 28/40 [00:53<00:21,  1.81s/it]
Epoch 19/50:  72%|███████▎  | 29/40 [00:55<00:20,  1.87s/it]
Epoch 19/50:  75%|███████▌  | 30/40 [00:57<00:18,  1.89s/it]
Epoch 19/50:  78%|███████▊  | 31/40 [00:59<00:16,  1.88s/it]
Epoch 19/50:  80%|████████  | 32/40 [01:01<00:14,  1.84s/it]
Epoch 19/50:  82%|████████▎ | 33/40 [01:02<00:12,  1.84s/it]
Epoch 19/50:  85%|████████▌ | 34/40 [01:05<00:11,  1.90s/it]
Epoch 19/50:  88%|████████▊ | 35/40 [01:07<00:09,  1.94s/it]
Epoch 19/50:  90%|█████████ | 36/40 [01:08<00:07,  1.91s/it]
Epoch 19/50:  92%|█████████▎| 37/40 [01:10<00:05,  1.90s/it]
Epoch 19/50:  95%|█████████▌| 38/40 [01:12<00:03,  1.89s/it]
Epoch 19/50:  98%|█████████▊| 39/40 [01:14<00:01,  1.96s/it]
Epoch 19/50: 100%|██████████| 40/40 [01:16<00:00,  1.80s/it]
Epoch 19/50: 100%|██████████| 40/40 [01:16<00:00,  1.90s/it]

Epoch 19 — avg train loss: 0.3388

[Train classification report — Epoch 19]
               precision    recall  f1-score   support

  APPROPRIATE       0.96      1.00      0.98       152
INAPPROPRIATE       0.00      0.00      0.00         7

     accuracy                           0.96       159
    macro avg       0.48      0.50      0.49       159
 weighted avg       0.91      0.96      0.93       159


------------------------------------------------------------
DIAGNOSTIC — Epoch 19 | Task: appropriate_vocabulary_usage
------------------------------------------------------------

[1] Label token ID check
  'APPROPRIATE' → token_id=128256 → decoded='APPROPRIATE'
  'INAPPROPRIATE' → token_id=128257 → decoded='INAPPROPRIATE'
  ✓ All label token IDs are unique.

[2] Last-token identity (first 3 val samples)

Diag-val epoch 19:   0%|          | 0/10 [00:00<?, ?it/s]
Diag-val epoch 19:  10%|█         | 1/10 [00:00<00:03,  2.26it/s]
Diag-val epoch 19:  20%|██        | 2/10 [00:00<00:03,  2.33it/s]
Diag-val epoch 19:  30%|███       | 3/10 [00:01<00:03,  2.13it/s]
Diag-val epoch 19:  40%|████      | 4/10 [00:01<00:02,  2.05it/s]
Diag-val epoch 19:  50%|█████     | 5/10 [00:02<00:02,  2.03it/s]
Diag-val epoch 19:  60%|██████    | 6/10 [00:02<00:01,  2.10it/s]
Diag-val epoch 19:  70%|███████   | 7/10 [00:03<00:01,  2.07it/s]
Diag-val epoch 19:  80%|████████  | 8/10 [00:03<00:00,  2.02it/s]
Diag-val epoch 19:  90%|█████████ | 9/10 [00:04<00:00,  2.09it/s]
Diag-val epoch 19: 100%|██████████| 10/10 [00:04<00:00,  2.06it/s]
Diag-val epoch 19: 100%|██████████| 10/10 [00:04<00:00,  2.08it/s]
  Sample 0: last real token=':' (id=25) ✓ | position[-1] token=':' (id=25) ✓
  Sample 1: last real token=':' (id=25) ✓ | position[-1] token=':' (id=25) ✓
  Sample 2: last real token=':' (id=25) ✓ | position[-1] token=':' (id=25) ✓

[3] Logit spread over label tokens (first batch)
  'APPROPRIATE': mean=22.969  std=0.909  min=22.125  max=24.250
  'INAPPROPRIATE': mean=13.641  std=1.245  min=11.938  max=14.688
  Max-min spread per sample: mean=9.328  min=7.438  max=10.938
  (Spread near 0 → model not differentiating labels; large spread → confident predictions)

[4] Prediction vs. true label distribution
  Label                            True %   Pred %
  ------------------------------ -------- --------
  APPROPRIATE                       95.0%   100.0% ← collapsed?
  INAPPROPRIATE                      5.0%     0.0%

[Classification report — Epoch 19]
               precision    recall  f1-score   support

  APPROPRIATE       0.95      1.00      0.97        38
INAPPROPRIATE       0.00      0.00      0.00         2

     accuracy                           0.95        40
    macro avg       0.47      0.50      0.49        40
 weighted avg       0.90      0.95      0.93        40

------------------------------------------------------------

Epoch 20/50:   0%|          | 0/40 [00:00<?, ?it/s]
Epoch 20/50:   2%|▎         | 1/40 [00:02<01:19,  2.04s/it]
Epoch 20/50:   5%|▌         | 2/40 [00:03<01:09,  1.83s/it]
Epoch 20/50:   8%|▊         | 3/40 [00:05<01:09,  1.89s/it]
Epoch 20/50:  10%|█         | 4/40 [00:07<01:08,  1.91s/it]
Epoch 20/50:  12%|█▎        | 5/40 [00:09<01:04,  1.85s/it]
Epoch 20/50:  15%|█▌        | 6/40 [00:11<01:03,  1.85s/it]
Epoch 20/50:  18%|█▊        | 7/40 [00:12<00:58,  1.76s/it]
Epoch 20/50:  20%|██        | 8/40 [00:14<00:56,  1.76s/it]
Epoch 20/50:  22%|██▎       | 9/40 [00:16<00:59,  1.93s/it]
Epoch 20/50:  25%|██▌       | 10/40 [00:18<00:53,  1.79s/it]
Epoch 20/50:  28%|██▊       | 11/40 [00:20<00:53,  1.84s/it]
Epoch 20/50:  30%|███       | 12/40 [00:22<00:51,  1.85s/it]
Epoch 20/50:  32%|███▎      | 13/40 [00:24<00:50,  1.88s/it]
Epoch 20/50:  35%|███▌      | 14/40 [00:25<00:47,  1.84s/it]
Epoch 20/50:  38%|███▊      | 15/40 [00:27<00:44,  1.79s/it]
Epoch 20/50:  40%|████      | 16/40 [00:29<00:44,  1.86s/it]
Epoch 20/50:  42%|████▎     | 17/40 [00:31<00:42,  1.86s/it]
Epoch 20/50:  45%|████▌     | 18/40 [00:33<00:41,  1.89s/it]
Epoch 20/50:  48%|████▊     | 19/40 [00:35<00:41,  1.99s/it]
Epoch 20/50:  50%|█████     | 20/40 [00:37<00:39,  1.97s/it]
Epoch 20/50:  52%|█████▎    | 21/40 [00:39<00:37,  1.99s/it]
Epoch 20/50:  55%|█████▌    | 22/40 [00:41<00:35,  2.00s/it]
Epoch 20/50:  57%|█████▊    | 23/40 [00:43<00:33,  1.95s/it]
Epoch 20/50:  60%|██████    | 24/40 [00:45<00:29,  1.87s/it]
Epoch 20/50:  62%|██████▎   | 25/40 [00:47<00:28,  1.92s/it]
Epoch 20/50:  65%|██████▌   | 26/40 [00:49<00:27,  1.99s/it]
Epoch 20/50:  68%|██████▊   | 27/40 [00:51<00:25,  1.95s/it]
Epoch 20/50:  70%|███████   | 28/40 [00:52<00:22,  1.89s/it]
Epoch 20/50:  72%|███████▎  | 29/40 [00:54<00:20,  1.91s/it]
Epoch 20/50:  75%|███████▌  | 30/40 [00:56<00:19,  1.92s/it]
Epoch 20/50:  78%|███████▊  | 31/40 [00:58<00:17,  2.00s/it]
Epoch 20/50:  80%|████████  | 32/40 [01:00<00:14,  1.87s/it]
Epoch 20/50:  82%|████████▎ | 33/40 [01:02<00:13,  1.89s/it]
Epoch 20/50:  85%|████████▌ | 34/40 [01:04<00:11,  1.98s/it]
Epoch 20/50:  88%|████████▊ | 35/40 [01:06<00:09,  1.95s/it]
Epoch 20/50:  90%|█████████ | 36/40 [01:08<00:07,  1.89s/it]
Epoch 20/50:  92%|█████████▎| 37/40 [01:10<00:05,  1.93s/it]
Epoch 20/50:  95%|█████████▌| 38/40 [01:12<00:03,  1.99s/it]
Epoch 20/50:  98%|█████████▊| 39/40 [01:14<00:01,  1.90s/it]
Epoch 20/50: 100%|██████████| 40/40 [01:15<00:00,  1.78s/it]
Epoch 20/50: 100%|██████████| 40/40 [01:15<00:00,  1.89s/it]

Epoch 20 — avg train loss: 0.3007

[Train classification report — Epoch 20]
               precision    recall  f1-score   support

  APPROPRIATE       0.96      1.00      0.98       152
INAPPROPRIATE       0.00      0.00      0.00         7

     accuracy                           0.96       159
    macro avg       0.48      0.50      0.49       159
 weighted avg       0.91      0.96      0.93       159


------------------------------------------------------------
DIAGNOSTIC — Epoch 20 | Task: appropriate_vocabulary_usage
------------------------------------------------------------

[1] Label token ID check
  'APPROPRIATE' → token_id=128256 → decoded='APPROPRIATE'
  'INAPPROPRIATE' → token_id=128257 → decoded='INAPPROPRIATE'
  ✓ All label token IDs are unique.

[2] Last-token identity (first 3 val samples)

Diag-val epoch 20:   0%|          | 0/10 [00:00<?, ?it/s]
Diag-val epoch 20:  10%|█         | 1/10 [00:00<00:03,  2.26it/s]
Diag-val epoch 20:  20%|██        | 2/10 [00:00<00:03,  2.33it/s]
Diag-val epoch 20:  30%|███       | 3/10 [00:01<00:03,  2.13it/s]
Diag-val epoch 20:  40%|████      | 4/10 [00:01<00:02,  2.05it/s]
Diag-val epoch 20:  50%|█████     | 5/10 [00:02<00:02,  2.03it/s]
Diag-val epoch 20:  60%|██████    | 6/10 [00:02<00:01,  2.09it/s]
Diag-val epoch 20:  70%|███████   | 7/10 [00:03<00:01,  2.07it/s]
Diag-val epoch 20:  80%|████████  | 8/10 [00:03<00:00,  2.02it/s]
Diag-val epoch 20:  90%|█████████ | 9/10 [00:04<00:00,  2.08it/s]
Diag-val epoch 20: 100%|██████████| 10/10 [00:04<00:00,  2.06it/s]
Diag-val epoch 20: 100%|██████████| 10/10 [00:04<00:00,  2.08it/s]
  Sample 0: last real token=':' (id=25) ✓ | position[-1] token=':' (id=25) ✓
  Sample 1: last real token=':' (id=25) ✓ | position[-1] token=':' (id=25) ✓
  Sample 2: last real token=':' (id=25) ✓ | position[-1] token=':' (id=25) ✓

[3] Logit spread over label tokens (first batch)
  'APPROPRIATE': mean=23.625  std=0.952  min=22.875  max=25.000
  'INAPPROPRIATE': mean=12.609  std=1.247  min=10.875  max=13.688
  Max-min spread per sample: mean=11.016  min=9.188  max=12.625
  (Spread near 0 → model not differentiating labels; large spread → confident predictions)

[4] Prediction vs. true label distribution
  Label                            True %   Pred %
  ------------------------------ -------- --------
  APPROPRIATE                       95.0%   100.0% ← collapsed?
  INAPPROPRIATE                      5.0%     0.0%

[Classification report — Epoch 20]
               precision    recall  f1-score   support

  APPROPRIATE       0.95      1.00      0.97        38
INAPPROPRIATE       0.00      0.00      0.00         2

     accuracy                           0.95        40
    macro avg       0.47      0.50      0.49        40
 weighted avg       0.90      0.95      0.93        40

------------------------------------------------------------

Epoch 21/50:   0%|          | 0/40 [00:00<?, ?it/s]
Epoch 21/50:   2%|▎         | 1/40 [00:01<01:07,  1.74s/it]
Epoch 21/50:   5%|▌         | 2/40 [00:03<01:11,  1.87s/it]
Epoch 21/50:   8%|▊         | 3/40 [00:05<01:09,  1.87s/it]
Epoch 21/50:  10%|█         | 4/40 [00:07<01:09,  1.93s/it]
Epoch 21/50:  12%|█▎        | 5/40 [00:09<01:07,  1.94s/it]
Epoch 21/50:  15%|█▌        | 6/40 [00:11<01:03,  1.87s/it]
Epoch 21/50:  18%|█▊        | 7/40 [00:12<00:57,  1.75s/it]
Epoch 21/50:  20%|██        | 8/40 [00:14<01:00,  1.88s/it]
Epoch 21/50:  22%|██▎       | 9/40 [00:16<00:56,  1.83s/it]
Epoch 21/50:  25%|██▌       | 10/40 [00:18<00:56,  1.89s/it]
Epoch 21/50:  28%|██▊       | 11/40 [00:20<00:53,  1.85s/it]
Epoch 21/50:  30%|███       | 12/40 [00:22<00:51,  1.85s/it]
Epoch 21/50:  32%|███▎      | 13/40 [00:24<00:51,  1.90s/it]
Epoch 21/50:  35%|███▌      | 14/40 [00:26<00:48,  1.86s/it]
Epoch 21/50:  38%|███▊      | 15/40 [00:27<00:45,  1.83s/it]
Epoch 21/50:  40%|████      | 16/40 [00:29<00:44,  1.84s/it]
Epoch 21/50:  42%|████▎     | 17/40 [00:31<00:44,  1.93s/it]
Epoch 21/50:  45%|████▌     | 18/40 [00:33<00:42,  1.94s/it]
Epoch 21/50:  48%|████▊     | 19/40 [00:35<00:39,  1.88s/it]
Epoch 21/50:  50%|█████     | 20/40 [00:37<00:37,  1.87s/it]
Epoch 21/50:  52%|█████▎    | 21/40 [00:39<00:35,  1.89s/it]
Epoch 21/50:  55%|█████▌    | 22/40 [00:41<00:33,  1.85s/it]
Epoch 21/50:  57%|█████▊    | 23/40 [00:42<00:31,  1.85s/it]
Epoch 21/50:  60%|██████    | 24/40 [00:44<00:29,  1.85s/it]
Epoch 21/50:  62%|██████▎   | 25/40 [00:46<00:28,  1.91s/it]
Epoch 21/50:  65%|██████▌   | 26/40 [00:48<00:27,  1.94s/it]
Epoch 21/50:  68%|██████▊   | 27/40 [00:50<00:25,  1.96s/it]
Epoch 21/50:  70%|███████   | 28/40 [00:52<00:23,  1.96s/it]
Epoch 21/50:  72%|███████▎  | 29/40 [00:55<00:22,  2.03s/it]
Epoch 21/50:  75%|███████▌  | 30/40 [00:56<00:20,  2.00s/it]
Epoch 21/50:  78%|███████▊  | 31/40 [00:59<00:18,  2.01s/it]
Epoch 21/50:  80%|████████  | 32/40 [01:00<00:15,  2.00s/it]
Epoch 21/50:  82%|████████▎ | 33/40 [01:02<00:13,  1.90s/it]
Epoch 21/50:  85%|████████▌ | 34/40 [01:04<00:12,  2.03s/it]
Epoch 21/50:  88%|████████▊ | 35/40 [01:07<00:10,  2.09s/it]
Epoch 21/50:  90%|█████████ | 36/40 [01:09<00:08,  2.05s/it]
Epoch 21/50:  92%|█████████▎| 37/40 [01:11<00:06,  2.02s/it]
Epoch 21/50:  95%|█████████▌| 38/40 [01:12<00:03,  1.94s/it]
Epoch 21/50:  98%|█████████▊| 39/40 [01:14<00:01,  1.91s/it]
Epoch 21/50: 100%|██████████| 40/40 [01:16<00:00,  1.76s/it]
Epoch 21/50: 100%|██████████| 40/40 [01:16<00:00,  1.90s/it]

Epoch 21 — avg train loss: 0.3538

[Train classification report — Epoch 21]
               precision    recall  f1-score   support

  APPROPRIATE       0.96      1.00      0.98       152
INAPPROPRIATE       0.00      0.00      0.00         7

     accuracy                           0.96       159
    macro avg       0.48      0.50      0.49       159
 weighted avg       0.91      0.96      0.93       159


------------------------------------------------------------
DIAGNOSTIC — Epoch 21 | Task: appropriate_vocabulary_usage
------------------------------------------------------------

[1] Label token ID check
  'APPROPRIATE' → token_id=128256 → decoded='APPROPRIATE'
  'INAPPROPRIATE' → token_id=128257 → decoded='INAPPROPRIATE'
  ✓ All label token IDs are unique.

[2] Last-token identity (first 3 val samples)

Diag-val epoch 21:   0%|          | 0/10 [00:00<?, ?it/s]
Diag-val epoch 21:  10%|█         | 1/10 [00:00<00:03,  2.25it/s]
Diag-val epoch 21:  20%|██        | 2/10 [00:00<00:03,  2.33it/s]
Diag-val epoch 21:  30%|███       | 3/10 [00:01<00:03,  2.13it/s]
Diag-val epoch 21:  40%|████      | 4/10 [00:01<00:02,  2.05it/s]
Diag-val epoch 21:  50%|█████     | 5/10 [00:02<00:02,  2.03it/s]
Diag-val epoch 21:  60%|██████    | 6/10 [00:02<00:01,  2.09it/s]
Diag-val epoch 21:  70%|███████   | 7/10 [00:03<00:01,  2.07it/s]
Diag-val epoch 21:  80%|████████  | 8/10 [00:03<00:00,  2.02it/s]
Diag-val epoch 21:  90%|█████████ | 9/10 [00:04<00:00,  2.08it/s]
Diag-val epoch 21: 100%|██████████| 10/10 [00:04<00:00,  2.05it/s]
Diag-val epoch 21: 100%|██████████| 10/10 [00:04<00:00,  2.08it/s]
  Sample 0: last real token=':' (id=25) ✓ | position[-1] token=':' (id=25) ✓
  Sample 1: last real token=':' (id=25) ✓ | position[-1] token=':' (id=25) ✓
  Sample 2: last real token=':' (id=25) ✓ | position[-1] token=':' (id=25) ✓

[3] Logit spread over label tokens (first batch)
  'APPROPRIATE': mean=23.438  std=0.927  min=22.625  max=24.750
  'INAPPROPRIATE': mean=13.109  std=1.322  min=11.250  max=14.312
  Max-min spread per sample: mean=10.328  min=8.312  max=12.125
  (Spread near 0 → model not differentiating labels; large spread → confident predictions)

[4] Prediction vs. true label distribution
  Label                            True %   Pred %
  ------------------------------ -------- --------
  APPROPRIATE                       95.0%   100.0% ← collapsed?
  INAPPROPRIATE                      5.0%     0.0%

[Classification report — Epoch 21]
               precision    recall  f1-score   support

  APPROPRIATE       0.95      1.00      0.97        38
INAPPROPRIATE       0.00      0.00      0.00         2

     accuracy                           0.95        40
    macro avg       0.47      0.50      0.49        40
 weighted avg       0.90      0.95      0.93        40

------------------------------------------------------------

Epoch 22/50:   0%|          | 0/40 [00:00<?, ?it/s]
Epoch 22/50:   2%|▎         | 1/40 [00:01<01:12,  1.86s/it]
Epoch 22/50:   5%|▌         | 2/40 [00:03<01:10,  1.86s/it]
Epoch 22/50:   8%|▊         | 3/40 [00:05<01:08,  1.86s/it]
Epoch 22/50:  10%|█         | 4/40 [00:07<01:06,  1.86s/it]
Epoch 22/50:  12%|█▎        | 5/40 [00:09<01:06,  1.89s/it]
Epoch 22/50:  15%|█▌        | 6/40 [00:11<01:05,  1.94s/it]
Epoch 22/50:  18%|█▊        | 7/40 [00:13<01:04,  1.96s/it]
Epoch 22/50:  20%|██        | 8/40 [00:15<01:00,  1.90s/it]
Epoch 22/50:  22%|██▎       | 9/40 [00:17<00:59,  1.91s/it]
Epoch 22/50:  25%|██▌       | 10/40 [00:18<00:56,  1.89s/it]
Epoch 22/50:  28%|██▊       | 11/40 [00:21<00:58,  2.02s/it]
Epoch 22/50:  30%|███       | 12/40 [00:23<00:55,  1.97s/it]
Epoch 22/50:  32%|███▎      | 13/40 [00:25<00:52,  1.94s/it]
Epoch 22/50:  35%|███▌      | 14/40 [00:26<00:49,  1.91s/it]
Epoch 22/50:  38%|███▊      | 15/40 [00:28<00:48,  1.92s/it]
Epoch 22/50:  40%|████      | 16/40 [00:30<00:46,  1.96s/it]
Epoch 22/50:  42%|████▎     | 17/40 [00:32<00:43,  1.87s/it]
Epoch 22/50:  45%|████▌     | 18/40 [00:34<00:40,  1.83s/it]
Epoch 22/50:  48%|████▊     | 19/40 [00:36<00:40,  1.95s/it]
Epoch 22/50:  50%|█████     | 20/40 [00:38<00:37,  1.88s/it]
Epoch 22/50:  52%|█████▎    | 21/40 [00:40<00:37,  1.97s/it]
Epoch 22/50:  55%|█████▌    | 22/40 [00:42<00:33,  1.88s/it]
Epoch 22/50:  57%|█████▊    | 23/40 [00:43<00:31,  1.84s/it]
Epoch 22/50:  60%|██████    | 24/40 [00:46<00:31,  1.95s/it]
Epoch 22/50:  62%|██████▎   | 25/40 [00:47<00:29,  1.95s/it]
Epoch 22/50:  65%|██████▌   | 26/40 [00:49<00:26,  1.89s/it]
Epoch 22/50:  68%|██████▊   | 27/40 [00:51<00:24,  1.85s/it]
Epoch 22/50:  70%|███████   | 28/40 [00:53<00:22,  1.91s/it]
Epoch 22/50:  72%|███████▎  | 29/40 [00:55<00:21,  1.94s/it]
Epoch 22/50:  75%|███████▌  | 30/40 [00:57<00:18,  1.87s/it]
Epoch 22/50:  78%|███████▊  | 31/40 [00:59<00:16,  1.87s/it]
Epoch 22/50:  80%|████████  | 32/40 [01:01<00:15,  1.90s/it]
Epoch 22/50:  82%|████████▎ | 33/40 [01:03<00:13,  1.94s/it]
Epoch 22/50:  85%|████████▌ | 34/40 [01:05<00:11,  1.94s/it]
Epoch 22/50:  88%|████████▊ | 35/40 [01:06<00:09,  1.94s/it]
Epoch 22/50:  90%|█████████ | 36/40 [01:09<00:08,  2.01s/it]
Epoch 22/50:  92%|█████████▎| 37/40 [01:11<00:06,  2.01s/it]
Epoch 22/50:  95%|█████████▌| 38/40 [01:12<00:03,  1.93s/it]
Epoch 22/50:  98%|█████████▊| 39/40 [01:14<00:01,  1.91s/it]
Epoch 22/50: 100%|██████████| 40/40 [01:16<00:00,  1.78s/it]
Epoch 22/50: 100%|██████████| 40/40 [01:16<00:00,  1.91s/it]

Epoch 22 — avg train loss: 0.1871

[Train classification report — Epoch 22]
               precision    recall  f1-score   support

  APPROPRIATE       0.96      1.00      0.98       152
INAPPROPRIATE       0.00      0.00      0.00         7

     accuracy                           0.96       159
    macro avg       0.48      0.50      0.49       159
 weighted avg       0.91      0.96      0.93       159


------------------------------------------------------------
DIAGNOSTIC — Epoch 22 | Task: appropriate_vocabulary_usage
------------------------------------------------------------

[1] Label token ID check
  'APPROPRIATE' → token_id=128256 → decoded='APPROPRIATE'
  'INAPPROPRIATE' → token_id=128257 → decoded='INAPPROPRIATE'
  ✓ All label token IDs are unique.

[2] Last-token identity (first 3 val samples)

Diag-val epoch 22:   0%|          | 0/10 [00:00<?, ?it/s]
Diag-val epoch 22:  10%|█         | 1/10 [00:00<00:03,  2.26it/s]
Diag-val epoch 22:  20%|██        | 2/10 [00:00<00:03,  2.33it/s]
Diag-val epoch 22:  30%|███       | 3/10 [00:01<00:03,  2.13it/s]
Diag-val epoch 22:  40%|████      | 4/10 [00:01<00:02,  2.05it/s]
Diag-val epoch 22:  50%|█████     | 5/10 [00:02<00:02,  2.03it/s]
Diag-val epoch 22:  60%|██████    | 6/10 [00:02<00:01,  2.09it/s]
Diag-val epoch 22:  70%|███████   | 7/10 [00:03<00:01,  2.07it/s]
Diag-val epoch 22:  80%|████████  | 8/10 [00:03<00:00,  2.02it/s]
Diag-val epoch 22:  90%|█████████ | 9/10 [00:04<00:00,  2.08it/s]
Diag-val epoch 22: 100%|██████████| 10/10 [00:04<00:00,  2.06it/s]
Diag-val epoch 22: 100%|██████████| 10/10 [00:04<00:00,  2.08it/s]
  Sample 0: last real token=':' (id=25) ✓ | position[-1] token=':' (id=25) ✓
  Sample 1: last real token=':' (id=25) ✓ | position[-1] token=':' (id=25) ✓
  Sample 2: last real token=':' (id=25) ✓ | position[-1] token=':' (id=25) ✓

[3] Logit spread over label tokens (first batch)
  'APPROPRIATE': mean=23.500  std=1.046  min=22.625  max=25.000
  'INAPPROPRIATE': mean=12.516  std=1.415  min=10.500  max=13.562
  Max-min spread per sample: mean=10.984  min=9.062  max=12.875
  (Spread near 0 → model not differentiating labels; large spread → confident predictions)

[4] Prediction vs. true label distribution
  Label                            True %   Pred %
  ------------------------------ -------- --------
  APPROPRIATE                       95.0%   100.0% ← collapsed?
  INAPPROPRIATE                      5.0%     0.0%

[Classification report — Epoch 22]
               precision    recall  f1-score   support

  APPROPRIATE       0.95      1.00      0.97        38
INAPPROPRIATE       0.00      0.00      0.00         2

     accuracy                           0.95        40
    macro avg       0.47      0.50      0.49        40
 weighted avg       0.90      0.95      0.93        40

------------------------------------------------------------

Epoch 23/50:   0%|          | 0/40 [00:00<?, ?it/s]
Epoch 23/50:   2%|▎         | 1/40 [00:01<01:12,  1.86s/it]
Epoch 23/50:   5%|▌         | 2/40 [00:03<01:06,  1.75s/it]
Epoch 23/50:   8%|▊         | 3/40 [00:05<01:04,  1.75s/it]
Epoch 23/50:  10%|█         | 4/40 [00:07<01:02,  1.74s/it]
Epoch 23/50:  12%|█▎        | 5/40 [00:09<01:07,  1.91s/it]
Epoch 23/50:  15%|█▌        | 6/40 [00:11<01:05,  1.92s/it]
Epoch 23/50:  18%|█▊        | 7/40 [00:12<01:00,  1.84s/it]
Epoch 23/50:  20%|██        | 8/40 [00:14<01:00,  1.88s/it]
Epoch 23/50:  22%|██▎       | 9/40 [00:16<00:58,  1.87s/it]
Epoch 23/50:  25%|██▌       | 10/40 [00:18<00:55,  1.87s/it]
Epoch 23/50:  28%|██▊       | 11/40 [00:20<00:54,  1.89s/it]
Epoch 23/50:  30%|███       | 12/40 [00:22<00:51,  1.85s/it]
Epoch 23/50:  32%|███▎      | 13/40 [00:23<00:49,  1.82s/it]
Epoch 23/50:  35%|███▌      | 14/40 [00:25<00:47,  1.83s/it]
Epoch 23/50:  38%|███▊      | 15/40 [00:27<00:47,  1.89s/it]
Epoch 23/50:  40%|████      | 16/40 [00:29<00:45,  1.89s/it]
Epoch 23/50:  42%|████▎     | 17/40 [00:31<00:45,  1.96s/it]
Epoch 23/50:  45%|████▌     | 18/40 [00:34<00:44,  2.04s/it]
Epoch 23/50:  48%|████▊     | 19/40 [00:35<00:40,  1.92s/it]
Epoch 23/50:  50%|█████     | 20/40 [00:38<00:40,  2.04s/it]
Epoch 23/50:  52%|█████▎    | 21/40 [00:39<00:37,  1.99s/it]
Epoch 23/50:  55%|█████▌    | 22/40 [00:42<00:36,  2.04s/it]
Epoch 23/50:  57%|█████▊    | 23/40 [00:44<00:34,  2.04s/it]
Epoch 23/50:  60%|██████    | 24/40 [00:45<00:31,  1.99s/it]
Epoch 23/50:  62%|██████▎   | 25/40 [00:47<00:29,  1.95s/it]
Epoch 23/50:  65%|██████▌   | 26/40 [00:49<00:26,  1.92s/it]
Epoch 23/50:  68%|██████▊   | 27/40 [00:51<00:24,  1.90s/it]
Epoch 23/50:  70%|███████   | 28/40 [00:53<00:22,  1.85s/it]
Epoch 23/50:  72%|███████▎  | 29/40 [00:55<00:20,  1.88s/it]
Epoch 23/50:  75%|███████▌  | 30/40 [00:56<00:18,  1.82s/it]
Epoch 23/50:  78%|███████▊  | 31/40 [00:58<00:16,  1.88s/it]
Epoch 23/50:  80%|████████  | 32/40 [01:00<00:14,  1.84s/it]
Epoch 23/50:  82%|████████▎ | 33/40 [01:02<00:13,  1.88s/it]
Epoch 23/50:  85%|████████▌ | 34/40 [01:04<00:10,  1.82s/it]
Epoch 23/50:  88%|████████▊ | 35/40 [01:06<00:09,  1.83s/it]
Epoch 23/50:  90%|█████████ | 36/40 [01:07<00:07,  1.79s/it]
Epoch 23/50:  92%|█████████▎| 37/40 [01:09<00:05,  1.86s/it]
Epoch 23/50:  95%|█████████▌| 38/40 [01:12<00:03,  1.95s/it]
Epoch 23/50:  98%|█████████▊| 39/40 [01:14<00:01,  1.97s/it]
Epoch 23/50: 100%|██████████| 40/40 [01:15<00:00,  1.76s/it]
Epoch 23/50: 100%|██████████| 40/40 [01:15<00:00,  1.88s/it]

Epoch 23 — avg train loss: 0.2603

[Train classification report — Epoch 23]
               precision    recall  f1-score   support

  APPROPRIATE       0.96      1.00      0.98       152
INAPPROPRIATE       0.00      0.00      0.00         7

     accuracy                           0.96       159
    macro avg       0.48      0.50      0.49       159
 weighted avg       0.91      0.96      0.93       159


------------------------------------------------------------
DIAGNOSTIC — Epoch 23 | Task: appropriate_vocabulary_usage
------------------------------------------------------------

[1] Label token ID check
  'APPROPRIATE' → token_id=128256 → decoded='APPROPRIATE'
  'INAPPROPRIATE' → token_id=128257 → decoded='INAPPROPRIATE'
  ✓ All label token IDs are unique.

[2] Last-token identity (first 3 val samples)

Diag-val epoch 23:   0%|          | 0/10 [00:00<?, ?it/s]
Diag-val epoch 23:  10%|█         | 1/10 [00:00<00:03,  2.26it/s]
Diag-val epoch 23:  20%|██        | 2/10 [00:00<00:03,  2.33it/s]
Diag-val epoch 23:  30%|███       | 3/10 [00:01<00:03,  2.13it/s]
Diag-val epoch 23:  40%|████      | 4/10 [00:01<00:02,  2.04it/s]
Diag-val epoch 23:  50%|█████     | 5/10 [00:02<00:02,  2.03it/s]
Diag-val epoch 23:  60%|██████    | 6/10 [00:02<00:01,  2.09it/s]
Diag-val epoch 23:  70%|███████   | 7/10 [00:03<00:01,  2.06it/s]
Diag-val epoch 23:  80%|████████  | 8/10 [00:03<00:00,  2.02it/s]
Diag-val epoch 23:  90%|█████████ | 9/10 [00:04<00:00,  2.08it/s]
Diag-val epoch 23: 100%|██████████| 10/10 [00:04<00:00,  2.06it/s]
Diag-val epoch 23: 100%|██████████| 10/10 [00:04<00:00,  2.08it/s]
  Sample 0: last real token=':' (id=25) ✓ | position[-1] token=':' (id=25) ✓
  Sample 1: last real token=':' (id=25) ✓ | position[-1] token=':' (id=25) ✓
  Sample 2: last real token=':' (id=25) ✓ | position[-1] token=':' (id=25) ✓

[3] Logit spread over label tokens (first batch)
  'APPROPRIATE': mean=23.375  std=1.080  min=22.375  max=24.875
  'INAPPROPRIATE': mean=12.469  std=1.402  min=10.500  max=13.562
  Max-min spread per sample: mean=10.906  min=8.812  max=12.875
  (Spread near 0 → model not differentiating labels; large spread → confident predictions)

[4] Prediction vs. true label distribution
  Label                            True %   Pred %
  ------------------------------ -------- --------
  APPROPRIATE                       95.0%   100.0% ← collapsed?
  INAPPROPRIATE                      5.0%     0.0%

[Classification report — Epoch 23]
               precision    recall  f1-score   support

  APPROPRIATE       0.95      1.00      0.97        38
INAPPROPRIATE       0.00      0.00      0.00         2

     accuracy                           0.95        40
    macro avg       0.47      0.50      0.49        40
 weighted avg       0.90      0.95      0.93        40

------------------------------------------------------------

Epoch 24/50:   0%|          | 0/40 [00:00<?, ?it/s]
Epoch 24/50:   2%|▎         | 1/40 [00:02<01:19,  2.04s/it]
Epoch 24/50:   5%|▌         | 2/40 [00:03<01:09,  1.82s/it]
Epoch 24/50:   8%|▊         | 3/40 [00:05<01:11,  1.92s/it]
Epoch 24/50:  10%|█         | 4/40 [00:07<01:10,  1.97s/it]
Epoch 24/50:  12%|█▎        | 5/40 [00:09<01:08,  1.96s/it]
Epoch 24/50:  15%|█▌        | 6/40 [00:11<01:06,  1.96s/it]
Epoch 24/50:  18%|█▊        | 7/40 [00:13<01:04,  1.96s/it]
Epoch 24/50:  20%|██        | 8/40 [00:15<01:04,  2.02s/it]
Epoch 24/50:  22%|██▎       | 9/40 [00:17<01:00,  1.94s/it]
Epoch 24/50:  25%|██▌       | 10/40 [00:19<01:00,  2.02s/it]
Epoch 24/50:  28%|██▊       | 11/40 [00:21<00:56,  1.94s/it]
Epoch 24/50:  30%|███       | 12/40 [00:23<00:55,  1.97s/it]
Epoch 24/50:  32%|███▎      | 13/40 [00:25<00:52,  1.96s/it]
Epoch 24/50:  35%|███▌      | 14/40 [00:27<00:50,  1.92s/it]
Epoch 24/50:  38%|███▊      | 15/40 [00:29<00:46,  1.87s/it]
Epoch 24/50:  40%|████      | 16/40 [00:30<00:43,  1.80s/it]
Epoch 24/50:  42%|████▎     | 17/40 [00:32<00:41,  1.79s/it]
Epoch 24/50:  45%|████▌     | 18/40 [00:34<00:42,  1.91s/it]
Epoch 24/50:  48%|████▊     | 19/40 [00:36<00:39,  1.90s/it]
Epoch 24/50:  50%|█████     | 20/40 [00:38<00:37,  1.89s/it]
Epoch 24/50:  52%|█████▎    | 21/40 [00:39<00:33,  1.76s/it]
Epoch 24/50:  55%|█████▌    | 22/40 [00:41<00:31,  1.73s/it]
Epoch 24/50:  57%|█████▊    | 23/40 [00:43<00:32,  1.91s/it]
Epoch 24/50:  60%|██████    | 24/40 [00:45<00:30,  1.90s/it]
Epoch 24/50:  62%|██████▎   | 25/40 [00:47<00:29,  1.98s/it]
Epoch 24/50:  65%|██████▌   | 26/40 [00:49<00:27,  1.94s/it]
Epoch 24/50:  68%|██████▊   | 27/40 [00:51<00:24,  1.88s/it]
Epoch 24/50:  70%|███████   | 28/40 [00:53<00:22,  1.90s/it]
Epoch 24/50:  72%|███████▎  | 29/40 [00:55<00:20,  1.89s/it]
Epoch 24/50:  75%|███████▌  | 30/40 [00:57<00:18,  1.88s/it]
Epoch 24/50:  78%|███████▊  | 31/40 [00:59<00:16,  1.87s/it]
Epoch 24/50:  80%|████████  | 32/40 [01:00<00:14,  1.84s/it]
Epoch 24/50:  82%|████████▎ | 33/40 [01:02<00:12,  1.84s/it]
Epoch 24/50:  85%|████████▌ | 34/40 [01:04<00:11,  1.85s/it]
Epoch 24/50:  88%|████████▊ | 35/40 [01:06<00:08,  1.80s/it]
Epoch 24/50:  90%|█████████ | 36/40 [01:08<00:07,  1.84s/it]
Epoch 24/50:  92%|█████████▎| 37/40 [01:10<00:05,  1.90s/it]
Epoch 24/50:  95%|█████████▌| 38/40 [01:12<00:03,  1.97s/it]
Epoch 24/50:  98%|█████████▊| 39/40 [01:14<00:01,  1.97s/it]
Epoch 24/50: 100%|██████████| 40/40 [01:15<00:00,  1.84s/it]
Epoch 24/50: 100%|██████████| 40/40 [01:15<00:00,  1.89s/it]

Epoch 24 — avg train loss: 0.1778

[Train classification report — Epoch 24]
               precision    recall  f1-score   support

  APPROPRIATE       0.96      1.00      0.98       152
INAPPROPRIATE       0.00      0.00      0.00         7

     accuracy                           0.96       159
    macro avg       0.48      0.50      0.49       159
 weighted avg       0.91      0.96      0.93       159


------------------------------------------------------------
DIAGNOSTIC — Epoch 24 | Task: appropriate_vocabulary_usage
------------------------------------------------------------

[1] Label token ID check
  'APPROPRIATE' → token_id=128256 → decoded='APPROPRIATE'
  'INAPPROPRIATE' → token_id=128257 → decoded='INAPPROPRIATE'
  ✓ All label token IDs are unique.

[2] Last-token identity (first 3 val samples)

Diag-val epoch 24:   0%|          | 0/10 [00:00<?, ?it/s]
Diag-val epoch 24:  10%|█         | 1/10 [00:00<00:03,  2.25it/s]
Diag-val epoch 24:  20%|██        | 2/10 [00:00<00:03,  2.33it/s]
Diag-val epoch 24:  30%|███       | 3/10 [00:01<00:03,  2.13it/s]
Diag-val epoch 24:  40%|████      | 4/10 [00:01<00:02,  2.05it/s]
Diag-val epoch 24:  50%|█████     | 5/10 [00:02<00:02,  2.03it/s]
Diag-val epoch 24:  60%|██████    | 6/10 [00:02<00:01,  2.09it/s]
Diag-val epoch 24:  70%|███████   | 7/10 [00:03<00:01,  2.07it/s]
Diag-val epoch 24:  80%|████████  | 8/10 [00:03<00:00,  2.02it/s]
Diag-val epoch 24:  90%|█████████ | 9/10 [00:04<00:00,  2.09it/s]
Diag-val epoch 24: 100%|██████████| 10/10 [00:04<00:00,  2.06it/s]
Diag-val epoch 24: 100%|██████████| 10/10 [00:04<00:00,  2.08it/s]
  Sample 0: last real token=':' (id=25) ✓ | position[-1] token=':' (id=25) ✓
  Sample 1: last real token=':' (id=25) ✓ | position[-1] token=':' (id=25) ✓
  Sample 2: last real token=':' (id=25) ✓ | position[-1] token=':' (id=25) ✓

[3] Logit spread over label tokens (first batch)
  'APPROPRIATE': mean=23.438  std=1.184  min=22.500  max=25.125
  'INAPPROPRIATE': mean=12.359  std=1.493  min=10.250  max=13.562
  Max-min spread per sample: mean=11.078  min=9.250  max=13.125
  (Spread near 0 → model not differentiating labels; large spread → confident predictions)

[4] Prediction vs. true label distribution
  Label                            True %   Pred %
  ------------------------------ -------- --------
  APPROPRIATE                       95.0%   100.0% ← collapsed?
  INAPPROPRIATE                      5.0%     0.0%

[Classification report — Epoch 24]
               precision    recall  f1-score   support

  APPROPRIATE       0.95      1.00      0.97        38
INAPPROPRIATE       0.00      0.00      0.00         2

     accuracy                           0.95        40
    macro avg       0.47      0.50      0.49        40
 weighted avg       0.90      0.95      0.93        40

------------------------------------------------------------

Epoch 25/50:   0%|          | 0/40 [00:00<?, ?it/s]
Epoch 25/50:   2%|▎         | 1/40 [00:02<01:19,  2.05s/it]
Epoch 25/50:   5%|▌         | 2/40 [00:04<01:17,  2.04s/it]
Epoch 25/50:   8%|▊         | 3/40 [00:06<01:17,  2.10s/it]
Epoch 25/50:  10%|█         | 4/40 [00:08<01:14,  2.07s/it]
Epoch 25/50:  12%|█▎        | 5/40 [00:10<01:11,  2.03s/it]
Epoch 25/50:  15%|█▌        | 6/40 [00:11<01:05,  1.94s/it]
Epoch 25/50:  18%|█▊        | 7/40 [00:13<01:03,  1.94s/it]
Epoch 25/50:  20%|██        | 8/40 [00:15<01:02,  1.95s/it]
Epoch 25/50:  22%|██▎       | 9/40 [00:18<01:02,  2.03s/it]
Epoch 25/50:  25%|██▌       | 10/40 [00:20<01:02,  2.07s/it]
Epoch 25/50:  28%|██▊       | 11/40 [00:22<00:57,  1.97s/it]
Epoch 25/50:  30%|███       | 12/40 [00:23<00:54,  1.94s/it]
Epoch 25/50:  32%|███▎      | 13/40 [00:25<00:49,  1.83s/it]
Epoch 25/50:  35%|███▌      | 14/40 [00:27<00:49,  1.89s/it]
Epoch 25/50:  38%|███▊      | 15/40 [00:29<00:46,  1.88s/it]
Epoch 25/50:  40%|████      | 16/40 [00:31<00:46,  1.92s/it]
Epoch 25/50:  42%|████▎     | 17/40 [00:33<00:43,  1.91s/it]
Epoch 25/50:  45%|████▌     | 18/40 [00:35<00:41,  1.89s/it]
Epoch 25/50:  48%|████▊     | 19/40 [00:36<00:38,  1.84s/it]
Epoch 25/50:  50%|█████     | 20/40 [00:38<00:36,  1.82s/it]
Epoch 25/50:  52%|█████▎    | 21/40 [00:40<00:34,  1.79s/it]
Epoch 25/50:  55%|█████▌    | 22/40 [00:42<00:32,  1.81s/it]
Epoch 25/50:  57%|█████▊    | 23/40 [00:44<00:31,  1.83s/it]
Epoch 25/50:  60%|██████    | 24/40 [00:46<00:30,  1.89s/it]
Epoch 25/50:  62%|██████▎   | 25/40 [00:47<00:28,  1.88s/it]
Epoch 25/50:  65%|██████▌   | 26/40 [00:49<00:26,  1.90s/it]
Epoch 25/50:  68%|██████▊   | 27/40 [00:51<00:24,  1.85s/it]
Epoch 25/50:  70%|███████   | 28/40 [00:53<00:23,  1.99s/it]
Epoch 25/50:  72%|███████▎  | 29/40 [00:55<00:21,  1.98s/it]
Epoch 25/50:  75%|███████▌  | 30/40 [00:58<00:20,  2.03s/it]
Epoch 25/50:  78%|███████▊  | 31/40 [00:59<00:17,  1.94s/it]
Epoch 25/50:  80%|████████  | 32/40 [01:01<00:15,  1.92s/it]
Epoch 25/50:  82%|████████▎ | 33/40 [01:03<00:13,  1.95s/it]
Epoch 25/50:  85%|████████▌ | 34/40 [01:05<00:11,  1.96s/it]
Epoch 25/50:  88%|████████▊ | 35/40 [01:07<00:09,  1.93s/it]
Epoch 25/50:  90%|█████████ | 36/40 [01:09<00:08,  2.01s/it]
Epoch 25/50:  92%|█████████▎| 37/40 [01:11<00:05,  1.99s/it]
Epoch 25/50:  95%|█████████▌| 38/40 [01:13<00:03,  1.95s/it]
Epoch 25/50:  98%|█████████▊| 39/40 [01:15<00:01,  1.92s/it]
Epoch 25/50: 100%|██████████| 40/40 [01:16<00:00,  1.73s/it]
Epoch 25/50: 100%|██████████| 40/40 [01:16<00:00,  1.92s/it]

Epoch 25 — avg train loss: 0.1261

[Train classification report — Epoch 25]
               precision    recall  f1-score   support

  APPROPRIATE       0.96      1.00      0.98       152
INAPPROPRIATE       0.00      0.00      0.00         7

     accuracy                           0.96       159
    macro avg       0.48      0.50      0.49       159
 weighted avg       0.91      0.96      0.93       159


------------------------------------------------------------
DIAGNOSTIC — Epoch 25 | Task: appropriate_vocabulary_usage
------------------------------------------------------------

[1] Label token ID check
  'APPROPRIATE' → token_id=128256 → decoded='APPROPRIATE'
  'INAPPROPRIATE' → token_id=128257 → decoded='INAPPROPRIATE'
  ✓ All label token IDs are unique.

[2] Last-token identity (first 3 val samples)

Diag-val epoch 25:   0%|          | 0/10 [00:00<?, ?it/s]
Diag-val epoch 25:  10%|█         | 1/10 [00:00<00:03,  2.27it/s]
Diag-val epoch 25:  20%|██        | 2/10 [00:00<00:03,  2.33it/s]
Diag-val epoch 25:  30%|███       | 3/10 [00:01<00:03,  2.12it/s]
Diag-val epoch 25:  40%|████      | 4/10 [00:01<00:02,  2.04it/s]
Diag-val epoch 25:  50%|█████     | 5/10 [00:02<00:02,  2.02it/s]
Diag-val epoch 25:  60%|██████    | 6/10 [00:02<00:01,  2.09it/s]
Diag-val epoch 25:  70%|███████   | 7/10 [00:03<00:01,  2.06it/s]
Diag-val epoch 25:  80%|████████  | 8/10 [00:03<00:00,  2.02it/s]
Diag-val epoch 25:  90%|█████████ | 9/10 [00:04<00:00,  2.08it/s]
Diag-val epoch 25: 100%|██████████| 10/10 [00:04<00:00,  2.06it/s]
Diag-val epoch 25: 100%|██████████| 10/10 [00:04<00:00,  2.08it/s]
  Sample 0: last real token=':' (id=25) ✓ | position[-1] token=':' (id=25) ✓
  Sample 1: last real token=':' (id=25) ✓ | position[-1] token=':' (id=25) ✓
  Sample 2: last real token=':' (id=25) ✓ | position[-1] token=':' (id=25) ✓

[3] Logit spread over label tokens (first batch)
  'APPROPRIATE': mean=23.500  std=1.036  min=22.750  max=25.000
  'INAPPROPRIATE': mean=12.281  std=1.481  min=10.188  max=13.500
  Max-min spread per sample: mean=11.219  min=9.625  max=13.188
  (Spread near 0 → model not differentiating labels; large spread → confident predictions)

[4] Prediction vs. true label distribution
  Label                            True %   Pred %
  ------------------------------ -------- --------
  APPROPRIATE                       95.0%   100.0% ← collapsed?
  INAPPROPRIATE                      5.0%     0.0%

[Classification report — Epoch 25]
               precision    recall  f1-score   support

  APPROPRIATE       0.95      1.00      0.97        38
INAPPROPRIATE       0.00      0.00      0.00         2

     accuracy                           0.95        40
    macro avg       0.47      0.50      0.49        40
 weighted avg       0.90      0.95      0.93        40

------------------------------------------------------------

Epoch 26/50:   0%|          | 0/40 [00:00<?, ?it/s]
Epoch 26/50:   2%|▎         | 1/40 [00:01<01:16,  1.96s/it]
Epoch 26/50:   5%|▌         | 2/40 [00:03<01:11,  1.89s/it]
Epoch 26/50:   8%|▊         | 3/40 [00:05<01:12,  1.95s/it]
Epoch 26/50:  10%|█         | 4/40 [00:07<01:03,  1.77s/it]
Epoch 26/50:  12%|█▎        | 5/40 [00:09<01:03,  1.81s/it]
Epoch 26/50:  15%|█▌        | 6/40 [00:11<01:03,  1.86s/it]
Epoch 26/50:  18%|█▊        | 7/40 [00:13<01:05,  1.97s/it]
Epoch 26/50:  20%|██        | 8/40 [00:15<01:03,  1.99s/it]
Epoch 26/50:  22%|██▎       | 9/40 [00:17<01:01,  2.00s/it]
Epoch 26/50:  25%|██▌       | 10/40 [00:18<00:56,  1.87s/it]
Epoch 26/50:  28%|██▊       | 11/40 [00:20<00:54,  1.90s/it]
Epoch 26/50:  30%|███       | 12/40 [00:22<00:53,  1.91s/it]
Epoch 26/50:  32%|███▎      | 13/40 [00:24<00:50,  1.87s/it]
Epoch 26/50:  35%|███▌      | 14/40 [00:26<00:49,  1.92s/it]
Epoch 26/50:  38%|███▊      | 15/40 [00:28<00:48,  1.93s/it]
Epoch 26/50:  40%|████      | 16/40 [00:30<00:45,  1.88s/it]
Epoch 26/50:  42%|████▎     | 17/40 [00:32<00:44,  1.93s/it]
Epoch 26/50:  45%|████▌     | 18/40 [00:34<00:43,  1.99s/it]
Epoch 26/50:  48%|████▊     | 19/40 [00:36<00:40,  1.92s/it]
Epoch 26/50:  50%|█████     | 20/40 [00:37<00:36,  1.84s/it]
Epoch 26/50:  52%|█████▎    | 21/40 [00:39<00:34,  1.81s/it]
Epoch 26/50:  55%|█████▌    | 22/40 [00:41<00:34,  1.93s/it]
Epoch 26/50:  57%|█████▊    | 23/40 [00:43<00:32,  1.91s/it]
Epoch 26/50:  60%|██████    | 24/40 [00:46<00:32,  2.03s/it]
Epoch 26/50:  62%|██████▎   | 25/40 [00:47<00:29,  1.95s/it]
Epoch 26/50:  65%|██████▌   | 26/40 [00:49<00:26,  1.89s/it]
Epoch 26/50:  68%|██████▊   | 27/40 [00:51<00:25,  1.97s/it]
Epoch 26/50:  70%|███████   | 28/40 [00:53<00:23,  1.93s/it]
Epoch 26/50:  72%|███████▎  | 29/40 [00:55<00:21,  2.00s/it]
Epoch 26/50:  75%|███████▌  | 30/40 [00:57<00:18,  1.90s/it]
Epoch 26/50:  78%|███████▊  | 31/40 [00:59<00:17,  1.92s/it]
Epoch 26/50:  80%|████████  | 32/40 [01:01<00:14,  1.86s/it]
Epoch 26/50:  82%|████████▎ | 33/40 [01:02<00:12,  1.83s/it]
Epoch 26/50:  85%|████████▌ | 34/40 [01:04<00:11,  1.87s/it]
Epoch 26/50:  88%|████████▊ | 35/40 [01:06<00:09,  1.87s/it]
Epoch 26/50:  90%|█████████ | 36/40 [01:08<00:07,  1.83s/it]
Epoch 26/50:  92%|█████████▎| 37/40 [01:10<00:05,  1.84s/it]
Epoch 26/50:  95%|█████████▌| 38/40 [01:12<00:03,  1.90s/it]
Epoch 26/50:  98%|█████████▊| 39/40 [01:14<00:01,  1.88s/it]
Epoch 26/50: 100%|██████████| 40/40 [01:15<00:00,  1.78s/it]
Epoch 26/50: 100%|██████████| 40/40 [01:15<00:00,  1.89s/it]

Epoch 26 — avg train loss: 0.0683

[Train classification report — Epoch 26]
               precision    recall  f1-score   support

  APPROPRIATE       0.96      1.00      0.98       152
INAPPROPRIATE       0.00      0.00      0.00         7

     accuracy                           0.96       159
    macro avg       0.48      0.50      0.49       159
 weighted avg       0.91      0.96      0.93       159


------------------------------------------------------------
DIAGNOSTIC — Epoch 26 | Task: appropriate_vocabulary_usage
------------------------------------------------------------

[1] Label token ID check
  'APPROPRIATE' → token_id=128256 → decoded='APPROPRIATE'
  'INAPPROPRIATE' → token_id=128257 → decoded='INAPPROPRIATE'
  ✓ All label token IDs are unique.

[2] Last-token identity (first 3 val samples)

Diag-val epoch 26:   0%|          | 0/10 [00:00<?, ?it/s]
Diag-val epoch 26:  10%|█         | 1/10 [00:00<00:03,  2.26it/s]
Diag-val epoch 26:  20%|██        | 2/10 [00:00<00:03,  2.33it/s]
Diag-val epoch 26:  30%|███       | 3/10 [00:01<00:03,  2.12it/s]
Diag-val epoch 26:  40%|████      | 4/10 [00:01<00:02,  2.04it/s]
Diag-val epoch 26:  50%|█████     | 5/10 [00:02<00:02,  2.03it/s]
Diag-val epoch 26:  60%|██████    | 6/10 [00:02<00:01,  2.09it/s]
Diag-val epoch 26:  70%|███████   | 7/10 [00:03<00:01,  2.06it/s]
Diag-val epoch 26:  80%|████████  | 8/10 [00:03<00:00,  2.02it/s]
Diag-val epoch 26:  90%|█████████ | 9/10 [00:04<00:00,  2.08it/s]
Diag-val epoch 26: 100%|██████████| 10/10 [00:04<00:00,  2.05it/s]
Diag-val epoch 26: 100%|██████████| 10/10 [00:04<00:00,  2.08it/s]
  Sample 0: last real token=':' (id=25) ✓ | position[-1] token=':' (id=25) ✓
  Sample 1: last real token=':' (id=25) ✓ | position[-1] token=':' (id=25) ✓
  Sample 2: last real token=':' (id=25) ✓ | position[-1] token=':' (id=25) ✓

[3] Logit spread over label tokens (first batch)
  'APPROPRIATE': mean=23.250  std=1.094  min=22.500  max=24.875
  'INAPPROPRIATE': mean=11.578  std=1.463  min=9.562  max=13.062
  Max-min spread per sample: mean=11.672  min=10.750  max=13.312
  (Spread near 0 → model not differentiating labels; large spread → confident predictions)

[4] Prediction vs. true label distribution
  Label                            True %   Pred %
  ------------------------------ -------- --------
  APPROPRIATE                       95.0%   100.0% ← collapsed?
  INAPPROPRIATE                      5.0%     0.0%

[Classification report — Epoch 26]
               precision    recall  f1-score   support

  APPROPRIATE       0.95      1.00      0.97        38
INAPPROPRIATE       0.00      0.00      0.00         2

     accuracy                           0.95        40
    macro avg       0.47      0.50      0.49        40
 weighted avg       0.90      0.95      0.93        40

------------------------------------------------------------

Epoch 27/50:   0%|          | 0/40 [00:00<?, ?it/s]
Epoch 27/50:   2%|▎         | 1/40 [00:01<01:16,  1.96s/it]
Epoch 27/50:   5%|▌         | 2/40 [00:03<01:12,  1.89s/it]
Epoch 27/50:   8%|▊         | 3/40 [00:05<01:14,  2.01s/it]
Epoch 27/50:  10%|█         | 4/40 [00:07<01:08,  1.91s/it]
Epoch 27/50:  12%|█▎        | 5/40 [00:09<01:07,  1.93s/it]
Epoch 27/50:  15%|█▌        | 6/40 [00:11<01:06,  1.96s/it]
Epoch 27/50:  18%|█▊        | 7/40 [00:13<01:01,  1.86s/it]
Epoch 27/50:  20%|██        | 8/40 [00:15<00:58,  1.82s/it]
Epoch 27/50:  22%|██▎       | 9/40 [00:17<01:01,  1.98s/it]
Epoch 27/50:  25%|██▌       | 10/40 [00:19<00:59,  2.00s/it]
Epoch 27/50:  28%|██▊       | 11/40 [00:21<00:59,  2.06s/it]
Epoch 27/50:  30%|███       | 12/40 [00:23<00:57,  2.06s/it]
Epoch 27/50:  32%|███▎      | 13/40 [00:25<00:55,  2.05s/it]
Epoch 27/50:  35%|███▌      | 14/40 [00:27<00:49,  1.91s/it]
Epoch 27/50:  38%|███▊      | 15/40 [00:28<00:45,  1.84s/it]
Epoch 27/50:  40%|████      | 16/40 [00:30<00:42,  1.79s/it]
Epoch 27/50:  42%|████▎     | 17/40 [00:32<00:41,  1.81s/it]
Epoch 27/50:  45%|████▌     | 18/40 [00:34<00:40,  1.85s/it]
Epoch 27/50:  48%|████▊     | 19/40 [00:35<00:36,  1.74s/it]
Epoch 27/50:  50%|█████     | 20/40 [00:37<00:36,  1.83s/it]
Epoch 27/50:  52%|█████▎    | 21/40 [00:39<00:34,  1.80s/it]
Epoch 27/50:  55%|█████▌    | 22/40 [00:41<00:33,  1.85s/it]
Epoch 27/50:  57%|█████▊    | 23/40 [00:43<00:31,  1.85s/it]
Epoch 27/50:  60%|██████    | 24/40 [00:45<00:30,  1.94s/it]
Epoch 27/50:  62%|██████▎   | 25/40 [00:47<00:28,  1.91s/it]
Epoch 27/50:  65%|██████▌   | 26/40 [00:49<00:26,  1.86s/it]
Epoch 27/50:  68%|██████▊   | 27/40 [00:51<00:25,  1.95s/it]
Epoch 27/50:  70%|███████   | 28/40 [00:53<00:22,  1.89s/it]
Epoch 27/50:  72%|███████▎  | 29/40 [00:54<00:20,  1.85s/it]
Epoch 27/50:  75%|███████▌  | 30/40 [00:57<00:19,  1.95s/it]
Epoch 27/50:  78%|███████▊  | 31/40 [00:58<00:17,  1.93s/it]
Epoch 27/50:  80%|████████  | 32/40 [01:01<00:15,  1.96s/it]
Epoch 27/50:  82%|████████▎ | 33/40 [01:02<00:13,  1.93s/it]
Epoch 27/50:  85%|████████▌ | 34/40 [01:04<00:11,  1.87s/it]
Epoch 27/50:  88%|████████▊ | 35/40 [01:06<00:09,  1.90s/it]
Epoch 27/50:  90%|█████████ | 36/40 [01:08<00:07,  1.89s/it]
Epoch 27/50:  92%|█████████▎| 37/40 [01:10<00:05,  1.83s/it]
Epoch 27/50:  95%|█████████▌| 38/40 [01:11<00:03,  1.84s/it]
Epoch 27/50:  98%|█████████▊| 39/40 [01:13<00:01,  1.87s/it]
Epoch 27/50: 100%|██████████| 40/40 [01:15<00:00,  1.77s/it]
Epoch 27/50: 100%|██████████| 40/40 [01:15<00:00,  1.89s/it]

Epoch 27 — avg train loss: 0.1722

[Train classification report — Epoch 27]
               precision    recall  f1-score   support

  APPROPRIATE       0.96      1.00      0.98       152
INAPPROPRIATE       0.00      0.00      0.00         7

     accuracy                           0.96       159
    macro avg       0.48      0.50      0.49       159
 weighted avg       0.91      0.96      0.93       159


------------------------------------------------------------
DIAGNOSTIC — Epoch 27 | Task: appropriate_vocabulary_usage
------------------------------------------------------------

[1] Label token ID check
  'APPROPRIATE' → token_id=128256 → decoded='APPROPRIATE'
  'INAPPROPRIATE' → token_id=128257 → decoded='INAPPROPRIATE'
  ✓ All label token IDs are unique.

[2] Last-token identity (first 3 val samples)

Diag-val epoch 27:   0%|          | 0/10 [00:00<?, ?it/s]
Diag-val epoch 27:  10%|█         | 1/10 [00:00<00:03,  2.26it/s]
Diag-val epoch 27:  20%|██        | 2/10 [00:00<00:03,  2.34it/s]
Diag-val epoch 27:  30%|███       | 3/10 [00:01<00:03,  2.12it/s]
Diag-val epoch 27:  40%|████      | 4/10 [00:01<00:02,  2.04it/s]
Diag-val epoch 27:  50%|█████     | 5/10 [00:02<00:02,  2.03it/s]
Diag-val epoch 27:  60%|██████    | 6/10 [00:02<00:01,  2.09it/s]
Diag-val epoch 27:  70%|███████   | 7/10 [00:03<00:01,  2.06it/s]
Diag-val epoch 27:  80%|████████  | 8/10 [00:03<00:00,  2.02it/s]
Diag-val epoch 27:  90%|█████████ | 9/10 [00:04<00:00,  2.08it/s]
Diag-val epoch 27: 100%|██████████| 10/10 [00:04<00:00,  2.05it/s]
Diag-val epoch 27: 100%|██████████| 10/10 [00:04<00:00,  2.08it/s]
  Sample 0: last real token=':' (id=25) ✓ | position[-1] token=':' (id=25) ✓
  Sample 1: last real token=':' (id=25) ✓ | position[-1] token=':' (id=25) ✓
  Sample 2: last real token=':' (id=25) ✓ | position[-1] token=':' (id=25) ✓

[3] Logit spread over label tokens (first batch)
  'APPROPRIATE': mean=23.719  std=1.106  min=22.625  max=25.250
  'INAPPROPRIATE': mean=12.062  std=1.499  min=9.875  max=13.125
  Max-min spread per sample: mean=11.656  min=9.688  max=13.750
  (Spread near 0 → model not differentiating labels; large spread → confident predictions)

[4] Prediction vs. true label distribution
  Label                            True %   Pred %
  ------------------------------ -------- --------
  APPROPRIATE                       95.0%   100.0% ← collapsed?
  INAPPROPRIATE                      5.0%     0.0%

[Classification report — Epoch 27]
               precision    recall  f1-score   support

  APPROPRIATE       0.95      1.00      0.97        38
INAPPROPRIATE       0.00      0.00      0.00         2

     accuracy                           0.95        40
    macro avg       0.47      0.50      0.49        40
 weighted avg       0.90      0.95      0.93        40

------------------------------------------------------------

Epoch 28/50:   0%|          | 0/40 [00:00<?, ?it/s]
Epoch 28/50:   2%|▎         | 1/40 [00:01<01:05,  1.67s/it]
Epoch 28/50:   5%|▌         | 2/40 [00:03<01:05,  1.72s/it]
Epoch 28/50:   8%|▊         | 3/40 [00:05<01:05,  1.78s/it]
Epoch 28/50:  10%|█         | 4/40 [00:07<01:06,  1.85s/it]
Epoch 28/50:  12%|█▎        | 5/40 [00:09<01:06,  1.89s/it]
Epoch 28/50:  15%|█▌        | 6/40 [00:11<01:04,  1.88s/it]
Epoch 28/50:  18%|█▊        | 7/40 [00:13<01:05,  1.97s/it]
Epoch 28/50:  20%|██        | 8/40 [00:15<01:02,  1.97s/it]
Epoch 28/50:  22%|██▎       | 9/40 [00:17<01:01,  1.99s/it]
Epoch 28/50:  25%|██▌       | 10/40 [00:19<01:00,  2.00s/it]
Epoch 28/50:  28%|██▊       | 11/40 [00:21<00:59,  2.05s/it]
Epoch 28/50:  30%|███       | 12/40 [00:23<00:54,  1.96s/it]
Epoch 28/50:  32%|███▎      | 13/40 [00:25<00:52,  1.95s/it]
Epoch 28/50:  35%|███▌      | 14/40 [00:26<00:49,  1.89s/it]
Epoch 28/50:  38%|███▊      | 15/40 [00:28<00:47,  1.91s/it]
Epoch 28/50:  40%|████      | 16/40 [00:30<00:46,  1.92s/it]
Epoch 28/50:  42%|████▎     | 17/40 [00:32<00:43,  1.90s/it]
Epoch 28/50:  45%|████▌     | 18/40 [00:34<00:43,  2.00s/it]
Epoch 28/50:  48%|████▊     | 19/40 [00:36<00:41,  1.95s/it]
Epoch 28/50:  50%|█████     | 20/40 [00:38<00:39,  1.98s/it]
Epoch 28/50:  52%|█████▎    | 21/40 [00:40<00:37,  1.99s/it]
Epoch 28/50:  55%|█████▌    | 22/40 [00:42<00:34,  1.90s/it]
Epoch 28/50:  57%|█████▊    | 23/40 [00:44<00:31,  1.85s/it]
Epoch 28/50:  60%|██████    | 24/40 [00:46<00:30,  1.91s/it]
Epoch 28/50:  62%|██████▎   | 25/40 [00:48<00:28,  1.89s/it]
Epoch 28/50:  65%|██████▌   | 26/40 [00:49<00:25,  1.85s/it]
Epoch 28/50:  68%|██████▊   | 27/40 [00:51<00:23,  1.78s/it]
Epoch 28/50:  70%|███████   | 28/40 [00:53<00:20,  1.74s/it]
Epoch 28/50:  72%|███████▎  | 29/40 [00:54<00:19,  1.78s/it]
Epoch 28/50:  75%|███████▌  | 30/40 [00:56<00:18,  1.80s/it]
Epoch 28/50:  78%|███████▊  | 31/40 [00:58<00:16,  1.87s/it]
Epoch 28/50:  80%|████████  | 32/40 [01:00<00:14,  1.87s/it]
Epoch 28/50:  82%|████████▎ | 33/40 [01:02<00:12,  1.78s/it]
Epoch 28/50:  85%|████████▌ | 34/40 [01:04<00:10,  1.77s/it]
Epoch 28/50:  88%|████████▊ | 35/40 [01:06<00:09,  1.94s/it]
Epoch 28/50:  90%|█████████ | 36/40 [01:08<00:07,  1.97s/it]
Epoch 28/50:  92%|█████████▎| 37/40 [01:10<00:05,  1.93s/it]
Epoch 28/50:  95%|█████████▌| 38/40 [01:12<00:03,  1.91s/it]
Epoch 28/50:  98%|█████████▊| 39/40 [01:13<00:01,  1.90s/it]
Epoch 28/50: 100%|██████████| 40/40 [01:15<00:00,  1.78s/it]
Epoch 28/50: 100%|██████████| 40/40 [01:15<00:00,  1.89s/it]

Epoch 28 — avg train loss: 0.0566

[Train classification report — Epoch 28]
               precision    recall  f1-score   support

  APPROPRIATE       0.96      1.00      0.98       152
INAPPROPRIATE       0.00      0.00      0.00         7

     accuracy                           0.96       159
    macro avg       0.48      0.50      0.49       159
 weighted avg       0.91      0.96      0.93       159


------------------------------------------------------------
DIAGNOSTIC — Epoch 28 | Task: appropriate_vocabulary_usage
------------------------------------------------------------

[1] Label token ID check
  'APPROPRIATE' → token_id=128256 → decoded='APPROPRIATE'
  'INAPPROPRIATE' → token_id=128257 → decoded='INAPPROPRIATE'
  ✓ All label token IDs are unique.

[2] Last-token identity (first 3 val samples)

Diag-val epoch 28:   0%|          | 0/10 [00:00<?, ?it/s]
Diag-val epoch 28:  10%|█         | 1/10 [00:00<00:03,  2.26it/s]
Diag-val epoch 28:  20%|██        | 2/10 [00:00<00:03,  2.33it/s]
Diag-val epoch 28:  30%|███       | 3/10 [00:01<00:03,  2.13it/s]
Diag-val epoch 28:  40%|████      | 4/10 [00:01<00:02,  2.05it/s]
Diag-val epoch 28:  50%|█████     | 5/10 [00:02<00:02,  2.03it/s]
Diag-val epoch 28:  60%|██████    | 6/10 [00:02<00:01,  2.09it/s]
Diag-val epoch 28:  70%|███████   | 7/10 [00:03<00:01,  2.06it/s]
Diag-val epoch 28:  80%|████████  | 8/10 [00:03<00:00,  2.02it/s]
Diag-val epoch 28:  90%|█████████ | 9/10 [00:04<00:00,  2.08it/s]
Diag-val epoch 28: 100%|██████████| 10/10 [00:04<00:00,  2.06it/s]
Diag-val epoch 28: 100%|██████████| 10/10 [00:04<00:00,  2.08it/s]
  Sample 0: last real token=':' (id=25) ✓ | position[-1] token=':' (id=25) ✓
  Sample 1: last real token=':' (id=25) ✓ | position[-1] token=':' (id=25) ✓
  Sample 2: last real token=':' (id=25) ✓ | position[-1] token=':' (id=25) ✓

[3] Logit spread over label tokens (first batch)
  'APPROPRIATE': mean=23.312  std=1.063  min=22.500  max=24.875
  'INAPPROPRIATE': mean=11.969  std=1.507  min=9.812  max=13.312
  Max-min spread per sample: mean=11.344  min=10.250  max=13.188
  (Spread near 0 → model not differentiating labels; large spread → confident predictions)

[4] Prediction vs. true label distribution
  Label                            True %   Pred %
  ------------------------------ -------- --------
  APPROPRIATE                       95.0%   100.0% ← collapsed?
  INAPPROPRIATE                      5.0%     0.0%

[Classification report — Epoch 28]
               precision    recall  f1-score   support

  APPROPRIATE       0.95      1.00      0.97        38
INAPPROPRIATE       0.00      0.00      0.00         2

     accuracy                           0.95        40
    macro avg       0.47      0.50      0.49        40
 weighted avg       0.90      0.95      0.93        40

------------------------------------------------------------

Epoch 29/50:   0%|          | 0/40 [00:00<?, ?it/s]
Epoch 29/50:   2%|▎         | 1/40 [00:01<01:06,  1.69s/it]
Epoch 29/50:   5%|▌         | 2/40 [00:03<01:05,  1.73s/it]
Epoch 29/50:   8%|▊         | 3/40 [00:05<01:12,  1.95s/it]
Epoch 29/50:  10%|█         | 4/40 [00:07<01:13,  2.03s/it]
Epoch 29/50:  12%|█▎        | 5/40 [00:09<01:08,  1.97s/it]
Epoch 29/50:  15%|█▌        | 6/40 [00:11<01:06,  1.96s/it]
Epoch 29/50:  18%|█▊        | 7/40 [00:13<01:01,  1.86s/it]
Epoch 29/50:  20%|██        | 8/40 [00:15<00:59,  1.87s/it]
Epoch 29/50:  22%|██▎       | 9/40 [00:16<00:56,  1.83s/it]
Epoch 29/50:  25%|██▌       | 10/40 [00:18<00:56,  1.87s/it]
Epoch 29/50:  28%|██▊       | 11/40 [00:20<00:54,  1.86s/it]
Epoch 29/50:  30%|███       | 12/40 [00:22<00:52,  1.86s/it]
Epoch 29/50:  32%|███▎      | 13/40 [00:24<00:50,  1.86s/it]
Epoch 29/50:  35%|███▌      | 14/40 [00:26<00:48,  1.86s/it]
Epoch 29/50:  38%|███▊      | 15/40 [00:28<00:47,  1.89s/it]
Epoch 29/50:  40%|████      | 16/40 [00:30<00:48,  2.02s/it]
Epoch 29/50:  42%|████▎     | 17/40 [00:32<00:46,  2.00s/it]
Epoch 29/50:  45%|████▌     | 18/40 [00:34<00:44,  2.01s/it]
Epoch 29/50:  48%|████▊     | 19/40 [00:36<00:40,  1.93s/it]
Epoch 29/50:  50%|█████     | 20/40 [00:38<00:38,  1.91s/it]
Epoch 29/50:  52%|█████▎    | 21/40 [00:40<00:36,  1.90s/it]
Epoch 29/50:  55%|█████▌    | 22/40 [00:41<00:33,  1.83s/it]
Epoch 29/50:  57%|█████▊    | 23/40 [00:43<00:31,  1.84s/it]
Epoch 29/50:  60%|██████    | 24/40 [00:45<00:31,  1.95s/it]
Epoch 29/50:  62%|██████▎   | 25/40 [00:47<00:29,  1.96s/it]
Epoch 29/50:  65%|██████▌   | 26/40 [00:49<00:27,  1.98s/it]
Epoch 29/50:  68%|██████▊   | 27/40 [00:51<00:24,  1.91s/it]
Epoch 29/50:  70%|███████   | 28/40 [00:53<00:22,  1.89s/it]
Epoch 29/50:  72%|███████▎  | 29/40 [00:55<00:21,  1.91s/it]
Epoch 29/50:  75%|███████▌  | 30/40 [00:57<00:19,  1.94s/it]
Epoch 29/50:  78%|███████▊  | 31/40 [00:59<00:16,  1.87s/it]
Epoch 29/50:  80%|████████  | 32/40 [01:01<00:15,  1.92s/it]
Epoch 29/50:  82%|████████▎ | 33/40 [01:02<00:13,  1.87s/it]
Epoch 29/50:  85%|████████▌ | 34/40 [01:04<00:11,  1.95s/it]
Epoch 29/50:  88%|████████▊ | 35/40 [01:06<00:09,  1.89s/it]
Epoch 29/50:  90%|█████████ | 36/40 [01:08<00:07,  1.93s/it]
Epoch 29/50:  92%|█████████▎| 37/40 [01:10<00:05,  1.88s/it]
Epoch 29/50:  95%|█████████▌| 38/40 [01:12<00:03,  1.92s/it]
Epoch 29/50:  98%|█████████▊| 39/40 [01:14<00:01,  1.93s/it]
Epoch 29/50: 100%|██████████| 40/40 [01:15<00:00,  1.77s/it]
Epoch 29/50: 100%|██████████| 40/40 [01:15<00:00,  1.90s/it]

Epoch 29 — avg train loss: 0.0654

[Train classification report — Epoch 29]
               precision    recall  f1-score   support

  APPROPRIATE       0.96      1.00      0.98       152
INAPPROPRIATE       0.00      0.00      0.00         7

     accuracy                           0.96       159
    macro avg       0.48      0.50      0.49       159
 weighted avg       0.91      0.96      0.93       159


------------------------------------------------------------
DIAGNOSTIC — Epoch 29 | Task: appropriate_vocabulary_usage
------------------------------------------------------------

[1] Label token ID check
  'APPROPRIATE' → token_id=128256 → decoded='APPROPRIATE'
  'INAPPROPRIATE' → token_id=128257 → decoded='INAPPROPRIATE'
  ✓ All label token IDs are unique.

[2] Last-token identity (first 3 val samples)

Diag-val epoch 29:   0%|          | 0/10 [00:00<?, ?it/s]
Diag-val epoch 29:  10%|█         | 1/10 [00:00<00:03,  2.26it/s]
Diag-val epoch 29:  20%|██        | 2/10 [00:00<00:03,  2.33it/s]
Diag-val epoch 29:  30%|███       | 3/10 [00:01<00:03,  2.12it/s]
Diag-val epoch 29:  40%|████      | 4/10 [00:01<00:02,  2.04it/s]
Diag-val epoch 29:  50%|█████     | 5/10 [00:02<00:02,  2.03it/s]
Diag-val epoch 29:  60%|██████    | 6/10 [00:02<00:01,  2.09it/s]
Diag-val epoch 29:  70%|███████   | 7/10 [00:03<00:01,  2.06it/s]
Diag-val epoch 29:  80%|████████  | 8/10 [00:03<00:00,  2.02it/s]
Diag-val epoch 29:  90%|█████████ | 9/10 [00:04<00:00,  2.08it/s]
Diag-val epoch 29: 100%|██████████| 10/10 [00:04<00:00,  2.06it/s]
Diag-val epoch 29: 100%|██████████| 10/10 [00:04<00:00,  2.08it/s]
  Sample 0: last real token=':' (id=25) ✓ | position[-1] token=':' (id=25) ✓
  Sample 1: last real token=':' (id=25) ✓ | position[-1] token=':' (id=25) ✓
  Sample 2: last real token=':' (id=25) ✓ | position[-1] token=':' (id=25) ✓

[3] Logit spread over label tokens (first batch)
  'APPROPRIATE': mean=23.531  std=1.007  min=22.875  max=25.000
  'INAPPROPRIATE': mean=12.203  std=1.573  min=9.938  max=13.438
  Max-min spread per sample: mean=11.328  min=9.812  max=13.438
  (Spread near 0 → model not differentiating labels; large spread → confident predictions)

[4] Prediction vs. true label distribution
  Label                            True %   Pred %
  ------------------------------ -------- --------
  APPROPRIATE                       95.0%   100.0% ← collapsed?
  INAPPROPRIATE                      5.0%     0.0%

[Classification report — Epoch 29]
               precision    recall  f1-score   support

  APPROPRIATE       0.95      1.00      0.97        38
INAPPROPRIATE       0.00      0.00      0.00         2

     accuracy                           0.95        40
    macro avg       0.47      0.50      0.49        40
 weighted avg       0.90      0.95      0.93        40

------------------------------------------------------------

Epoch 30/50:   0%|          | 0/40 [00:00<?, ?it/s]
Epoch 30/50:   2%|▎         | 1/40 [00:01<01:08,  1.76s/it]
Epoch 30/50:   5%|▌         | 2/40 [00:03<01:12,  1.92s/it]
Epoch 30/50:   8%|▊         | 3/40 [00:06<01:16,  2.06s/it]
Epoch 30/50:  10%|█         | 4/40 [00:07<01:09,  1.93s/it]
Epoch 30/50:  12%|█▎        | 5/40 [00:09<01:07,  1.94s/it]
Epoch 30/50:  15%|█▌        | 6/40 [00:11<01:06,  1.94s/it]
Epoch 30/50:  18%|█▊        | 7/40 [00:13<01:03,  1.92s/it]
Epoch 30/50:  20%|██        | 8/40 [00:15<01:02,  1.96s/it]
Epoch 30/50:  22%|██▎       | 9/40 [00:17<01:00,  1.96s/it]
Epoch 30/50:  25%|██▌       | 10/40 [00:19<00:58,  1.96s/it]
Epoch 30/50:  28%|██▊       | 11/40 [00:21<00:56,  1.96s/it]
Epoch 30/50:  30%|███       | 12/40 [00:23<00:54,  1.96s/it]
Epoch 30/50:  32%|███▎      | 13/40 [00:25<00:50,  1.87s/it]
Epoch 30/50:  35%|███▌      | 14/40 [00:26<00:47,  1.83s/it]
Epoch 30/50:  38%|███▊      | 15/40 [00:28<00:46,  1.87s/it]
Epoch 30/50:  40%|████      | 16/40 [00:30<00:44,  1.86s/it]
Epoch 30/50:  42%|████▎     | 17/40 [00:32<00:44,  1.95s/it]
Epoch 30/50:  45%|████▌     | 18/40 [00:34<00:41,  1.89s/it]
Epoch 30/50:  48%|████▊     | 19/40 [00:36<00:37,  1.80s/it]
Epoch 30/50:  50%|█████     | 20/40 [00:38<00:37,  1.87s/it]
Epoch 30/50:  52%|█████▎    | 21/40 [00:40<00:36,  1.92s/it]
Epoch 30/50:  55%|█████▌    | 22/40 [00:42<00:34,  1.90s/it]
Epoch 30/50:  57%|█████▊    | 23/40 [00:43<00:32,  1.89s/it]
Epoch 30/50:  60%|██████    | 24/40 [00:46<00:31,  1.97s/it]
Epoch 30/50:  62%|██████▎   | 25/40 [00:47<00:28,  1.88s/it]
Epoch 30/50:  65%|██████▌   | 26/40 [00:49<00:25,  1.82s/it]
Epoch 30/50:  68%|██████▊   | 27/40 [00:51<00:24,  1.88s/it]
Epoch 30/50:  70%|███████   | 28/40 [00:53<00:23,  1.98s/it]
Epoch 30/50:  72%|███████▎  | 29/40 [00:55<00:20,  1.91s/it]
Epoch 30/50:  75%|███████▌  | 30/40 [00:57<00:19,  1.93s/it]
Epoch 30/50:  78%|███████▊  | 31/40 [00:59<00:17,  1.95s/it]
Epoch 30/50:  80%|████████  | 32/40 [01:01<00:16,  2.06s/it]
Epoch 30/50:  82%|████████▎ | 33/40 [01:03<00:14,  2.00s/it]
Epoch 30/50:  85%|████████▌ | 34/40 [01:05<00:12,  2.01s/it]
Epoch 30/50:  88%|████████▊ | 35/40 [01:07<00:09,  1.99s/it]
Epoch 30/50:  90%|█████████ | 36/40 [01:09<00:07,  1.94s/it]
Epoch 30/50:  92%|█████████▎| 37/40 [01:11<00:05,  1.92s/it]
Epoch 30/50:  95%|█████████▌| 38/40 [01:12<00:03,  1.84s/it]
Epoch 30/50:  98%|█████████▊| 39/40 [01:14<00:01,  1.88s/it]
Epoch 30/50: 100%|██████████| 40/40 [01:16<00:00,  1.76s/it]
Epoch 30/50: 100%|██████████| 40/40 [01:16<00:00,  1.91s/it]

Epoch 30 — avg train loss: 0.0552

[Train classification report — Epoch 30]
               precision    recall  f1-score   support

  APPROPRIATE       0.96      1.00      0.98       152
INAPPROPRIATE       0.00      0.00      0.00         7

     accuracy                           0.96       159
    macro avg       0.48      0.50      0.49       159
 weighted avg       0.91      0.96      0.93       159


------------------------------------------------------------
DIAGNOSTIC — Epoch 30 | Task: appropriate_vocabulary_usage
------------------------------------------------------------

[1] Label token ID check
  'APPROPRIATE' → token_id=128256 → decoded='APPROPRIATE'
  'INAPPROPRIATE' → token_id=128257 → decoded='INAPPROPRIATE'
  ✓ All label token IDs are unique.

[2] Last-token identity (first 3 val samples)

Diag-val epoch 30:   0%|          | 0/10 [00:00<?, ?it/s]
Diag-val epoch 30:  10%|█         | 1/10 [00:00<00:03,  2.26it/s]
Diag-val epoch 30:  20%|██        | 2/10 [00:00<00:03,  2.33it/s]
Diag-val epoch 30:  30%|███       | 3/10 [00:01<00:03,  2.13it/s]
Diag-val epoch 30:  40%|████      | 4/10 [00:01<00:02,  2.05it/s]
Diag-val epoch 30:  50%|█████     | 5/10 [00:02<00:02,  2.03it/s]
Diag-val epoch 30:  60%|██████    | 6/10 [00:02<00:01,  2.09it/s]
Diag-val epoch 30:  70%|███████   | 7/10 [00:03<00:01,  2.06it/s]
Diag-val epoch 30:  80%|████████  | 8/10 [00:03<00:00,  2.02it/s]
Diag-val epoch 30:  90%|█████████ | 9/10 [00:04<00:00,  2.08it/s]
Diag-val epoch 30: 100%|██████████| 10/10 [00:04<00:00,  2.06it/s]
Diag-val epoch 30: 100%|██████████| 10/10 [00:04<00:00,  2.08it/s]
  Sample 0: last real token=':' (id=25) ✓ | position[-1] token=':' (id=25) ✓
  Sample 1: last real token=':' (id=25) ✓ | position[-1] token=':' (id=25) ✓
  Sample 2: last real token=':' (id=25) ✓ | position[-1] token=':' (id=25) ✓

[3] Logit spread over label tokens (first batch)
  'APPROPRIATE': mean=23.500  std=1.016  min=22.875  max=25.000
  'INAPPROPRIATE': mean=11.906  std=1.528  min=9.688  max=13.125
  Max-min spread per sample: mean=11.594  min=10.250  max=13.562
  (Spread near 0 → model not differentiating labels; large spread → confident predictions)

[4] Prediction vs. true label distribution
  Label                            True %   Pred %
  ------------------------------ -------- --------
  APPROPRIATE                       95.0%   100.0% ← collapsed?
  INAPPROPRIATE                      5.0%     0.0%

[Classification report — Epoch 30]
               precision    recall  f1-score   support

  APPROPRIATE       0.95      1.00      0.97        38
INAPPROPRIATE       0.00      0.00      0.00         2

     accuracy                           0.95        40
    macro avg       0.47      0.50      0.49        40
 weighted avg       0.90      0.95      0.93        40

------------------------------------------------------------

Epoch 31/50:   0%|          | 0/40 [00:00<?, ?it/s]
Epoch 31/50:   2%|▎         | 1/40 [00:01<01:08,  1.75s/it]
Epoch 31/50:   5%|▌         | 2/40 [00:03<01:10,  1.86s/it]
Epoch 31/50:   8%|▊         | 3/40 [00:05<01:10,  1.91s/it]
Epoch 31/50:  10%|█         | 4/40 [00:07<01:10,  1.96s/it]
Epoch 31/50:  12%|█▎        | 5/40 [00:09<01:09,  1.98s/it]
Epoch 31/50:  15%|█▌        | 6/40 [00:11<01:08,  2.00s/it]
Epoch 31/50:  18%|█▊        | 7/40 [00:13<01:03,  1.91s/it]
Epoch 31/50:  20%|██        | 8/40 [00:15<01:01,  1.92s/it]
Epoch 31/50:  22%|██▎       | 9/40 [00:17<01:00,  1.94s/it]
Epoch 31/50:  25%|██▌       | 10/40 [00:18<00:54,  1.83s/it]
Epoch 31/50:  28%|██▊       | 11/40 [00:20<00:54,  1.86s/it]
Epoch 31/50:  30%|███       | 12/40 [00:22<00:52,  1.86s/it]
Epoch 31/50:  32%|███▎      | 13/40 [00:24<00:49,  1.83s/it]
Epoch 31/50:  35%|███▌      | 14/40 [00:26<00:46,  1.81s/it]
Epoch 31/50:  38%|███▊      | 15/40 [00:28<00:45,  1.83s/it]
Epoch 31/50:  40%|████      | 16/40 [00:30<00:44,  1.87s/it]
Epoch 31/50:  42%|████▎     | 17/40 [00:31<00:42,  1.87s/it]
Epoch 31/50:  45%|████▌     | 18/40 [00:34<00:43,  1.97s/it]
Epoch 31/50:  48%|████▊     | 19/40 [00:36<00:40,  1.94s/it]
Epoch 31/50:  50%|█████     | 20/40 [00:38<00:40,  2.01s/it]
Epoch 31/50:  52%|█████▎    | 21/40 [00:40<00:37,  1.99s/it]
Epoch 31/50:  55%|█████▌    | 22/40 [00:41<00:34,  1.91s/it]
Epoch 31/50:  57%|█████▊    | 23/40 [00:43<00:32,  1.90s/it]
Epoch 31/50:  60%|██████    | 24/40 [00:45<00:30,  1.89s/it]
Epoch 31/50:  62%|██████▎   | 25/40 [00:47<00:27,  1.84s/it]
Epoch 31/50:  65%|██████▌   | 26/40 [00:49<00:26,  1.90s/it]
Epoch 31/50:  68%|██████▊   | 27/40 [00:51<00:24,  1.89s/it]
Epoch 31/50:  70%|███████   | 28/40 [00:53<00:22,  1.88s/it]
Epoch 31/50:  72%|███████▎  | 29/40 [00:55<00:20,  1.87s/it]
Epoch 31/50:  75%|███████▌  | 30/40 [00:56<00:18,  1.83s/it]
Epoch 31/50:  78%|███████▊  | 31/40 [00:58<00:15,  1.76s/it]
Epoch 31/50:  80%|████████  | 32/40 [01:00<00:14,  1.79s/it]
Epoch 31/50:  82%|████████▎ | 33/40 [01:02<00:13,  1.90s/it]
Epoch 31/50:  85%|████████▌ | 34/40 [01:04<00:11,  1.94s/it]
Epoch 31/50:  88%|████████▊ | 35/40 [01:06<00:09,  1.94s/it]
Epoch 31/50:  90%|█████████ | 36/40 [01:07<00:07,  1.86s/it]
Epoch 31/50:  92%|█████████▎| 37/40 [01:10<00:05,  2.00s/it]
Epoch 31/50:  95%|█████████▌| 38/40 [01:12<00:04,  2.01s/it]
Epoch 31/50:  98%|█████████▊| 39/40 [01:14<00:02,  2.05s/it]
Epoch 31/50: 100%|██████████| 40/40 [01:15<00:00,  1.79s/it]
Epoch 31/50: 100%|██████████| 40/40 [01:15<00:00,  1.89s/it]

Epoch 31 — avg train loss: 0.0695

[Train classification report — Epoch 31]
               precision    recall  f1-score   support

  APPROPRIATE       0.96      1.00      0.98       152
INAPPROPRIATE       0.00      0.00      0.00         7

     accuracy                           0.96       159
    macro avg       0.48      0.50      0.49       159
 weighted avg       0.91      0.96      0.93       159


------------------------------------------------------------
DIAGNOSTIC — Epoch 31 | Task: appropriate_vocabulary_usage
------------------------------------------------------------

[1] Label token ID check
  'APPROPRIATE' → token_id=128256 → decoded='APPROPRIATE'
  'INAPPROPRIATE' → token_id=128257 → decoded='INAPPROPRIATE'
  ✓ All label token IDs are unique.

[2] Last-token identity (first 3 val samples)

Diag-val epoch 31:   0%|          | 0/10 [00:00<?, ?it/s]
Diag-val epoch 31:  10%|█         | 1/10 [00:00<00:03,  2.26it/s]
Diag-val epoch 31:  20%|██        | 2/10 [00:00<00:03,  2.34it/s]
Diag-val epoch 31:  30%|███       | 3/10 [00:01<00:03,  2.13it/s]
Diag-val epoch 31:  40%|████      | 4/10 [00:01<00:02,  2.05it/s]
Diag-val epoch 31:  50%|█████     | 5/10 [00:02<00:02,  2.03it/s]
Diag-val epoch 31:  60%|██████    | 6/10 [00:02<00:01,  2.09it/s]
Diag-val epoch 31:  70%|███████   | 7/10 [00:03<00:01,  2.06it/s]
Diag-val epoch 31:  80%|████████  | 8/10 [00:03<00:00,  2.02it/s]
Diag-val epoch 31:  90%|█████████ | 9/10 [00:04<00:00,  2.08it/s]
Diag-val epoch 31: 100%|██████████| 10/10 [00:04<00:00,  2.05it/s]
Diag-val epoch 31: 100%|██████████| 10/10 [00:04<00:00,  2.08it/s]
  Sample 0: last real token=':' (id=25) ✓ | position[-1] token=':' (id=25) ✓
  Sample 1: last real token=':' (id=25) ✓ | position[-1] token=':' (id=25) ✓
  Sample 2: last real token=':' (id=25) ✓ | position[-1] token=':' (id=25) ✓

[3] Logit spread over label tokens (first batch)
  'APPROPRIATE': mean=23.188  std=1.053  min=22.500  max=24.750
  'INAPPROPRIATE': mean=12.188  std=1.678  min=9.750  max=13.438
  Max-min spread per sample: mean=11.000  min=9.375  max=13.125
  (Spread near 0 → model not differentiating labels; large spread → confident predictions)

[4] Prediction vs. true label distribution
  Label                            True %   Pred %
  ------------------------------ -------- --------
  APPROPRIATE                       95.0%   100.0% ← collapsed?
  INAPPROPRIATE                      5.0%     0.0%

[Classification report — Epoch 31]
               precision    recall  f1-score   support

  APPROPRIATE       0.95      1.00      0.97        38
INAPPROPRIATE       0.00      0.00      0.00         2

     accuracy                           0.95        40
    macro avg       0.47      0.50      0.49        40
 weighted avg       0.90      0.95      0.93        40

------------------------------------------------------------

Epoch 32/50:   0%|          | 0/40 [00:00<?, ?it/s]
Epoch 32/50:   2%|▎         | 1/40 [00:01<01:13,  1.88s/it]
Epoch 32/50:   5%|▌         | 2/40 [00:03<01:10,  1.86s/it]
Epoch 32/50:   8%|▊         | 3/40 [00:05<01:08,  1.86s/it]
Epoch 32/50:  10%|█         | 4/40 [00:07<01:06,  1.86s/it]
Epoch 32/50:  12%|█▎        | 5/40 [00:09<01:06,  1.90s/it]
Epoch 32/50:  15%|█▌        | 6/40 [00:11<01:08,  2.00s/it]
Epoch 32/50:  18%|█▊        | 7/40 [00:13<01:06,  2.01s/it]
Epoch 32/50:  20%|██        | 8/40 [00:15<01:07,  2.11s/it]
Epoch 32/50:  22%|██▎       | 9/40 [00:17<01:02,  2.03s/it]
Epoch 32/50:  25%|██▌       | 10/40 [00:19<00:57,  1.92s/it]
Epoch 32/50:  28%|██▊       | 11/40 [00:21<00:54,  1.87s/it]
Epoch 32/50:  30%|███       | 12/40 [00:23<00:52,  1.86s/it]
Epoch 32/50:  32%|███▎      | 13/40 [00:25<00:51,  1.91s/it]
Epoch 32/50:  35%|███▌      | 14/40 [00:27<00:50,  1.95s/it]
Epoch 32/50:  38%|███▊      | 15/40 [00:29<00:48,  1.92s/it]
Epoch 32/50:  40%|████      | 16/40 [00:31<00:47,  1.99s/it]
Epoch 32/50:  42%|████▎     | 17/40 [00:33<00:44,  1.95s/it]
Epoch 32/50:  45%|████▌     | 18/40 [00:34<00:42,  1.95s/it]
Epoch 32/50:  48%|████▊     | 19/40 [00:36<00:40,  1.93s/it]
Epoch 32/50:  50%|█████     | 20/40 [00:38<00:38,  1.93s/it]
Epoch 32/50:  52%|█████▎    | 21/40 [00:40<00:36,  1.91s/it]
Epoch 32/50:  55%|█████▌    | 22/40 [00:42<00:34,  1.93s/it]
Epoch 32/50:  57%|█████▊    | 23/40 [00:44<00:33,  1.99s/it]
Epoch 32/50:  60%|██████    | 24/40 [00:46<00:30,  1.92s/it]
Epoch 32/50:  62%|██████▎   | 25/40 [00:48<00:28,  1.87s/it]
Epoch 32/50:  65%|██████▌   | 26/40 [00:50<00:27,  1.97s/it]
Epoch 32/50:  68%|██████▊   | 27/40 [00:51<00:23,  1.83s/it]
Epoch 32/50:  70%|███████   | 28/40 [00:53<00:22,  1.87s/it]
Epoch 32/50:  72%|███████▎  | 29/40 [00:55<00:20,  1.83s/it]
Epoch 32/50:  75%|███████▌  | 30/40 [00:57<00:18,  1.84s/it]
Epoch 32/50:  78%|███████▊  | 31/40 [00:59<00:16,  1.79s/it]
Epoch 32/50:  80%|████████  | 32/40 [01:01<00:14,  1.84s/it]
Epoch 32/50:  82%|████████▎ | 33/40 [01:03<00:13,  1.88s/it]
Epoch 32/50:  85%|████████▌ | 34/40 [01:05<00:11,  1.92s/it]
Epoch 32/50:  88%|████████▊ | 35/40 [01:07<00:09,  1.90s/it]
Epoch 32/50:  90%|█████████ | 36/40 [01:08<00:07,  1.92s/it]
Epoch 32/50:  92%|█████████▎| 37/40 [01:11<00:05,  1.99s/it]
Epoch 32/50:  95%|█████████▌| 38/40 [01:12<00:03,  1.91s/it]
Epoch 32/50:  98%|█████████▊| 39/40 [01:14<00:01,  1.92s/it]
Epoch 32/50: 100%|██████████| 40/40 [01:16<00:00,  1.81s/it]
Epoch 32/50: 100%|██████████| 40/40 [01:16<00:00,  1.91s/it]

Epoch 32 — avg train loss: 0.0388

[Train classification report — Epoch 32]
               precision    recall  f1-score   support

  APPROPRIATE       0.96      1.00      0.98       152
INAPPROPRIATE       0.00      0.00      0.00         7

     accuracy                           0.96       159
    macro avg       0.48      0.50      0.49       159
 weighted avg       0.91      0.96      0.93       159


------------------------------------------------------------
DIAGNOSTIC — Epoch 32 | Task: appropriate_vocabulary_usage
------------------------------------------------------------

[1] Label token ID check
  'APPROPRIATE' → token_id=128256 → decoded='APPROPRIATE'
  'INAPPROPRIATE' → token_id=128257 → decoded='INAPPROPRIATE'
  ✓ All label token IDs are unique.

[2] Last-token identity (first 3 val samples)

Diag-val epoch 32:   0%|          | 0/10 [00:00<?, ?it/s]
Diag-val epoch 32:  10%|█         | 1/10 [00:00<00:03,  2.26it/s]
Diag-val epoch 32:  20%|██        | 2/10 [00:00<00:03,  2.33it/s]
Diag-val epoch 32:  30%|███       | 3/10 [00:01<00:03,  2.13it/s]
Diag-val epoch 32:  40%|████      | 4/10 [00:01<00:02,  2.05it/s]
Diag-val epoch 32:  50%|█████     | 5/10 [00:02<00:02,  2.03it/s]
Diag-val epoch 32:  60%|██████    | 6/10 [00:02<00:01,  2.09it/s]
Diag-val epoch 32:  70%|███████   | 7/10 [00:03<00:01,  2.07it/s]
Diag-val epoch 32:  80%|████████  | 8/10 [00:03<00:00,  2.02it/s]
Diag-val epoch 32:  90%|█████████ | 9/10 [00:04<00:00,  2.08it/s]
Diag-val epoch 32: 100%|██████████| 10/10 [00:04<00:00,  2.05it/s]
Diag-val epoch 32: 100%|██████████| 10/10 [00:04<00:00,  2.08it/s]
  Sample 0: last real token=':' (id=25) ✓ | position[-1] token=':' (id=25) ✓
  Sample 1: last real token=':' (id=25) ✓ | position[-1] token=':' (id=25) ✓
  Sample 2: last real token=':' (id=25) ✓ | position[-1] token=':' (id=25) ✓

[3] Logit spread over label tokens (first batch)
  'APPROPRIATE': mean=23.344  std=0.943  min=22.750  max=24.750
  'INAPPROPRIATE': mean=12.016  std=1.577  min=9.688  max=13.125
  Max-min spread per sample: mean=11.328  min=10.062  max=13.312
  (Spread near 0 → model not differentiating labels; large spread → confident predictions)

[4] Prediction vs. true label distribution
  Label                            True %   Pred %
  ------------------------------ -------- --------
  APPROPRIATE                       95.0%   100.0% ← collapsed?
  INAPPROPRIATE                      5.0%     0.0%

[Classification report — Epoch 32]
               precision    recall  f1-score   support

  APPROPRIATE       0.95      1.00      0.97        38
INAPPROPRIATE       0.00      0.00      0.00         2

     accuracy                           0.95        40
    macro avg       0.47      0.50      0.49        40
 weighted avg       0.90      0.95      0.93        40

------------------------------------------------------------

Epoch 33/50:   0%|          | 0/40 [00:00<?, ?it/s]
Epoch 33/50:   2%|▎         | 1/40 [00:01<01:05,  1.68s/it]
Epoch 33/50:   5%|▌         | 2/40 [00:03<00:59,  1.56s/it]
Epoch 33/50:   8%|▊         | 3/40 [00:04<01:00,  1.65s/it]
Epoch 33/50:  10%|█         | 4/40 [00:06<01:04,  1.80s/it]
Epoch 33/50:  12%|█▎        | 5/40 [00:09<01:08,  1.95s/it]
Epoch 33/50:  15%|█▌        | 6/40 [00:11<01:06,  1.95s/it]
Epoch 33/50:  18%|█▊        | 7/40 [00:12<01:00,  1.84s/it]
Epoch 33/50:  20%|██        | 8/40 [00:14<01:00,  1.90s/it]
Epoch 33/50:  22%|██▎       | 9/40 [00:16<00:59,  1.92s/it]
Epoch 33/50:  25%|██▌       | 10/40 [00:18<00:57,  1.90s/it]
Epoch 33/50:  28%|██▊       | 11/40 [00:20<00:56,  1.94s/it]
Epoch 33/50:  30%|███       | 12/40 [00:22<00:52,  1.86s/it]
Epoch 33/50:  32%|███▎      | 13/40 [00:24<00:49,  1.82s/it]
Epoch 33/50:  35%|███▌      | 14/40 [00:25<00:47,  1.83s/it]
Epoch 33/50:  38%|███▊      | 15/40 [00:27<00:47,  1.89s/it]
Epoch 33/50:  40%|████      | 16/40 [00:29<00:45,  1.89s/it]
Epoch 33/50:  42%|████▎     | 17/40 [00:31<00:45,  1.98s/it]
Epoch 33/50:  45%|████▌     | 18/40 [00:33<00:43,  1.97s/it]
Epoch 33/50:  48%|████▊     | 19/40 [00:35<00:40,  1.94s/it]
Epoch 33/50:  50%|█████     | 20/40 [00:37<00:38,  1.91s/it]
Epoch 33/50:  52%|█████▎    | 21/40 [00:39<00:36,  1.92s/it]
Epoch 33/50:  55%|█████▌    | 22/40 [00:41<00:34,  1.90s/it]
Epoch 33/50:  57%|█████▊    | 23/40 [00:43<00:31,  1.84s/it]
Epoch 33/50:  60%|██████    | 24/40 [00:44<00:29,  1.85s/it]
Epoch 33/50:  62%|██████▎   | 25/40 [00:47<00:29,  1.94s/it]
Epoch 33/50:  65%|██████▌   | 26/40 [00:49<00:27,  1.94s/it]
Epoch 33/50:  68%|██████▊   | 27/40 [00:51<00:25,  1.95s/it]
Epoch 33/50:  70%|███████   | 28/40 [00:53<00:23,  1.95s/it]
Epoch 33/50:  72%|███████▎  | 29/40 [00:54<00:21,  1.92s/it]
Epoch 33/50:  75%|███████▌  | 30/40 [00:56<00:19,  1.90s/it]
Epoch 33/50:  78%|███████▊  | 31/40 [00:59<00:18,  2.03s/it]
Epoch 33/50:  80%|████████  | 32/40 [01:01<00:16,  2.01s/it]
Epoch 33/50:  82%|████████▎ | 33/40 [01:02<00:13,  1.96s/it]
Epoch 33/50:  85%|████████▌ | 34/40 [01:04<00:11,  1.93s/it]
Epoch 33/50:  88%|████████▊ | 35/40 [01:06<00:09,  2.00s/it]
Epoch 33/50:  90%|█████████ | 36/40 [01:08<00:07,  1.90s/it]
Epoch 33/50:  92%|█████████▎| 37/40 [01:10<00:05,  1.89s/it]
Epoch 33/50:  95%|█████████▌| 38/40 [01:12<00:03,  1.91s/it]
Epoch 33/50:  98%|█████████▊| 39/40 [01:14<00:01,  1.90s/it]
Epoch 33/50: 100%|██████████| 40/40 [01:15<00:00,  1.83s/it]
Epoch 33/50: 100%|██████████| 40/40 [01:15<00:00,  1.90s/it]

Epoch 33 — avg train loss: 0.0476

[Train classification report — Epoch 33]
               precision    recall  f1-score   support

  APPROPRIATE       0.96      1.00      0.98       152
INAPPROPRIATE       0.00      0.00      0.00         7

     accuracy                           0.96       159
    macro avg       0.48      0.50      0.49       159
 weighted avg       0.91      0.96      0.93       159


------------------------------------------------------------
DIAGNOSTIC — Epoch 33 | Task: appropriate_vocabulary_usage
------------------------------------------------------------

[1] Label token ID check
  'APPROPRIATE' → token_id=128256 → decoded='APPROPRIATE'
  'INAPPROPRIATE' → token_id=128257 → decoded='INAPPROPRIATE'
  ✓ All label token IDs are unique.

[2] Last-token identity (first 3 val samples)

Diag-val epoch 33:   0%|          | 0/10 [00:00<?, ?it/s]
Diag-val epoch 33:  10%|█         | 1/10 [00:00<00:03,  2.26it/s]
Diag-val epoch 33:  20%|██        | 2/10 [00:00<00:03,  2.33it/s]
Diag-val epoch 33:  30%|███       | 3/10 [00:01<00:03,  2.13it/s]
Diag-val epoch 33:  40%|████      | 4/10 [00:01<00:02,  2.05it/s]
Diag-val epoch 33:  50%|█████     | 5/10 [00:02<00:02,  2.03it/s]
Diag-val epoch 33:  60%|██████    | 6/10 [00:02<00:01,  2.09it/s]
Diag-val epoch 33:  70%|███████   | 7/10 [00:03<00:01,  2.06it/s]
Diag-val epoch 33:  80%|████████  | 8/10 [00:03<00:00,  2.02it/s]
Diag-val epoch 33:  90%|█████████ | 9/10 [00:04<00:00,  2.08it/s]
Diag-val epoch 33: 100%|██████████| 10/10 [00:04<00:00,  2.05it/s]
Diag-val epoch 33: 100%|██████████| 10/10 [00:04<00:00,  2.08it/s]
  Sample 0: last real token=':' (id=25) ✓ | position[-1] token=':' (id=25) ✓
  Sample 1: last real token=':' (id=25) ✓ | position[-1] token=':' (id=25) ✓
  Sample 2: last real token=':' (id=25) ✓ | position[-1] token=':' (id=25) ✓

[3] Logit spread over label tokens (first batch)
  'APPROPRIATE': mean=23.344  std=1.028  min=22.750  max=24.875
  'INAPPROPRIATE': mean=12.172  std=1.648  min=9.750  max=13.375
  Max-min spread per sample: mean=11.172  min=9.750  max=13.250
  (Spread near 0 → model not differentiating labels; large spread → confident predictions)

[4] Prediction vs. true label distribution
  Label                            True %   Pred %
  ------------------------------ -------- --------
  APPROPRIATE                       95.0%   100.0% ← collapsed?
  INAPPROPRIATE                      5.0%     0.0%

[Classification report — Epoch 33]
               precision    recall  f1-score   support

  APPROPRIATE       0.95      1.00      0.97        38
INAPPROPRIATE       0.00      0.00      0.00         2

     accuracy                           0.95        40
    macro avg       0.47      0.50      0.49        40
 weighted avg       0.90      0.95      0.93        40

------------------------------------------------------------

Epoch 34/50:   0%|          | 0/40 [00:00<?, ?it/s]
Epoch 34/50:   2%|▎         | 1/40 [00:02<01:19,  2.04s/it]
Epoch 34/50:   5%|▌         | 2/40 [00:03<01:10,  1.86s/it]
Epoch 34/50:   8%|▊         | 3/40 [00:05<01:10,  1.90s/it]
Epoch 34/50:  10%|█         | 4/40 [00:07<01:06,  1.84s/it]
Epoch 34/50:  12%|█▎        | 5/40 [00:09<01:02,  1.79s/it]
Epoch 34/50:  15%|█▌        | 6/40 [00:11<01:01,  1.81s/it]
Epoch 34/50:  18%|█▊        | 7/40 [00:12<00:58,  1.79s/it]
Epoch 34/50:  20%|██        | 8/40 [00:14<00:58,  1.84s/it]
Epoch 34/50:  22%|██▎       | 9/40 [00:16<00:59,  1.94s/it]
Epoch 34/50:  25%|██▌       | 10/40 [00:18<00:56,  1.88s/it]
Epoch 34/50:  28%|██▊       | 11/40 [00:20<00:55,  1.92s/it]
Epoch 34/50:  30%|███       | 12/40 [00:22<00:54,  1.95s/it]
Epoch 34/50:  32%|███▎      | 13/40 [00:24<00:51,  1.92s/it]
Epoch 34/50:  35%|███▌      | 14/40 [00:26<00:50,  1.95s/it]
Epoch 34/50:  38%|███▊      | 15/40 [00:28<00:46,  1.87s/it]
Epoch 34/50:  40%|████      | 16/40 [00:29<00:43,  1.83s/it]
Epoch 34/50:  42%|████▎     | 17/40 [00:31<00:42,  1.86s/it]
Epoch 34/50:  45%|████▌     | 18/40 [00:33<00:40,  1.86s/it]
Epoch 34/50:  48%|████▊     | 19/40 [00:35<00:37,  1.81s/it]
Epoch 34/50:  50%|█████     | 20/40 [00:37<00:37,  1.85s/it]
Epoch 34/50:  52%|█████▎    | 21/40 [00:39<00:34,  1.83s/it]
Epoch 34/50:  55%|█████▌    | 22/40 [00:41<00:33,  1.87s/it]
Epoch 34/50:  57%|█████▊    | 23/40 [00:42<00:31,  1.87s/it]
Epoch 34/50:  60%|██████    | 24/40 [00:44<00:29,  1.84s/it]
Epoch 34/50:  62%|██████▎   | 25/40 [00:46<00:27,  1.84s/it]
Epoch 34/50:  65%|██████▌   | 26/40 [00:48<00:25,  1.85s/it]
Epoch 34/50:  68%|██████▊   | 27/40 [00:50<00:23,  1.82s/it]
Epoch 34/50:  70%|███████   | 28/40 [00:52<00:22,  1.89s/it]
Epoch 34/50:  72%|███████▎  | 29/40 [00:54<00:21,  1.93s/it]
Epoch 34/50:  75%|███████▌  | 30/40 [00:56<00:19,  2.00s/it]
Epoch 34/50:  78%|███████▊  | 31/40 [00:58<00:17,  1.96s/it]
Epoch 34/50:  80%|████████  | 32/40 [01:00<00:15,  1.89s/it]
Epoch 34/50:  82%|████████▎ | 33/40 [01:02<00:13,  1.99s/it]
Epoch 34/50:  85%|████████▌ | 34/40 [01:04<00:11,  1.92s/it]
Epoch 34/50:  88%|████████▊ | 35/40 [01:05<00:09,  1.93s/it]
Epoch 34/50:  90%|█████████ | 36/40 [01:08<00:08,  2.05s/it]
Epoch 34/50:  92%|█████████▎| 37/40 [01:10<00:06,  2.08s/it]
Epoch 34/50:  95%|█████████▌| 38/40 [01:12<00:04,  2.12s/it]
Epoch 34/50:  98%|█████████▊| 39/40 [01:14<00:02,  2.07s/it]
Epoch 34/50: 100%|██████████| 40/40 [01:16<00:00,  1.89s/it]
Epoch 34/50: 100%|██████████| 40/40 [01:16<00:00,  1.90s/it]

Epoch 34 — avg train loss: 0.0336

[Train classification report — Epoch 34]
               precision    recall  f1-score   support

  APPROPRIATE       0.96      1.00      0.98       152
INAPPROPRIATE       0.00      0.00      0.00         7

     accuracy                           0.96       159
    macro avg       0.48      0.50      0.49       159
 weighted avg       0.91      0.96      0.93       159


------------------------------------------------------------
DIAGNOSTIC — Epoch 34 | Task: appropriate_vocabulary_usage
------------------------------------------------------------

[1] Label token ID check
  'APPROPRIATE' → token_id=128256 → decoded='APPROPRIATE'
  'INAPPROPRIATE' → token_id=128257 → decoded='INAPPROPRIATE'
  ✓ All label token IDs are unique.

[2] Last-token identity (first 3 val samples)

Diag-val epoch 34:   0%|          | 0/10 [00:00<?, ?it/s]
Diag-val epoch 34:  10%|█         | 1/10 [00:00<00:03,  2.26it/s]
Diag-val epoch 34:  20%|██        | 2/10 [00:00<00:03,  2.33it/s]
Diag-val epoch 34:  30%|███       | 3/10 [00:01<00:03,  2.14it/s]
Diag-val epoch 34:  40%|████      | 4/10 [00:01<00:02,  2.05it/s]
Diag-val epoch 34:  50%|█████     | 5/10 [00:02<00:02,  2.03it/s]
Diag-val epoch 34:  60%|██████    | 6/10 [00:02<00:01,  2.09it/s]
Diag-val epoch 34:  70%|███████   | 7/10 [00:03<00:01,  2.06it/s]
Diag-val epoch 34:  80%|████████  | 8/10 [00:03<00:00,  2.02it/s]
Diag-val epoch 34:  90%|█████████ | 9/10 [00:04<00:00,  2.08it/s]
Diag-val epoch 34: 100%|██████████| 10/10 [00:04<00:00,  2.05it/s]
Diag-val epoch 34: 100%|██████████| 10/10 [00:04<00:00,  2.08it/s]
  Sample 0: last real token=':' (id=25) ✓ | position[-1] token=':' (id=25) ✓
  Sample 1: last real token=':' (id=25) ✓ | position[-1] token=':' (id=25) ✓
  Sample 2: last real token=':' (id=25) ✓ | position[-1] token=':' (id=25) ✓

[3] Logit spread over label tokens (first batch)
  'APPROPRIATE': mean=23.469  std=1.033  min=22.750  max=25.000
  'INAPPROPRIATE': mean=12.109  std=1.613  min=9.750  max=13.312
  Max-min spread per sample: mean=11.359  min=10.062  max=13.375
  (Spread near 0 → model not differentiating labels; large spread → confident predictions)

[4] Prediction vs. true label distribution
  Label                            True %   Pred %
  ------------------------------ -------- --------
  APPROPRIATE                       95.0%   100.0% ← collapsed?
  INAPPROPRIATE                      5.0%     0.0%

[Classification report — Epoch 34]
               precision    recall  f1-score   support

  APPROPRIATE       0.95      1.00      0.97        38
INAPPROPRIATE       0.00      0.00      0.00         2

     accuracy                           0.95        40
    macro avg       0.47      0.50      0.49        40
 weighted avg       0.90      0.95      0.93        40

------------------------------------------------------------

Epoch 35/50:   0%|          | 0/40 [00:00<?, ?it/s]
Epoch 35/50:   2%|▎         | 1/40 [00:02<01:19,  2.04s/it]
Epoch 35/50:   5%|▌         | 2/40 [00:03<01:15,  1.99s/it]
Epoch 35/50:   8%|▊         | 3/40 [00:05<01:12,  1.97s/it]
Epoch 35/50:  10%|█         | 4/40 [00:07<01:11,  1.99s/it]
Epoch 35/50:  12%|█▎        | 5/40 [00:10<01:12,  2.06s/it]
Epoch 35/50:  15%|█▌        | 6/40 [00:12<01:11,  2.12s/it]
Epoch 35/50:  18%|█▊        | 7/40 [00:14<01:05,  2.00s/it]
Epoch 35/50:  20%|██        | 8/40 [00:16<01:03,  1.98s/it]
Epoch 35/50:  22%|██▎       | 9/40 [00:18<01:01,  1.97s/it]
Epoch 35/50:  25%|██▌       | 10/40 [00:19<00:58,  1.94s/it]
Epoch 35/50:  28%|██▊       | 11/40 [00:21<00:56,  1.94s/it]
Epoch 35/50:  30%|███       | 12/40 [00:23<00:52,  1.88s/it]
Epoch 35/50:  32%|███▎      | 13/40 [00:25<00:50,  1.88s/it]
Epoch 35/50:  35%|███▌      | 14/40 [00:27<00:48,  1.87s/it]
Epoch 35/50:  38%|███▊      | 15/40 [00:29<00:46,  1.87s/it]
Epoch 35/50:  40%|████      | 16/40 [00:31<00:45,  1.90s/it]
Epoch 35/50:  42%|████▎     | 17/40 [00:33<00:43,  1.91s/it]
Epoch 35/50:  45%|████▌     | 18/40 [00:35<00:43,  1.98s/it]
Epoch 35/50:  48%|████▊     | 19/40 [00:37<00:41,  1.97s/it]
Epoch 35/50:  50%|█████     | 20/40 [00:39<00:39,  1.99s/it]
Epoch 35/50:  52%|█████▎    | 21/40 [00:41<00:37,  1.95s/it]
Epoch 35/50:  55%|█████▌    | 22/40 [00:42<00:34,  1.89s/it]
Epoch 35/50:  57%|█████▊    | 23/40 [00:44<00:33,  1.97s/it]
Epoch 35/50:  60%|██████    | 24/40 [00:46<00:30,  1.90s/it]
Epoch 35/50:  62%|██████▎   | 25/40 [00:49<00:30,  2.03s/it]
Epoch 35/50:  65%|██████▌   | 26/40 [00:50<00:27,  1.97s/it]
Epoch 35/50:  68%|██████▊   | 27/40 [00:52<00:25,  1.97s/it]
Epoch 35/50:  70%|███████   | 28/40 [00:54<00:24,  2.02s/it]
Epoch 35/50:  72%|███████▎  | 29/40 [00:57<00:22,  2.02s/it]
Epoch 35/50:  75%|███████▌  | 30/40 [00:58<00:19,  1.91s/it]
Epoch 35/50:  78%|███████▊  | 31/40 [01:00<00:17,  1.90s/it]
Epoch 35/50:  80%|████████  | 32/40 [01:02<00:15,  1.94s/it]
Epoch 35/50:  82%|████████▎ | 33/40 [01:04<00:12,  1.84s/it]
Epoch 35/50:  85%|████████▌ | 34/40 [01:05<00:10,  1.81s/it]
Epoch 35/50:  88%|████████▊ | 35/40 [01:07<00:09,  1.87s/it]
Epoch 35/50:  90%|█████████ | 36/40 [01:09<00:07,  1.87s/it]
Epoch 35/50:  92%|█████████▎| 37/40 [01:11<00:05,  1.83s/it]
Epoch 35/50:  95%|█████████▌| 38/40 [01:13<00:03,  1.84s/it]
Epoch 35/50:  98%|█████████▊| 39/40 [01:15<00:01,  1.81s/it]
Epoch 35/50: 100%|██████████| 40/40 [01:16<00:00,  1.73s/it]
Epoch 35/50: 100%|██████████| 40/40 [01:16<00:00,  1.92s/it]

Epoch 35 — avg train loss: 0.0550

[Train classification report — Epoch 35]
               precision    recall  f1-score   support

  APPROPRIATE       0.96      1.00      0.98       152
INAPPROPRIATE       0.00      0.00      0.00         7

     accuracy                           0.96       159
    macro avg       0.48      0.50      0.49       159
 weighted avg       0.91      0.96      0.93       159


------------------------------------------------------------
DIAGNOSTIC — Epoch 35 | Task: appropriate_vocabulary_usage
------------------------------------------------------------

[1] Label token ID check
  'APPROPRIATE' → token_id=128256 → decoded='APPROPRIATE'
  'INAPPROPRIATE' → token_id=128257 → decoded='INAPPROPRIATE'
  ✓ All label token IDs are unique.

[2] Last-token identity (first 3 val samples)

Diag-val epoch 35:   0%|          | 0/10 [00:00<?, ?it/s]
Diag-val epoch 35:  10%|█         | 1/10 [00:00<00:03,  2.27it/s]
Diag-val epoch 35:  20%|██        | 2/10 [00:00<00:03,  2.33it/s]
Diag-val epoch 35:  30%|███       | 3/10 [00:01<00:03,  2.12it/s]
Diag-val epoch 35:  40%|████      | 4/10 [00:01<00:02,  2.04it/s]
Diag-val epoch 35:  50%|█████     | 5/10 [00:02<00:02,  2.02it/s]
Diag-val epoch 35:  60%|██████    | 6/10 [00:02<00:01,  2.09it/s]
Diag-val epoch 35:  70%|███████   | 7/10 [00:03<00:01,  2.06it/s]
Diag-val epoch 35:  80%|████████  | 8/10 [00:03<00:00,  2.02it/s]
Diag-val epoch 35:  90%|█████████ | 9/10 [00:04<00:00,  2.08it/s]
Diag-val epoch 35: 100%|██████████| 10/10 [00:04<00:00,  2.05it/s]
Diag-val epoch 35: 100%|██████████| 10/10 [00:04<00:00,  2.08it/s]
  Sample 0: last real token=':' (id=25) ✓ | position[-1] token=':' (id=25) ✓
  Sample 1: last real token=':' (id=25) ✓ | position[-1] token=':' (id=25) ✓
  Sample 2: last real token=':' (id=25) ✓ | position[-1] token=':' (id=25) ✓

[3] Logit spread over label tokens (first batch)
  'APPROPRIATE': mean=23.531  std=0.909  min=22.875  max=24.875
  'INAPPROPRIATE': mean=12.078  std=1.664  min=9.625  max=13.250
  Max-min spread per sample: mean=11.453  min=10.188  max=13.625
  (Spread near 0 → model not differentiating labels; large spread → confident predictions)

[4] Prediction vs. true label distribution
  Label                            True %   Pred %
  ------------------------------ -------- --------
  APPROPRIATE                       95.0%   100.0% ← collapsed?
  INAPPROPRIATE                      5.0%     0.0%

[Classification report — Epoch 35]
               precision    recall  f1-score   support

  APPROPRIATE       0.95      1.00      0.97        38
INAPPROPRIATE       0.00      0.00      0.00         2

     accuracy                           0.95        40
    macro avg       0.47      0.50      0.49        40
 weighted avg       0.90      0.95      0.93        40

------------------------------------------------------------

Epoch 36/50:   0%|          | 0/40 [00:00<?, ?it/s]
Epoch 36/50:   2%|▎         | 1/40 [00:01<01:16,  1.95s/it]
Epoch 36/50:   5%|▌         | 2/40 [00:03<01:07,  1.79s/it]
Epoch 36/50:   8%|▊         | 3/40 [00:05<01:13,  1.98s/it]
Epoch 36/50:  10%|█         | 4/40 [00:07<01:08,  1.89s/it]
Epoch 36/50:  12%|█▎        | 5/40 [00:09<01:09,  1.98s/it]
Epoch 36/50:  15%|█▌        | 6/40 [00:11<01:06,  1.95s/it]
Epoch 36/50:  18%|█▊        | 7/40 [00:13<01:02,  1.88s/it]
Epoch 36/50:  20%|██        | 8/40 [00:15<01:01,  1.91s/it]
Epoch 36/50:  22%|██▎       | 9/40 [00:17<01:01,  1.98s/it]
Epoch 36/50:  25%|██▌       | 10/40 [00:19<00:59,  1.97s/it]
Epoch 36/50:  28%|██▊       | 11/40 [00:21<00:57,  1.99s/it]
Epoch 36/50:  30%|███       | 12/40 [00:23<00:55,  1.98s/it]
Epoch 36/50:  32%|███▎      | 13/40 [00:25<00:52,  1.95s/it]
Epoch 36/50:  35%|███▌      | 14/40 [00:27<00:50,  1.95s/it]
Epoch 36/50:  38%|███▊      | 15/40 [00:29<00:48,  1.92s/it]
Epoch 36/50:  40%|████      | 16/40 [00:31<00:48,  2.00s/it]
Epoch 36/50:  42%|████▎     | 17/40 [00:33<00:46,  2.01s/it]
Epoch 36/50:  45%|████▌     | 18/40 [00:35<00:43,  1.99s/it]
Epoch 36/50:  48%|████▊     | 19/40 [00:37<00:40,  1.95s/it]
Epoch 36/50:  50%|█████     | 20/40 [00:38<00:37,  1.86s/it]
Epoch 36/50:  52%|█████▎    | 21/40 [00:40<00:33,  1.75s/it]
Epoch 36/50:  55%|█████▌    | 22/40 [00:42<00:32,  1.81s/it]
Epoch 36/50:  57%|█████▊    | 23/40 [00:44<00:31,  1.82s/it]
Epoch 36/50:  60%|██████    | 24/40 [00:45<00:28,  1.77s/it]
Epoch 36/50:  62%|██████▎   | 25/40 [00:47<00:27,  1.80s/it]
Epoch 36/50:  65%|██████▌   | 26/40 [00:49<00:24,  1.77s/it]
Epoch 36/50:  68%|██████▊   | 27/40 [00:51<00:24,  1.85s/it]
Epoch 36/50:  70%|███████   | 28/40 [00:53<00:22,  1.85s/it]
Epoch 36/50:  72%|███████▎  | 29/40 [00:54<00:20,  1.82s/it]
Epoch 36/50:  75%|███████▌  | 30/40 [00:56<00:18,  1.80s/it]
Epoch 36/50:  78%|███████▊  | 31/40 [00:59<00:17,  1.96s/it]
Epoch 36/50:  80%|████████  | 32/40 [01:00<00:15,  1.93s/it]
Epoch 36/50:  82%|████████▎ | 33/40 [01:03<00:13,  2.00s/it]
Epoch 36/50:  85%|████████▌ | 34/40 [01:04<00:11,  1.92s/it]
Epoch 36/50:  88%|████████▊ | 35/40 [01:06<00:09,  1.90s/it]
Epoch 36/50:  90%|█████████ | 36/40 [01:08<00:07,  1.88s/it]
Epoch 36/50:  92%|█████████▎| 37/40 [01:10<00:05,  1.93s/it]
Epoch 36/50:  95%|█████████▌| 38/40 [01:12<00:03,  1.85s/it]
Epoch 36/50:  98%|█████████▊| 39/40 [01:14<00:01,  1.88s/it]
Epoch 36/50: 100%|██████████| 40/40 [01:15<00:00,  1.77s/it]
Epoch 36/50: 100%|██████████| 40/40 [01:15<00:00,  1.89s/it]

Epoch 36 — avg train loss: 0.0296

[Train classification report — Epoch 36]
               precision    recall  f1-score   support

  APPROPRIATE       0.96      1.00      0.98       152
INAPPROPRIATE       0.00      0.00      0.00         7

     accuracy                           0.96       159
    macro avg       0.48      0.50      0.49       159
 weighted avg       0.91      0.96      0.93       159


------------------------------------------------------------
DIAGNOSTIC — Epoch 36 | Task: appropriate_vocabulary_usage
------------------------------------------------------------

[1] Label token ID check
  'APPROPRIATE' → token_id=128256 → decoded='APPROPRIATE'
  'INAPPROPRIATE' → token_id=128257 → decoded='INAPPROPRIATE'
  ✓ All label token IDs are unique.

[2] Last-token identity (first 3 val samples)

Diag-val epoch 36:   0%|          | 0/10 [00:00<?, ?it/s]
Diag-val epoch 36:  10%|█         | 1/10 [00:00<00:03,  2.26it/s]
Diag-val epoch 36:  20%|██        | 2/10 [00:00<00:03,  2.33it/s]
Diag-val epoch 36:  30%|███       | 3/10 [00:01<00:03,  2.14it/s]
Diag-val epoch 36:  40%|████      | 4/10 [00:01<00:02,  2.05it/s]
Diag-val epoch 36:  50%|█████     | 5/10 [00:02<00:02,  2.03it/s]
Diag-val epoch 36:  60%|██████    | 6/10 [00:02<00:01,  2.09it/s]
Diag-val epoch 36:  70%|███████   | 7/10 [00:03<00:01,  2.07it/s]
Diag-val epoch 36:  80%|████████  | 8/10 [00:03<00:00,  2.02it/s]
Diag-val epoch 36:  90%|█████████ | 9/10 [00:04<00:00,  2.08it/s]
Diag-val epoch 36: 100%|██████████| 10/10 [00:04<00:00,  2.05it/s]
Diag-val epoch 36: 100%|██████████| 10/10 [00:04<00:00,  2.08it/s]
  Sample 0: last real token=':' (id=25) ✓ | position[-1] token=':' (id=25) ✓
  Sample 1: last real token=':' (id=25) ✓ | position[-1] token=':' (id=25) ✓
  Sample 2: last real token=':' (id=25) ✓ | position[-1] token=':' (id=25) ✓

[3] Logit spread over label tokens (first batch)
  'APPROPRIATE': mean=23.344  std=1.023  min=22.750  max=24.875
  'INAPPROPRIATE': mean=12.094  std=1.679  min=9.625  max=13.312
  Max-min spread per sample: mean=11.250  min=9.938  max=13.250
  (Spread near 0 → model not differentiating labels; large spread → confident predictions)

[4] Prediction vs. true label distribution
  Label                            True %   Pred %
  ------------------------------ -------- --------
  APPROPRIATE                       95.0%   100.0% ← collapsed?
  INAPPROPRIATE                      5.0%     0.0%

[Classification report — Epoch 36]
               precision    recall  f1-score   support

  APPROPRIATE       0.95      1.00      0.97        38
INAPPROPRIATE       0.00      0.00      0.00         2

     accuracy                           0.95        40
    macro avg       0.47      0.50      0.49        40
 weighted avg       0.90      0.95      0.93        40

------------------------------------------------------------

Epoch 37/50:   0%|          | 0/40 [00:00<?, ?it/s]
Epoch 37/50:   2%|▎         | 1/40 [00:01<01:08,  1.75s/it]
Epoch 37/50:   5%|▌         | 2/40 [00:03<01:10,  1.86s/it]
Epoch 37/50:   8%|▊         | 3/40 [00:05<01:13,  2.00s/it]
Epoch 37/50:  10%|█         | 4/40 [00:07<01:08,  1.90s/it]
Epoch 37/50:  12%|█▎        | 5/40 [00:09<01:05,  1.88s/it]
Epoch 37/50:  15%|█▌        | 6/40 [00:11<01:02,  1.84s/it]
Epoch 37/50:  18%|█▊        | 7/40 [00:13<01:00,  1.84s/it]
Epoch 37/50:  20%|██        | 8/40 [00:14<00:59,  1.85s/it]
Epoch 37/50:  22%|██▎       | 9/40 [00:16<00:58,  1.88s/it]
Epoch 37/50:  25%|██▌       | 10/40 [00:18<00:56,  1.88s/it]
Epoch 37/50:  28%|██▊       | 11/40 [00:20<00:55,  1.93s/it]
Epoch 37/50:  30%|███       | 12/40 [00:22<00:55,  1.99s/it]
Epoch 37/50:  32%|███▎      | 13/40 [00:24<00:52,  1.95s/it]
Epoch 37/50:  35%|███▌      | 14/40 [00:26<00:49,  1.89s/it]
Epoch 37/50:  38%|███▊      | 15/40 [00:28<00:46,  1.84s/it]
Epoch 37/50:  40%|████      | 16/40 [00:30<00:45,  1.90s/it]
Epoch 37/50:  42%|████▎     | 17/40 [00:32<00:44,  1.91s/it]
Epoch 37/50:  45%|████▌     | 18/40 [00:34<00:42,  1.95s/it]
Epoch 37/50:  48%|████▊     | 19/40 [00:36<00:41,  1.95s/it]
Epoch 37/50:  50%|█████     | 20/40 [00:38<00:38,  1.92s/it]
Epoch 37/50:  52%|█████▎    | 21/40 [00:39<00:36,  1.91s/it]
Epoch 37/50:  55%|█████▌    | 22/40 [00:41<00:34,  1.89s/it]
Epoch 37/50:  57%|█████▊    | 23/40 [00:44<00:33,  1.99s/it]
Epoch 37/50:  60%|██████    | 24/40 [00:45<00:31,  1.97s/it]
Epoch 37/50:  62%|██████▎   | 25/40 [00:48<00:31,  2.08s/it]
Epoch 37/50:  65%|██████▌   | 26/40 [00:50<00:28,  2.01s/it]
Epoch 37/50:  68%|██████▊   | 27/40 [00:52<00:25,  2.00s/it]
Epoch 37/50:  70%|███████   | 28/40 [00:53<00:23,  1.95s/it]
Epoch 37/50:  72%|███████▎  | 29/40 [00:56<00:22,  2.03s/it]
Epoch 37/50:  75%|███████▌  | 30/40 [00:58<00:20,  2.03s/it]
Epoch 37/50:  78%|███████▊  | 31/40 [00:59<00:17,  1.94s/it]
Epoch 37/50:  80%|████████  | 32/40 [01:01<00:15,  1.88s/it]
Epoch 37/50:  82%|████████▎ | 33/40 [01:03<00:12,  1.84s/it]
Epoch 37/50:  85%|████████▌ | 34/40 [01:05<00:10,  1.81s/it]
Epoch 37/50:  88%|████████▊ | 35/40 [01:07<00:09,  1.87s/it]
Epoch 37/50:  90%|█████████ | 36/40 [01:09<00:07,  1.92s/it]
Epoch 37/50:  92%|█████████▎| 37/40 [01:11<00:05,  1.93s/it]
Epoch 37/50:  95%|█████████▌| 38/40 [01:13<00:03,  1.91s/it]
Epoch 37/50:  98%|█████████▊| 39/40 [01:14<00:01,  1.89s/it]
Epoch 37/50: 100%|██████████| 40/40 [01:16<00:00,  1.82s/it]
Epoch 37/50: 100%|██████████| 40/40 [01:16<00:00,  1.91s/it]

Epoch 37 — avg train loss: 0.0357

[Train classification report — Epoch 37]
               precision    recall  f1-score   support

  APPROPRIATE       0.96      1.00      0.98       152
INAPPROPRIATE       0.00      0.00      0.00         7

     accuracy                           0.96       159
    macro avg       0.48      0.50      0.49       159
 weighted avg       0.91      0.96      0.93       159


------------------------------------------------------------
DIAGNOSTIC — Epoch 37 | Task: appropriate_vocabulary_usage
------------------------------------------------------------

[1] Label token ID check
  'APPROPRIATE' → token_id=128256 → decoded='APPROPRIATE'
  'INAPPROPRIATE' → token_id=128257 → decoded='INAPPROPRIATE'
  ✓ All label token IDs are unique.

[2] Last-token identity (first 3 val samples)

Diag-val epoch 37:   0%|          | 0/10 [00:00<?, ?it/s]
Diag-val epoch 37:  10%|█         | 1/10 [00:00<00:03,  2.26it/s]
Diag-val epoch 37:  20%|██        | 2/10 [00:00<00:03,  2.33it/s]
Diag-val epoch 37:  30%|███       | 3/10 [00:01<00:03,  2.13it/s]
Diag-val epoch 37:  40%|████      | 4/10 [00:01<00:02,  2.05it/s]
Diag-val epoch 37:  50%|█████     | 5/10 [00:02<00:02,  2.03it/s]
Diag-val epoch 37:  60%|██████    | 6/10 [00:02<00:01,  2.09it/s]
Diag-val epoch 37:  70%|███████   | 7/10 [00:03<00:01,  2.06it/s]
Diag-val epoch 37:  80%|████████  | 8/10 [00:03<00:00,  2.02it/s]
Diag-val epoch 37:  90%|█████████ | 9/10 [00:04<00:00,  2.08it/s]
Diag-val epoch 37: 100%|██████████| 10/10 [00:04<00:00,  2.05it/s]
Diag-val epoch 37: 100%|██████████| 10/10 [00:04<00:00,  2.08it/s]
  Sample 0: last real token=':' (id=25) ✓ | position[-1] token=':' (id=25) ✓
  Sample 1: last real token=':' (id=25) ✓ | position[-1] token=':' (id=25) ✓
  Sample 2: last real token=':' (id=25) ✓ | position[-1] token=':' (id=25) ✓

[3] Logit spread over label tokens (first batch)
  'APPROPRIATE': mean=23.531  std=1.067  min=22.875  max=25.125
  'INAPPROPRIATE': mean=12.141  std=1.761  min=9.562  max=13.438
  Max-min spread per sample: mean=11.391  min=10.062  max=13.438
  (Spread near 0 → model not differentiating labels; large spread → confident predictions)

[4] Prediction vs. true label distribution
  Label                            True %   Pred %
  ------------------------------ -------- --------
  APPROPRIATE                       95.0%   100.0% ← collapsed?
  INAPPROPRIATE                      5.0%     0.0%

[Classification report — Epoch 37]
               precision    recall  f1-score   support

  APPROPRIATE       0.95      1.00      0.97        38
INAPPROPRIATE       0.00      0.00      0.00         2

     accuracy                           0.95        40
    macro avg       0.47      0.50      0.49        40
 weighted avg       0.90      0.95      0.93        40

------------------------------------------------------------

Epoch 38/50:   0%|          | 0/40 [00:00<?, ?it/s]
Epoch 38/50:   2%|▎         | 1/40 [00:01<01:16,  1.97s/it]
Epoch 38/50:   5%|▌         | 2/40 [00:03<01:12,  1.91s/it]
Epoch 38/50:   8%|▊         | 3/40 [00:05<01:12,  1.97s/it]
Epoch 38/50:  10%|█         | 4/40 [00:07<01:09,  1.92s/it]
Epoch 38/50:  12%|█▎        | 5/40 [00:09<01:08,  1.97s/it]
Epoch 38/50:  15%|█▌        | 6/40 [00:11<01:03,  1.87s/it]
Epoch 38/50:  18%|█▊        | 7/40 [00:13<00:59,  1.81s/it]
Epoch 38/50:  20%|██        | 8/40 [00:14<00:56,  1.77s/it]
Epoch 38/50:  22%|██▎       | 9/40 [00:16<00:55,  1.79s/it]
Epoch 38/50:  25%|██▌       | 10/40 [00:18<00:54,  1.81s/it]
Epoch 38/50:  28%|██▊       | 11/40 [00:20<00:49,  1.71s/it]
Epoch 38/50:  30%|███       | 12/40 [00:22<00:53,  1.90s/it]
Epoch 38/50:  32%|███▎      | 13/40 [00:24<00:49,  1.85s/it]
Epoch 38/50:  35%|███▌      | 14/40 [00:25<00:47,  1.82s/it]
Epoch 38/50:  38%|███▊      | 15/40 [00:27<00:44,  1.79s/it]
Epoch 38/50:  40%|████      | 16/40 [00:29<00:43,  1.82s/it]
Epoch 38/50:  42%|████▎     | 17/40 [00:31<00:42,  1.83s/it]
Epoch 38/50:  45%|████▌     | 18/40 [00:33<00:42,  1.94s/it]
Epoch 38/50:  48%|████▊     | 19/40 [00:35<00:41,  1.97s/it]
Epoch 38/50:  50%|█████     | 20/40 [00:37<00:39,  1.99s/it]
Epoch 38/50:  52%|█████▎    | 21/40 [00:39<00:36,  1.92s/it]
Epoch 38/50:  55%|█████▌    | 22/40 [00:41<00:34,  1.93s/it]
Epoch 38/50:  57%|█████▊    | 23/40 [00:43<00:34,  2.02s/it]
Epoch 38/50:  60%|██████    | 24/40 [00:45<00:32,  2.06s/it]
Epoch 38/50:  62%|██████▎   | 25/40 [00:47<00:30,  2.02s/it]
Epoch 38/50:  65%|██████▌   | 26/40 [00:49<00:26,  1.92s/it]
Epoch 38/50:  68%|██████▊   | 27/40 [00:51<00:25,  1.93s/it]
Epoch 38/50:  70%|███████   | 28/40 [00:53<00:22,  1.91s/it]
Epoch 38/50:  72%|███████▎  | 29/40 [00:55<00:21,  1.98s/it]
Epoch 38/50:  75%|███████▌  | 30/40 [00:56<00:19,  1.91s/it]
Epoch 38/50:  78%|███████▊  | 31/40 [00:59<00:17,  1.98s/it]
Epoch 38/50:  80%|████████  | 32/40 [01:00<00:15,  1.95s/it]
Epoch 38/50:  82%|████████▎ | 33/40 [01:02<00:13,  1.95s/it]
Epoch 38/50:  85%|████████▌ | 34/40 [01:04<00:11,  1.89s/it]
Epoch 38/50:  88%|████████▊ | 35/40 [01:06<00:09,  1.88s/it]
Epoch 38/50:  90%|█████████ | 36/40 [01:08<00:07,  1.92s/it]
Epoch 38/50:  92%|█████████▎| 37/40 [01:10<00:05,  1.87s/it]
Epoch 38/50:  95%|█████████▌| 38/40 [01:12<00:03,  1.83s/it]
Epoch 38/50:  98%|█████████▊| 39/40 [01:13<00:01,  1.84s/it]
Epoch 38/50: 100%|██████████| 40/40 [01:15<00:00,  1.74s/it]
Epoch 38/50: 100%|██████████| 40/40 [01:15<00:00,  1.89s/it]

Epoch 38 — avg train loss: 0.0334

[Train classification report — Epoch 38]
               precision    recall  f1-score   support

  APPROPRIATE       0.96      1.00      0.98       152
INAPPROPRIATE       0.00      0.00      0.00         7

     accuracy                           0.96       159
    macro avg       0.48      0.50      0.49       159
 weighted avg       0.91      0.96      0.93       159


------------------------------------------------------------
DIAGNOSTIC — Epoch 38 | Task: appropriate_vocabulary_usage
------------------------------------------------------------

[1] Label token ID check
  'APPROPRIATE' → token_id=128256 → decoded='APPROPRIATE'
  'INAPPROPRIATE' → token_id=128257 → decoded='INAPPROPRIATE'
  ✓ All label token IDs are unique.

[2] Last-token identity (first 3 val samples)

Diag-val epoch 38:   0%|          | 0/10 [00:00<?, ?it/s]
Diag-val epoch 38:  10%|█         | 1/10 [00:00<00:03,  2.25it/s]
Diag-val epoch 38:  20%|██        | 2/10 [00:00<00:03,  2.32it/s]
Diag-val epoch 38:  30%|███       | 3/10 [00:01<00:03,  2.12it/s]
Diag-val epoch 38:  40%|████      | 4/10 [00:01<00:02,  2.04it/s]
Diag-val epoch 38:  50%|█████     | 5/10 [00:02<00:02,  2.02it/s]
Diag-val epoch 38:  60%|██████    | 6/10 [00:02<00:01,  2.08it/s]
Diag-val epoch 38:  70%|███████   | 7/10 [00:03<00:01,  2.06it/s]
Diag-val epoch 38:  80%|████████  | 8/10 [00:03<00:00,  2.02it/s]
Diag-val epoch 38:  90%|█████████ | 9/10 [00:04<00:00,  2.08it/s]
Diag-val epoch 38: 100%|██████████| 10/10 [00:04<00:00,  2.05it/s]
Diag-val epoch 38: 100%|██████████| 10/10 [00:04<00:00,  2.07it/s]
  Sample 0: last real token=':' (id=25) ✓ | position[-1] token=':' (id=25) ✓
  Sample 1: last real token=':' (id=25) ✓ | position[-1] token=':' (id=25) ✓
  Sample 2: last real token=':' (id=25) ✓ | position[-1] token=':' (id=25) ✓

[3] Logit spread over label tokens (first batch)
  'APPROPRIATE': mean=23.531  std=1.077  min=22.875  max=25.125
  'INAPPROPRIATE': mean=11.922  std=1.747  min=9.375  max=13.312
  Max-min spread per sample: mean=11.609  min=10.562  max=13.500
  (Spread near 0 → model not differentiating labels; large spread → confident predictions)

[4] Prediction vs. true label distribution
  Label                            True %   Pred %
  ------------------------------ -------- --------
  APPROPRIATE                       95.0%   100.0% ← collapsed?
  INAPPROPRIATE                      5.0%     0.0%

[Classification report — Epoch 38]
               precision    recall  f1-score   support

  APPROPRIATE       0.95      1.00      0.97        38
INAPPROPRIATE       0.00      0.00      0.00         2

     accuracy                           0.95        40
    macro avg       0.47      0.50      0.49        40
 weighted avg       0.90      0.95      0.93        40

------------------------------------------------------------

Epoch 39/50:   0%|          | 0/40 [00:00<?, ?it/s]
Epoch 39/50:   2%|▎         | 1/40 [00:02<01:26,  2.21s/it]
Epoch 39/50:   5%|▌         | 2/40 [00:04<01:18,  2.05s/it]
Epoch 39/50:   8%|▊         | 3/40 [00:06<01:15,  2.05s/it]
Epoch 39/50:  10%|█         | 4/40 [00:08<01:13,  2.04s/it]
Epoch 39/50:  12%|█▎        | 5/40 [00:10<01:10,  2.00s/it]
Epoch 39/50:  15%|█▌        | 6/40 [00:12<01:08,  2.02s/it]
Epoch 39/50:  18%|█▊        | 7/40 [00:14<01:06,  2.02s/it]
Epoch 39/50:  20%|██        | 8/40 [00:16<01:03,  2.00s/it]
Epoch 39/50:  22%|██▎       | 9/40 [00:17<00:59,  1.92s/it]
Epoch 39/50:  25%|██▌       | 10/40 [00:19<00:57,  1.90s/it]
Epoch 39/50:  28%|██▊       | 11/40 [00:21<00:55,  1.91s/it]
Epoch 39/50:  30%|███       | 12/40 [00:23<00:51,  1.84s/it]
Epoch 39/50:  32%|███▎      | 13/40 [00:25<00:49,  1.85s/it]
Epoch 39/50:  35%|███▌      | 14/40 [00:27<00:47,  1.81s/it]
Epoch 39/50:  38%|███▊      | 15/40 [00:29<00:49,  1.97s/it]
Epoch 39/50:  40%|████      | 16/40 [00:31<00:49,  2.04s/it]
Epoch 39/50:  42%|████▎     | 17/40 [00:33<00:45,  1.99s/it]
Epoch 39/50:  45%|████▌     | 18/40 [00:35<00:44,  2.00s/it]
Epoch 39/50:  48%|████▊     | 19/40 [00:37<00:41,  1.98s/it]
Epoch 39/50:  50%|█████     | 20/40 [00:39<00:39,  1.98s/it]
Epoch 39/50:  52%|█████▎    | 21/40 [00:40<00:34,  1.83s/it]
Epoch 39/50:  55%|█████▌    | 22/40 [00:42<00:32,  1.81s/it]
Epoch 39/50:  57%|█████▊    | 23/40 [00:44<00:31,  1.85s/it]
Epoch 39/50:  60%|██████    | 24/40 [00:46<00:29,  1.85s/it]
Epoch 39/50:  62%|██████▎   | 25/40 [00:48<00:27,  1.85s/it]
Epoch 39/50:  65%|██████▌   | 26/40 [00:50<00:25,  1.86s/it]
Epoch 39/50:  68%|██████▊   | 27/40 [00:51<00:24,  1.86s/it]
Epoch 39/50:  70%|███████   | 28/40 [00:53<00:22,  1.89s/it]
Epoch 39/50:  72%|███████▎  | 29/40 [00:56<00:21,  1.97s/it]
Epoch 39/50:  75%|███████▌  | 30/40 [00:58<00:19,  1.96s/it]
Epoch 39/50:  78%|███████▊  | 31/40 [01:00<00:18,  2.02s/it]
Epoch 39/50:  80%|████████  | 32/40 [01:02<00:15,  1.98s/it]
Epoch 39/50:  82%|████████▎ | 33/40 [01:04<00:13,  1.97s/it]
Epoch 39/50:  85%|████████▌ | 34/40 [01:05<00:11,  1.88s/it]
Epoch 39/50:  88%|████████▊ | 35/40 [01:07<00:09,  1.82s/it]
Epoch 39/50:  90%|█████████ | 36/40 [01:09<00:07,  1.80s/it]
Epoch 39/50:  92%|█████████▎| 37/40 [01:10<00:05,  1.78s/it]
Epoch 39/50:  95%|█████████▌| 38/40 [01:12<00:03,  1.80s/it]
Epoch 39/50:  98%|█████████▊| 39/40 [01:14<00:01,  1.79s/it]
Epoch 39/50: 100%|██████████| 40/40 [01:15<00:00,  1.68s/it]
Epoch 39/50: 100%|██████████| 40/40 [01:15<00:00,  1.90s/it]

Epoch 39 — avg train loss: 0.0356

[Train classification report — Epoch 39]
               precision    recall  f1-score   support

  APPROPRIATE       0.96      1.00      0.98       152
INAPPROPRIATE       0.00      0.00      0.00         7

     accuracy                           0.96       159
    macro avg       0.48      0.50      0.49       159
 weighted avg       0.91      0.96      0.93       159


------------------------------------------------------------
DIAGNOSTIC — Epoch 39 | Task: appropriate_vocabulary_usage
------------------------------------------------------------

[1] Label token ID check
  'APPROPRIATE' → token_id=128256 → decoded='APPROPRIATE'
  'INAPPROPRIATE' → token_id=128257 → decoded='INAPPROPRIATE'
  ✓ All label token IDs are unique.

[2] Last-token identity (first 3 val samples)

Diag-val epoch 39:   0%|          | 0/10 [00:00<?, ?it/s]
Diag-val epoch 39:  10%|█         | 1/10 [00:00<00:03,  2.26it/s]
Diag-val epoch 39:  20%|██        | 2/10 [00:00<00:03,  2.34it/s]
Diag-val epoch 39:  30%|███       | 3/10 [00:01<00:03,  2.14it/s]
Diag-val epoch 39:  40%|████      | 4/10 [00:01<00:02,  2.05it/s]
Diag-val epoch 39:  50%|█████     | 5/10 [00:02<00:02,  2.03it/s]
Diag-val epoch 39:  60%|██████    | 6/10 [00:02<00:01,  2.09it/s]
Diag-val epoch 39:  70%|███████   | 7/10 [00:03<00:01,  2.07it/s]
Diag-val epoch 39:  80%|████████  | 8/10 [00:03<00:00,  2.02it/s]
Diag-val epoch 39:  90%|█████████ | 9/10 [00:04<00:00,  2.09it/s]
Diag-val epoch 39: 100%|██████████| 10/10 [00:04<00:00,  2.06it/s]
Diag-val epoch 39: 100%|██████████| 10/10 [00:04<00:00,  2.08it/s]
  Sample 0: last real token=':' (id=25) ✓ | position[-1] token=':' (id=25) ✓
  Sample 1: last real token=':' (id=25) ✓ | position[-1] token=':' (id=25) ✓
  Sample 2: last real token=':' (id=25) ✓ | position[-1] token=':' (id=25) ✓

[3] Logit spread over label tokens (first batch)
  'APPROPRIATE': mean=23.438  std=1.053  min=22.750  max=25.000
  'INAPPROPRIATE': mean=11.953  std=1.746  min=9.375  max=13.188
  Max-min spread per sample: mean=11.484  min=10.312  max=13.500
  (Spread near 0 → model not differentiating labels; large spread → confident predictions)

[4] Prediction vs. true label distribution
  Label                            True %   Pred %
  ------------------------------ -------- --------
  APPROPRIATE                       95.0%   100.0% ← collapsed?
  INAPPROPRIATE                      5.0%     0.0%

[Classification report — Epoch 39]
               precision    recall  f1-score   support

  APPROPRIATE       0.95      1.00      0.97        38
INAPPROPRIATE       0.00      0.00      0.00         2

     accuracy                           0.95        40
    macro avg       0.47      0.50      0.49        40
 weighted avg       0.90      0.95      0.93        40

------------------------------------------------------------

Epoch 40/50:   0%|          | 0/40 [00:00<?, ?it/s]
Epoch 40/50:   2%|▎         | 1/40 [00:02<01:19,  2.05s/it]
Epoch 40/50:   5%|▌         | 2/40 [00:04<01:17,  2.04s/it]
Epoch 40/50:   8%|▊         | 3/40 [00:05<01:10,  1.90s/it]
Epoch 40/50:  10%|█         | 4/40 [00:07<01:07,  1.88s/it]
Epoch 40/50:  12%|█▎        | 5/40 [00:09<01:07,  1.94s/it]
Epoch 40/50:  15%|█▌        | 6/40 [00:11<01:02,  1.85s/it]
Epoch 40/50:  18%|█▊        | 7/40 [00:13<01:02,  1.91s/it]
Epoch 40/50:  20%|██        | 8/40 [00:15<01:02,  1.95s/it]
Epoch 40/50:  22%|██▎       | 9/40 [00:17<01:00,  1.95s/it]
Epoch 40/50:  25%|██▌       | 10/40 [00:19<01:00,  2.03s/it]
Epoch 40/50:  28%|██▊       | 11/40 [00:21<00:56,  1.94s/it]
Epoch 40/50:  30%|███       | 12/40 [00:23<00:52,  1.88s/it]
Epoch 40/50:  32%|███▎      | 13/40 [00:24<00:50,  1.88s/it]
Epoch 40/50:  35%|███▌      | 14/40 [00:26<00:48,  1.87s/it]
Epoch 40/50:  38%|███▊      | 15/40 [00:28<00:46,  1.86s/it]
Epoch 40/50:  40%|████      | 16/40 [00:30<00:45,  1.89s/it]
Epoch 40/50:  42%|████▎     | 17/40 [00:32<00:43,  1.91s/it]
Epoch 40/50:  45%|████▌     | 18/40 [00:34<00:41,  1.90s/it]
Epoch 40/50:  48%|████▊     | 19/40 [00:36<00:38,  1.85s/it]
Epoch 40/50:  50%|█████     | 20/40 [00:37<00:35,  1.79s/it]
Epoch 40/50:  52%|█████▎    | 21/40 [00:39<00:34,  1.84s/it]
Epoch 40/50:  55%|█████▌    | 22/40 [00:41<00:33,  1.85s/it]
Epoch 40/50:  57%|█████▊    | 23/40 [00:43<00:33,  1.99s/it]
Epoch 40/50:  60%|██████    | 24/40 [00:45<00:31,  1.95s/it]
Epoch 40/50:  62%|██████▎   | 25/40 [00:47<00:27,  1.86s/it]
Epoch 40/50:  65%|██████▌   | 26/40 [00:49<00:26,  1.86s/it]
Epoch 40/50:  68%|██████▊   | 27/40 [00:51<00:23,  1.81s/it]
Epoch 40/50:  70%|███████   | 28/40 [00:52<00:21,  1.82s/it]
Epoch 40/50:  72%|███████▎  | 29/40 [00:54<00:19,  1.80s/it]
Epoch 40/50:  75%|███████▌  | 30/40 [00:56<00:18,  1.85s/it]
Epoch 40/50:  78%|███████▊  | 31/40 [00:58<00:17,  1.94s/it]
Epoch 40/50:  80%|████████  | 32/40 [01:00<00:15,  1.88s/it]
Epoch 40/50:  82%|████████▎ | 33/40 [01:02<00:12,  1.84s/it]
Epoch 40/50:  85%|████████▌ | 34/40 [01:04<00:11,  1.85s/it]
Epoch 40/50:  88%|████████▊ | 35/40 [01:05<00:09,  1.86s/it]
Epoch 40/50:  90%|█████████ | 36/40 [01:08<00:07,  1.96s/it]
Epoch 40/50:  92%|█████████▎| 37/40 [01:10<00:06,  2.02s/it]
Epoch 40/50:  95%|█████████▌| 38/40 [01:12<00:04,  2.06s/it]
Epoch 40/50:  98%|█████████▊| 39/40 [01:14<00:02,  2.02s/it]
Epoch 40/50: 100%|██████████| 40/40 [01:15<00:00,  1.83s/it]
Epoch 40/50: 100%|██████████| 40/40 [01:15<00:00,  1.90s/it]

Epoch 40 — avg train loss: 0.0162

[Train classification report — Epoch 40]
               precision    recall  f1-score   support

  APPROPRIATE       0.96      1.00      0.98       152
INAPPROPRIATE       0.00      0.00      0.00         7

     accuracy                           0.96       159
    macro avg       0.48      0.50      0.49       159
 weighted avg       0.91      0.96      0.93       159


------------------------------------------------------------
DIAGNOSTIC — Epoch 40 | Task: appropriate_vocabulary_usage
------------------------------------------------------------

[1] Label token ID check
  'APPROPRIATE' → token_id=128256 → decoded='APPROPRIATE'
  'INAPPROPRIATE' → token_id=128257 → decoded='INAPPROPRIATE'
  ✓ All label token IDs are unique.

[2] Last-token identity (first 3 val samples)

Diag-val epoch 40:   0%|          | 0/10 [00:00<?, ?it/s]
Diag-val epoch 40:  10%|█         | 1/10 [00:00<00:03,  2.26it/s]
Diag-val epoch 40:  20%|██        | 2/10 [00:00<00:03,  2.33it/s]
Diag-val epoch 40:  30%|███       | 3/10 [00:01<00:03,  2.12it/s]
Diag-val epoch 40:  40%|████      | 4/10 [00:01<00:02,  2.04it/s]
Diag-val epoch 40:  50%|█████     | 5/10 [00:02<00:02,  2.02it/s]
Diag-val epoch 40:  60%|██████    | 6/10 [00:02<00:01,  2.09it/s]
Diag-val epoch 40:  70%|███████   | 7/10 [00:03<00:01,  2.06it/s]
Diag-val epoch 40:  80%|████████  | 8/10 [00:03<00:00,  2.02it/s]
Diag-val epoch 40:  90%|█████████ | 9/10 [00:04<00:00,  2.08it/s]
Diag-val epoch 40: 100%|██████████| 10/10 [00:04<00:00,  2.06it/s]
Diag-val epoch 40: 100%|██████████| 10/10 [00:04<00:00,  2.08it/s]
  Sample 0: last real token=':' (id=25) ✓ | position[-1] token=':' (id=25) ✓
  Sample 1: last real token=':' (id=25) ✓ | position[-1] token=':' (id=25) ✓
  Sample 2: last real token=':' (id=25) ✓ | position[-1] token=':' (id=25) ✓

[3] Logit spread over label tokens (first batch)
  'APPROPRIATE': mean=23.469  std=1.115  min=22.750  max=25.125
  'INAPPROPRIATE': mean=11.984  std=1.735  min=9.438  max=13.250
  Max-min spread per sample: mean=11.484  min=10.250  max=13.438
  (Spread near 0 → model not differentiating labels; large spread → confident predictions)

[4] Prediction vs. true label distribution
  Label                            True %   Pred %
  ------------------------------ -------- --------
  APPROPRIATE                       95.0%   100.0% ← collapsed?
  INAPPROPRIATE                      5.0%     0.0%

[Classification report — Epoch 40]
               precision    recall  f1-score   support

  APPROPRIATE       0.95      1.00      0.97        38
INAPPROPRIATE       0.00      0.00      0.00         2

     accuracy                           0.95        40
    macro avg       0.47      0.50      0.49        40
 weighted avg       0.90      0.95      0.93        40

------------------------------------------------------------

Epoch 41/50:   0%|          | 0/40 [00:00<?, ?it/s]
Epoch 41/50:   2%|▎         | 1/40 [00:01<01:12,  1.87s/it]
Epoch 41/50:   5%|▌         | 2/40 [00:03<01:08,  1.80s/it]
Epoch 41/50:   8%|▊         | 3/40 [00:05<01:10,  1.91s/it]
Epoch 41/50:  10%|█         | 4/40 [00:07<01:10,  1.96s/it]
Epoch 41/50:  12%|█▎        | 5/40 [00:09<01:04,  1.83s/it]
Epoch 41/50:  15%|█▌        | 6/40 [00:11<01:03,  1.87s/it]
Epoch 41/50:  18%|█▊        | 7/40 [00:13<01:00,  1.83s/it]
Epoch 41/50:  20%|██        | 8/40 [00:15<01:00,  1.89s/it]
Epoch 41/50:  22%|██▎       | 9/40 [00:16<00:58,  1.89s/it]
Epoch 41/50:  25%|██▌       | 10/40 [00:18<00:56,  1.88s/it]
Epoch 41/50:  28%|██▊       | 11/40 [00:20<00:54,  1.88s/it]
Epoch 41/50:  30%|███       | 12/40 [00:22<00:51,  1.84s/it]
Epoch 41/50:  32%|███▎      | 13/40 [00:24<00:51,  1.89s/it]
Epoch 41/50:  35%|███▌      | 14/40 [00:25<00:46,  1.77s/it]
Epoch 41/50:  38%|███▊      | 15/40 [00:28<00:47,  1.88s/it]
Epoch 41/50:  40%|████      | 16/40 [00:29<00:44,  1.84s/it]
Epoch 41/50:  42%|████▎     | 17/40 [00:31<00:42,  1.85s/it]
Epoch 41/50:  45%|████▌     | 18/40 [00:33<00:41,  1.88s/it]
Epoch 41/50:  48%|████▊     | 19/40 [00:35<00:41,  1.96s/it]
Epoch 41/50:  50%|█████     | 20/40 [00:37<00:37,  1.87s/it]
Epoch 41/50:  52%|█████▎    | 21/40 [00:39<00:34,  1.84s/it]
Epoch 41/50:  55%|█████▌    | 22/40 [00:40<00:31,  1.73s/it]
Epoch 41/50:  57%|█████▊    | 23/40 [00:42<00:30,  1.77s/it]
Epoch 41/50:  60%|██████    | 24/40 [00:44<00:29,  1.82s/it]
Epoch 41/50:  62%|██████▎   | 25/40 [00:46<00:28,  1.89s/it]
Epoch 41/50:  65%|██████▌   | 26/40 [00:48<00:27,  1.97s/it]
Epoch 41/50:  68%|██████▊   | 27/40 [00:50<00:24,  1.90s/it]
Epoch 41/50:  70%|███████   | 28/40 [00:52<00:22,  1.85s/it]
Epoch 41/50:  72%|███████▎  | 29/40 [00:54<00:20,  1.90s/it]
Epoch 41/50:  75%|███████▌  | 30/40 [00:55<00:18,  1.83s/it]
Epoch 41/50:  78%|███████▊  | 31/40 [00:57<00:16,  1.87s/it]
Epoch 41/50:  80%|████████  | 32/40 [00:59<00:14,  1.86s/it]
Epoch 41/50:  82%|████████▎ | 33/40 [01:01<00:13,  1.89s/it]
Epoch 41/50:  85%|████████▌ | 34/40 [01:03<00:11,  1.90s/it]
Epoch 41/50:  88%|████████▊ | 35/40 [01:05<00:09,  1.94s/it]
Epoch 41/50:  90%|█████████ | 36/40 [01:07<00:07,  1.91s/it]
Epoch 41/50:  92%|█████████▎| 37/40 [01:09<00:06,  2.03s/it]
Epoch 41/50:  95%|█████████▌| 38/40 [01:11<00:04,  2.01s/it]
Epoch 41/50:  98%|█████████▊| 39/40 [01:13<00:02,  2.07s/it]
Epoch 41/50: 100%|██████████| 40/40 [01:15<00:00,  1.96s/it]
Epoch 41/50: 100%|██████████| 40/40 [01:15<00:00,  1.89s/it]

Epoch 41 — avg train loss: 0.0293

[Train classification report — Epoch 41]
               precision    recall  f1-score   support

  APPROPRIATE       0.96      1.00      0.98       152
INAPPROPRIATE       0.00      0.00      0.00         7

     accuracy                           0.96       159
    macro avg       0.48      0.50      0.49       159
 weighted avg       0.91      0.96      0.93       159


------------------------------------------------------------
DIAGNOSTIC — Epoch 41 | Task: appropriate_vocabulary_usage
------------------------------------------------------------

[1] Label token ID check
  'APPROPRIATE' → token_id=128256 → decoded='APPROPRIATE'
  'INAPPROPRIATE' → token_id=128257 → decoded='INAPPROPRIATE'
  ✓ All label token IDs are unique.

[2] Last-token identity (first 3 val samples)

Diag-val epoch 41:   0%|          | 0/10 [00:00<?, ?it/s]
Diag-val epoch 41:  10%|█         | 1/10 [00:00<00:03,  2.26it/s]
Diag-val epoch 41:  20%|██        | 2/10 [00:00<00:03,  2.34it/s]
Diag-val epoch 41:  30%|███       | 3/10 [00:01<00:03,  2.14it/s]
Diag-val epoch 41:  40%|████      | 4/10 [00:01<00:02,  2.05it/s]
Diag-val epoch 41:  50%|█████     | 5/10 [00:02<00:02,  2.03it/s]
Diag-val epoch 41:  60%|██████    | 6/10 [00:02<00:01,  2.09it/s]
Diag-val epoch 41:  70%|███████   | 7/10 [00:03<00:01,  2.07it/s]
Diag-val epoch 41:  80%|████████  | 8/10 [00:03<00:00,  2.02it/s]
Diag-val epoch 41:  90%|█████████ | 9/10 [00:04<00:00,  2.08it/s]
Diag-val epoch 41: 100%|██████████| 10/10 [00:04<00:00,  2.06it/s]
Diag-val epoch 41: 100%|██████████| 10/10 [00:04<00:00,  2.08it/s]
  Sample 0: last real token=':' (id=25) ✓ | position[-1] token=':' (id=25) ✓
  Sample 1: last real token=':' (id=25) ✓ | position[-1] token=':' (id=25) ✓
  Sample 2: last real token=':' (id=25) ✓ | position[-1] token=':' (id=25) ✓

[3] Logit spread over label tokens (first batch)
  'APPROPRIATE': mean=23.531  std=1.077  min=22.875  max=25.125
  'INAPPROPRIATE': mean=12.016  std=1.832  min=9.312  max=13.312
  Max-min spread per sample: mean=11.516  min=10.312  max=13.562
  (Spread near 0 → model not differentiating labels; large spread → confident predictions)

[4] Prediction vs. true label distribution
  Label                            True %   Pred %
  ------------------------------ -------- --------
  APPROPRIATE                       95.0%   100.0% ← collapsed?
  INAPPROPRIATE                      5.0%     0.0%

[Classification report — Epoch 41]
               precision    recall  f1-score   support

  APPROPRIATE       0.95      1.00      0.97        38
INAPPROPRIATE       0.00      0.00      0.00         2

     accuracy                           0.95        40
    macro avg       0.47      0.50      0.49        40
 weighted avg       0.90      0.95      0.93        40

------------------------------------------------------------

Epoch 42/50:   0%|          | 0/40 [00:00<?, ?it/s]
Epoch 42/50:   2%|▎         | 1/40 [00:01<01:07,  1.74s/it]
Epoch 42/50:   5%|▌         | 2/40 [00:03<01:10,  1.86s/it]
Epoch 42/50:   8%|▊         | 3/40 [00:05<01:14,  2.01s/it]
Epoch 42/50:  10%|█         | 4/40 [00:07<01:07,  1.88s/it]
Epoch 42/50:  12%|█▎        | 5/40 [00:09<01:09,  2.00s/it]
Epoch 42/50:  15%|█▌        | 6/40 [00:11<01:08,  2.01s/it]
Epoch 42/50:  18%|█▊        | 7/40 [00:13<01:05,  1.99s/it]
Epoch 42/50:  20%|██        | 8/40 [00:15<01:04,  2.00s/it]
Epoch 42/50:  22%|██▎       | 9/40 [00:17<00:59,  1.92s/it]
Epoch 42/50:  25%|██▌       | 10/40 [00:19<00:55,  1.85s/it]
Epoch 42/50:  28%|██▊       | 11/40 [00:21<00:57,  1.99s/it]
Epoch 42/50:  30%|███       | 12/40 [00:23<00:55,  2.00s/it]
Epoch 42/50:  32%|███▎      | 13/40 [00:25<00:52,  1.96s/it]
Epoch 42/50:  35%|███▌      | 14/40 [00:27<00:50,  1.95s/it]
Epoch 42/50:  38%|███▊      | 15/40 [00:29<00:49,  1.98s/it]
Epoch 42/50:  40%|████      | 16/40 [00:31<00:48,  2.03s/it]
Epoch 42/50:  42%|████▎     | 17/40 [00:33<00:44,  1.94s/it]
Epoch 42/50:  45%|████▌     | 18/40 [00:34<00:40,  1.83s/it]
Epoch 42/50:  48%|████▊     | 19/40 [00:36<00:39,  1.87s/it]
Epoch 42/50:  50%|█████     | 20/40 [00:38<00:39,  1.95s/it]
Epoch 42/50:  52%|█████▎    | 21/40 [00:40<00:36,  1.92s/it]
Epoch 42/50:  55%|█████▌    | 22/40 [00:42<00:34,  1.90s/it]
Epoch 42/50:  57%|█████▊    | 23/40 [00:44<00:31,  1.86s/it]
Epoch 42/50:  60%|██████    | 24/40 [00:46<00:29,  1.86s/it]
Epoch 42/50:  62%|██████▎   | 25/40 [00:48<00:29,  1.94s/it]
Epoch 42/50:  65%|██████▌   | 26/40 [00:50<00:27,  1.97s/it]
Epoch 42/50:  68%|██████▊   | 27/40 [00:52<00:24,  1.90s/it]
Epoch 42/50:  70%|███████   | 28/40 [00:54<00:22,  1.89s/it]
Epoch 42/50:  72%|███████▎  | 29/40 [00:56<00:21,  1.93s/it]
Epoch 42/50:  75%|███████▌  | 30/40 [00:58<00:19,  1.94s/it]
Epoch 42/50:  78%|███████▊  | 31/40 [00:59<00:17,  1.94s/it]
Epoch 42/50:  80%|████████  | 32/40 [01:01<00:15,  1.88s/it]
Epoch 42/50:  82%|████████▎ | 33/40 [01:03<00:13,  1.90s/it]
Epoch 42/50:  85%|████████▌ | 34/40 [01:05<00:11,  1.85s/it]
Epoch 42/50:  88%|████████▊ | 35/40 [01:07<00:09,  1.88s/it]
Epoch 42/50:  90%|█████████ | 36/40 [01:09<00:07,  1.84s/it]
Epoch 42/50:  92%|█████████▎| 37/40 [01:10<00:05,  1.81s/it]
Epoch 42/50:  95%|█████████▌| 38/40 [01:12<00:03,  1.80s/it]
Epoch 42/50:  98%|█████████▊| 39/40 [01:14<00:01,  1.78s/it]
Epoch 42/50: 100%|██████████| 40/40 [01:15<00:00,  1.72s/it]
Epoch 42/50: 100%|██████████| 40/40 [01:15<00:00,  1.90s/it]

Epoch 42 — avg train loss: 0.0257

[Train classification report — Epoch 42]
               precision    recall  f1-score   support

  APPROPRIATE       0.96      1.00      0.98       152
INAPPROPRIATE       0.00      0.00      0.00         7

     accuracy                           0.96       159
    macro avg       0.48      0.50      0.49       159
 weighted avg       0.91      0.96      0.93       159


------------------------------------------------------------
DIAGNOSTIC — Epoch 42 | Task: appropriate_vocabulary_usage
------------------------------------------------------------

[1] Label token ID check
  'APPROPRIATE' → token_id=128256 → decoded='APPROPRIATE'
  'INAPPROPRIATE' → token_id=128257 → decoded='INAPPROPRIATE'
  ✓ All label token IDs are unique.

[2] Last-token identity (first 3 val samples)

Diag-val epoch 42:   0%|          | 0/10 [00:00<?, ?it/s]
Diag-val epoch 42:  10%|█         | 1/10 [00:00<00:03,  2.26it/s]
Diag-val epoch 42:  20%|██        | 2/10 [00:00<00:03,  2.33it/s]
Diag-val epoch 42:  30%|███       | 3/10 [00:01<00:03,  2.12it/s]
Diag-val epoch 42:  40%|████      | 4/10 [00:01<00:02,  2.04it/s]
Diag-val epoch 42:  50%|█████     | 5/10 [00:02<00:02,  2.02it/s]
Diag-val epoch 42:  60%|██████    | 6/10 [00:02<00:01,  2.09it/s]
Diag-val epoch 42:  70%|███████   | 7/10 [00:03<00:01,  2.07it/s]
Diag-val epoch 42:  80%|████████  | 8/10 [00:03<00:00,  2.02it/s]
Diag-val epoch 42:  90%|█████████ | 9/10 [00:04<00:00,  2.08it/s]
Diag-val epoch 42: 100%|██████████| 10/10 [00:04<00:00,  2.06it/s]
Diag-val epoch 42: 100%|██████████| 10/10 [00:04<00:00,  2.08it/s]
  Sample 0: last real token=':' (id=25) ✓ | position[-1] token=':' (id=25) ✓
  Sample 1: last real token=':' (id=25) ✓ | position[-1] token=':' (id=25) ✓
  Sample 2: last real token=':' (id=25) ✓ | position[-1] token=':' (id=25) ✓

[3] Logit spread over label tokens (first batch)
  'APPROPRIATE': mean=23.562  std=1.143  min=22.750  max=25.250
  'INAPPROPRIATE': mean=12.047  std=1.781  min=9.438  max=13.375
  Max-min spread per sample: mean=11.516  min=10.312  max=13.562
  (Spread near 0 → model not differentiating labels; large spread → confident predictions)

[4] Prediction vs. true label distribution
  Label                            True %   Pred %
  ------------------------------ -------- --------
  APPROPRIATE                       95.0%   100.0% ← collapsed?
  INAPPROPRIATE                      5.0%     0.0%

[Classification report — Epoch 42]
               precision    recall  f1-score   support

  APPROPRIATE       0.95      1.00      0.97        38
INAPPROPRIATE       0.00      0.00      0.00         2

     accuracy                           0.95        40
    macro avg       0.47      0.50      0.49        40
 weighted avg       0.90      0.95      0.93        40

------------------------------------------------------------

Epoch 43/50:   0%|          | 0/40 [00:00<?, ?it/s]
Epoch 43/50:   2%|▎         | 1/40 [00:02<01:19,  2.05s/it]
Epoch 43/50:   5%|▌         | 2/40 [00:03<01:13,  1.94s/it]
Epoch 43/50:   8%|▊         | 3/40 [00:05<01:10,  1.90s/it]
Epoch 43/50:  10%|█         | 4/40 [00:07<01:10,  1.96s/it]
Epoch 43/50:  12%|█▎        | 5/40 [00:09<01:08,  1.95s/it]
Epoch 43/50:  15%|█▌        | 6/40 [00:11<01:03,  1.86s/it]
Epoch 43/50:  18%|█▊        | 7/40 [00:13<01:00,  1.82s/it]
Epoch 43/50:  20%|██        | 8/40 [00:15<00:58,  1.83s/it]
Epoch 43/50:  22%|██▎       | 9/40 [00:16<00:56,  1.84s/it]
Epoch 43/50:  25%|██▌       | 10/40 [00:18<00:55,  1.84s/it]
Epoch 43/50:  28%|██▊       | 11/40 [00:20<00:53,  1.85s/it]
Epoch 43/50:  30%|███       | 12/40 [00:22<00:50,  1.82s/it]
Epoch 43/50:  32%|███▎      | 13/40 [00:24<00:49,  1.83s/it]
Epoch 43/50:  35%|███▌      | 14/40 [00:25<00:45,  1.76s/it]
Epoch 43/50:  38%|███▊      | 15/40 [00:27<00:43,  1.73s/it]
Epoch 43/50:  40%|████      | 16/40 [00:29<00:43,  1.79s/it]
Epoch 43/50:  42%|████▎     | 17/40 [00:31<00:40,  1.76s/it]
Epoch 43/50:  45%|████▌     | 18/40 [00:32<00:39,  1.79s/it]
Epoch 43/50:  48%|████▊     | 19/40 [00:34<00:37,  1.81s/it]
Epoch 43/50:  50%|█████     | 20/40 [00:36<00:38,  1.93s/it]
Epoch 43/50:  52%|█████▎    | 21/40 [00:38<00:36,  1.91s/it]
Epoch 43/50:  55%|█████▌    | 22/40 [00:40<00:33,  1.84s/it]
Epoch 43/50:  57%|█████▊    | 23/40 [00:42<00:32,  1.90s/it]
Epoch 43/50:  60%|██████    | 24/40 [00:44<00:30,  1.94s/it]
Epoch 43/50:  62%|██████▎   | 25/40 [00:46<00:30,  2.05s/it]
Epoch 43/50:  65%|██████▌   | 26/40 [00:48<00:27,  1.96s/it]
Epoch 43/50:  68%|██████▊   | 27/40 [00:50<00:25,  1.96s/it]
Epoch 43/50:  70%|███████   | 28/40 [00:52<00:24,  2.02s/it]
Epoch 43/50:  72%|███████▎  | 29/40 [00:54<00:21,  2.00s/it]
Epoch 43/50:  75%|███████▌  | 30/40 [00:56<00:19,  1.96s/it]
Epoch 43/50:  78%|███████▊  | 31/40 [00:58<00:17,  1.98s/it]
Epoch 43/50:  80%|████████  | 32/40 [01:00<00:15,  1.97s/it]
Epoch 43/50:  82%|████████▎ | 33/40 [01:02<00:13,  1.96s/it]
Epoch 43/50:  85%|████████▌ | 34/40 [01:04<00:11,  1.90s/it]
Epoch 43/50:  88%|████████▊ | 35/40 [01:06<00:09,  1.91s/it]
Epoch 43/50:  90%|█████████ | 36/40 [01:08<00:07,  1.98s/it]
Epoch 43/50:  92%|█████████▎| 37/40 [01:10<00:05,  1.95s/it]
Epoch 43/50:  95%|█████████▌| 38/40 [01:12<00:04,  2.02s/it]
Epoch 43/50:  98%|█████████▊| 39/40 [01:14<00:01,  1.94s/it]
Epoch 43/50: 100%|██████████| 40/40 [01:15<00:00,  1.82s/it]
Epoch 43/50: 100%|██████████| 40/40 [01:15<00:00,  1.89s/it]

Epoch 43 — avg train loss: 0.0141

[Train classification report — Epoch 43]
               precision    recall  f1-score   support

  APPROPRIATE       0.96      1.00      0.98       152
INAPPROPRIATE       0.00      0.00      0.00         7

     accuracy                           0.96       159
    macro avg       0.48      0.50      0.49       159
 weighted avg       0.91      0.96      0.93       159


------------------------------------------------------------
DIAGNOSTIC — Epoch 43 | Task: appropriate_vocabulary_usage
------------------------------------------------------------

[1] Label token ID check
  'APPROPRIATE' → token_id=128256 → decoded='APPROPRIATE'
  'INAPPROPRIATE' → token_id=128257 → decoded='INAPPROPRIATE'
  ✓ All label token IDs are unique.

[2] Last-token identity (first 3 val samples)

Diag-val epoch 43:   0%|          | 0/10 [00:00<?, ?it/s]
Diag-val epoch 43:  10%|█         | 1/10 [00:00<00:03,  2.27it/s]
Diag-val epoch 43:  20%|██        | 2/10 [00:00<00:03,  2.34it/s]
Diag-val epoch 43:  30%|███       | 3/10 [00:01<00:03,  2.13it/s]
Diag-val epoch 43:  40%|████      | 4/10 [00:01<00:02,  2.05it/s]
Diag-val epoch 43:  50%|█████     | 5/10 [00:02<00:02,  2.03it/s]
Diag-val epoch 43:  60%|██████    | 6/10 [00:02<00:01,  2.10it/s]
Diag-val epoch 43:  70%|███████   | 7/10 [00:03<00:01,  2.06it/s]
Diag-val epoch 43:  80%|████████  | 8/10 [00:03<00:00,  2.02it/s]
Diag-val epoch 43:  90%|█████████ | 9/10 [00:04<00:00,  2.08it/s]
Diag-val epoch 43: 100%|██████████| 10/10 [00:04<00:00,  2.06it/s]
Diag-val epoch 43: 100%|██████████| 10/10 [00:04<00:00,  2.08it/s]
  Sample 0: last real token=':' (id=25) ✓ | position[-1] token=':' (id=25) ✓
  Sample 1: last real token=':' (id=25) ✓ | position[-1] token=':' (id=25) ✓
  Sample 2: last real token=':' (id=25) ✓ | position[-1] token=':' (id=25) ✓

[3] Logit spread over label tokens (first batch)
  'APPROPRIATE': mean=23.500  std=1.113  min=22.625  max=25.125
  'INAPPROPRIATE': mean=12.031  std=1.766  min=9.438  max=13.312
  Max-min spread per sample: mean=11.469  min=10.188  max=13.562
  (Spread near 0 → model not differentiating labels; large spread → confident predictions)

[4] Prediction vs. true label distribution
  Label                            True %   Pred %
  ------------------------------ -------- --------
  APPROPRIATE                       95.0%   100.0% ← collapsed?
  INAPPROPRIATE                      5.0%     0.0%

[Classification report — Epoch 43]
               precision    recall  f1-score   support

  APPROPRIATE       0.95      1.00      0.97        38
INAPPROPRIATE       0.00      0.00      0.00         2

     accuracy                           0.95        40
    macro avg       0.47      0.50      0.49        40
 weighted avg       0.90      0.95      0.93        40

------------------------------------------------------------

Epoch 44/50:   0%|          | 0/40 [00:00<?, ?it/s]
Epoch 44/50:   2%|▎         | 1/40 [00:01<01:16,  1.97s/it]
Epoch 44/50:   5%|▌         | 2/40 [00:03<01:09,  1.83s/it]
Epoch 44/50:   8%|▊         | 3/40 [00:05<01:14,  2.00s/it]
Epoch 44/50:  10%|█         | 4/40 [00:08<01:16,  2.13s/it]
Epoch 44/50:  12%|█▎        | 5/40 [00:09<01:08,  1.96s/it]
Epoch 44/50:  15%|█▌        | 6/40 [00:11<01:07,  1.99s/it]
Epoch 44/50:  18%|█▊        | 7/40 [00:13<01:02,  1.89s/it]
Epoch 44/50:  20%|██        | 8/40 [00:15<00:58,  1.84s/it]
Epoch 44/50:  22%|██▎       | 9/40 [00:17<00:57,  1.85s/it]
Epoch 44/50:  25%|██▌       | 10/40 [00:19<00:55,  1.85s/it]
Epoch 44/50:  28%|██▊       | 11/40 [00:21<00:54,  1.89s/it]
Epoch 44/50:  30%|███       | 12/40 [00:23<00:53,  1.91s/it]
Epoch 44/50:  32%|███▎      | 13/40 [00:24<00:51,  1.92s/it]
Epoch 44/50:  35%|███▌      | 14/40 [00:26<00:49,  1.91s/it]
Epoch 44/50:  38%|███▊      | 15/40 [00:28<00:47,  1.89s/it]
Epoch 44/50:  40%|████      | 16/40 [00:30<00:46,  1.93s/it]
Epoch 44/50:  42%|████▎     | 17/40 [00:32<00:45,  2.00s/it]
Epoch 44/50:  45%|████▌     | 18/40 [00:34<00:43,  1.96s/it]
Epoch 44/50:  48%|████▊     | 19/40 [00:36<00:39,  1.87s/it]
Epoch 44/50:  50%|█████     | 20/40 [00:38<00:37,  1.87s/it]
Epoch 44/50:  52%|█████▎    | 21/40 [00:40<00:35,  1.86s/it]
Epoch 44/50:  55%|█████▌    | 22/40 [00:42<00:33,  1.88s/it]
Epoch 44/50:  57%|█████▊    | 23/40 [00:43<00:30,  1.81s/it]
Epoch 44/50:  60%|██████    | 24/40 [00:45<00:30,  1.88s/it]
Epoch 44/50:  62%|██████▎   | 25/40 [00:47<00:28,  1.93s/it]
Epoch 44/50:  65%|██████▌   | 26/40 [00:49<00:27,  1.93s/it]
Epoch 44/50:  68%|██████▊   | 27/40 [00:51<00:25,  1.93s/it]
Epoch 44/50:  70%|███████   | 28/40 [00:53<00:22,  1.88s/it]
Epoch 44/50:  72%|███████▎  | 29/40 [00:55<00:20,  1.84s/it]
Epoch 44/50:  75%|███████▌  | 30/40 [00:57<00:19,  1.93s/it]
Epoch 44/50:  78%|███████▊  | 31/40 [00:59<00:18,  2.01s/it]
Epoch 44/50:  80%|████████  | 32/40 [01:01<00:15,  1.96s/it]
Epoch 44/50:  82%|████████▎ | 33/40 [01:03<00:13,  1.99s/it]
Epoch 44/50:  85%|████████▌ | 34/40 [01:05<00:12,  2.03s/it]
Epoch 44/50:  88%|████████▊ | 35/40 [01:07<00:10,  2.01s/it]
Epoch 44/50:  90%|█████████ | 36/40 [01:09<00:08,  2.01s/it]
Epoch 44/50:  92%|█████████▎| 37/40 [01:11<00:05,  2.00s/it]
Epoch 44/50:  95%|█████████▌| 38/40 [01:13<00:03,  1.96s/it]
Epoch 44/50:  98%|█████████▊| 39/40 [01:15<00:01,  1.92s/it]
Epoch 44/50: 100%|██████████| 40/40 [01:16<00:00,  1.80s/it]
Epoch 44/50: 100%|██████████| 40/40 [01:16<00:00,  1.92s/it]

Epoch 44 — avg train loss: 0.0219

[Train classification report — Epoch 44]
               precision    recall  f1-score   support

  APPROPRIATE       0.96      1.00      0.98       152
INAPPROPRIATE       0.00      0.00      0.00         7

     accuracy                           0.96       159
    macro avg       0.48      0.50      0.49       159
 weighted avg       0.91      0.96      0.93       159


------------------------------------------------------------
DIAGNOSTIC — Epoch 44 | Task: appropriate_vocabulary_usage
------------------------------------------------------------

[1] Label token ID check
  'APPROPRIATE' → token_id=128256 → decoded='APPROPRIATE'
  'INAPPROPRIATE' → token_id=128257 → decoded='INAPPROPRIATE'
  ✓ All label token IDs are unique.

[2] Last-token identity (first 3 val samples)

Diag-val epoch 44:   0%|          | 0/10 [00:00<?, ?it/s]
Diag-val epoch 44:  10%|█         | 1/10 [00:00<00:03,  2.27it/s]
Diag-val epoch 44:  20%|██        | 2/10 [00:00<00:03,  2.33it/s]
Diag-val epoch 44:  30%|███       | 3/10 [00:01<00:03,  2.12it/s]
Diag-val epoch 44:  40%|████      | 4/10 [00:01<00:02,  2.04it/s]
Diag-val epoch 44:  50%|█████     | 5/10 [00:02<00:02,  2.02it/s]
Diag-val epoch 44:  60%|██████    | 6/10 [00:02<00:01,  2.09it/s]
Diag-val epoch 44:  70%|███████   | 7/10 [00:03<00:01,  2.06it/s]
Diag-val epoch 44:  80%|████████  | 8/10 [00:03<00:00,  2.02it/s]
Diag-val epoch 44:  90%|█████████ | 9/10 [00:04<00:00,  2.08it/s]
Diag-val epoch 44: 100%|██████████| 10/10 [00:04<00:00,  2.06it/s]
Diag-val epoch 44: 100%|██████████| 10/10 [00:04<00:00,  2.08it/s]
  Sample 0: last real token=':' (id=25) ✓ | position[-1] token=':' (id=25) ✓
  Sample 1: last real token=':' (id=25) ✓ | position[-1] token=':' (id=25) ✓
  Sample 2: last real token=':' (id=25) ✓ | position[-1] token=':' (id=25) ✓

[3] Logit spread over label tokens (first batch)
  'APPROPRIATE': mean=23.469  std=1.129  min=22.750  max=25.125
  'INAPPROPRIATE': mean=11.953  std=1.788  min=9.312  max=13.250
  Max-min spread per sample: mean=11.516  min=10.250  max=13.438
  (Spread near 0 → model not differentiating labels; large spread → confident predictions)

[4] Prediction vs. true label distribution
  Label                            True %   Pred %
  ------------------------------ -------- --------
  APPROPRIATE                       95.0%   100.0% ← collapsed?
  INAPPROPRIATE                      5.0%     0.0%

[Classification report — Epoch 44]
               precision    recall  f1-score   support

  APPROPRIATE       0.95      1.00      0.97        38
INAPPROPRIATE       0.00      0.00      0.00         2

     accuracy                           0.95        40
    macro avg       0.47      0.50      0.49        40
 weighted avg       0.90      0.95      0.93        40

------------------------------------------------------------

Epoch 45/50:   0%|          | 0/40 [00:00<?, ?it/s]
Epoch 45/50:   2%|▎         | 1/40 [00:01<01:12,  1.85s/it]
Epoch 45/50:   5%|▌         | 2/40 [00:03<01:14,  1.96s/it]
Epoch 45/50:   8%|▊         | 3/40 [00:05<01:08,  1.86s/it]
Epoch 45/50:  10%|█         | 4/40 [00:07<01:07,  1.86s/it]
Epoch 45/50:  12%|█▎        | 5/40 [00:09<01:05,  1.86s/it]
Epoch 45/50:  15%|█▌        | 6/40 [00:11<01:03,  1.86s/it]
Epoch 45/50:  18%|█▊        | 7/40 [00:13<01:02,  1.89s/it]
Epoch 45/50:  20%|██        | 8/40 [00:15<01:03,  1.99s/it]
Epoch 45/50:  22%|██▎       | 9/40 [00:17<01:00,  1.95s/it]
Epoch 45/50:  25%|██▌       | 10/40 [00:19<01:00,  2.01s/it]
Epoch 45/50:  28%|██▊       | 11/40 [00:21<00:55,  1.92s/it]
Epoch 45/50:  30%|███       | 12/40 [00:23<00:54,  1.93s/it]
Epoch 45/50:  32%|███▎      | 13/40 [00:25<00:52,  1.96s/it]
Epoch 45/50:  35%|███▌      | 14/40 [00:26<00:50,  1.93s/it]
Epoch 45/50:  38%|███▊      | 15/40 [00:28<00:47,  1.91s/it]
Epoch 45/50:  40%|████      | 16/40 [00:30<00:47,  1.98s/it]
Epoch 45/50:  42%|████▎     | 17/40 [00:32<00:44,  1.94s/it]
Epoch 45/50:  45%|████▌     | 18/40 [00:34<00:42,  1.92s/it]
Epoch 45/50:  48%|████▊     | 19/40 [00:36<00:40,  1.93s/it]
Epoch 45/50:  50%|█████     | 20/40 [00:38<00:40,  2.04s/it]
Epoch 45/50:  52%|█████▎    | 21/40 [00:40<00:37,  1.95s/it]
Epoch 45/50:  55%|█████▌    | 22/40 [00:42<00:33,  1.84s/it]
Epoch 45/50:  57%|█████▊    | 23/40 [00:43<00:30,  1.81s/it]
Epoch 45/50:  60%|██████    | 24/40 [00:45<00:29,  1.85s/it]
Epoch 45/50:  62%|██████▎   | 25/40 [00:47<00:26,  1.74s/it]
Epoch 45/50:  65%|██████▌   | 26/40 [00:49<00:25,  1.81s/it]
Epoch 45/50:  68%|██████▊   | 27/40 [00:51<00:23,  1.82s/it]
Epoch 45/50:  70%|███████   | 28/40 [00:53<00:22,  1.88s/it]
Epoch 45/50:  72%|███████▎  | 29/40 [00:54<00:19,  1.76s/it]
Epoch 45/50:  75%|███████▌  | 30/40 [00:56<00:17,  1.79s/it]
Epoch 45/50:  78%|███████▊  | 31/40 [00:58<00:15,  1.76s/it]
Epoch 45/50:  80%|████████  | 32/40 [01:00<00:14,  1.84s/it]
Epoch 45/50:  82%|████████▎ | 33/40 [01:02<00:12,  1.84s/it]
Epoch 45/50:  85%|████████▌ | 34/40 [01:03<00:10,  1.81s/it]
Epoch 45/50:  88%|████████▊ | 35/40 [01:05<00:09,  1.83s/it]
Epoch 45/50:  90%|█████████ | 36/40 [01:07<00:07,  1.87s/it]
Epoch 45/50:  92%|█████████▎| 37/40 [01:09<00:05,  1.89s/it]
Epoch 45/50:  95%|█████████▌| 38/40 [01:11<00:03,  1.99s/it]
Epoch 45/50:  98%|█████████▊| 39/40 [01:13<00:01,  1.91s/it]
Epoch 45/50: 100%|██████████| 40/40 [01:15<00:00,  1.76s/it]
Epoch 45/50: 100%|██████████| 40/40 [01:15<00:00,  1.88s/it]

Epoch 45 — avg train loss: 0.0219

[Train classification report — Epoch 45]
               precision    recall  f1-score   support

  APPROPRIATE       0.96      1.00      0.98       152
INAPPROPRIATE       0.00      0.00      0.00         7

     accuracy                           0.96       159
    macro avg       0.48      0.50      0.49       159
 weighted avg       0.91      0.96      0.93       159


------------------------------------------------------------
DIAGNOSTIC — Epoch 45 | Task: appropriate_vocabulary_usage
------------------------------------------------------------

[1] Label token ID check
  'APPROPRIATE' → token_id=128256 → decoded='APPROPRIATE'
  'INAPPROPRIATE' → token_id=128257 → decoded='INAPPROPRIATE'
  ✓ All label token IDs are unique.

[2] Last-token identity (first 3 val samples)

Diag-val epoch 45:   0%|          | 0/10 [00:00<?, ?it/s]
Diag-val epoch 45:  10%|█         | 1/10 [00:00<00:03,  2.26it/s]
Diag-val epoch 45:  20%|██        | 2/10 [00:00<00:03,  2.33it/s]
Diag-val epoch 45:  30%|███       | 3/10 [00:01<00:03,  2.12it/s]
Diag-val epoch 45:  40%|████      | 4/10 [00:01<00:02,  2.04it/s]
Diag-val epoch 45:  50%|█████     | 5/10 [00:02<00:02,  2.02it/s]
Diag-val epoch 45:  60%|██████    | 6/10 [00:02<00:01,  2.09it/s]
Diag-val epoch 45:  70%|███████   | 7/10 [00:03<00:01,  2.07it/s]
Diag-val epoch 45:  80%|████████  | 8/10 [00:03<00:00,  2.02it/s]
Diag-val epoch 45:  90%|█████████ | 9/10 [00:04<00:00,  2.08it/s]
Diag-val epoch 45: 100%|██████████| 10/10 [00:04<00:00,  2.06it/s]
Diag-val epoch 45: 100%|██████████| 10/10 [00:04<00:00,  2.08it/s]
  Sample 0: last real token=':' (id=25) ✓ | position[-1] token=':' (id=25) ✓
  Sample 1: last real token=':' (id=25) ✓ | position[-1] token=':' (id=25) ✓
  Sample 2: last real token=':' (id=25) ✓ | position[-1] token=':' (id=25) ✓

[3] Logit spread over label tokens (first batch)
  'APPROPRIATE': mean=23.531  std=1.082  min=22.750  max=25.125
  'INAPPROPRIATE': mean=12.031  std=1.812  min=9.375  max=13.375
  Max-min spread per sample: mean=11.500  min=10.312  max=13.625
  (Spread near 0 → model not differentiating labels; large spread → confident predictions)

[4] Prediction vs. true label distribution
  Label                            True %   Pred %
  ------------------------------ -------- --------
  APPROPRIATE                       95.0%   100.0% ← collapsed?
  INAPPROPRIATE                      5.0%     0.0%

[Classification report — Epoch 45]
               precision    recall  f1-score   support

  APPROPRIATE       0.95      1.00      0.97        38
INAPPROPRIATE       0.00      0.00      0.00         2

     accuracy                           0.95        40
    macro avg       0.47      0.50      0.49        40
 weighted avg       0.90      0.95      0.93        40

------------------------------------------------------------

Epoch 46/50:   0%|          | 0/40 [00:00<?, ?it/s]
Epoch 46/50:   2%|▎         | 1/40 [00:01<01:16,  1.96s/it]
Epoch 46/50:   5%|▌         | 2/40 [00:04<01:16,  2.01s/it]
Epoch 46/50:   8%|▊         | 3/40 [00:06<01:16,  2.07s/it]
Epoch 46/50:  10%|█         | 4/40 [00:07<01:09,  1.92s/it]
Epoch 46/50:  12%|█▎        | 5/40 [00:09<01:06,  1.90s/it]
Epoch 46/50:  15%|█▌        | 6/40 [00:11<01:04,  1.89s/it]
Epoch 46/50:  18%|█▊        | 7/40 [00:13<01:00,  1.84s/it]
Epoch 46/50:  20%|██        | 8/40 [00:15<01:01,  1.94s/it]
Epoch 46/50:  22%|██▎       | 9/40 [00:17<01:00,  1.94s/it]
Epoch 46/50:  25%|██▌       | 10/40 [00:19<00:56,  1.88s/it]
Epoch 46/50:  28%|██▊       | 11/40 [00:20<00:53,  1.84s/it]
Epoch 46/50:  30%|███       | 12/40 [00:22<00:53,  1.89s/it]
Epoch 46/50:  32%|███▎      | 13/40 [00:24<00:49,  1.83s/it]
Epoch 46/50:  35%|███▌      | 14/40 [00:26<00:50,  1.94s/it]
Epoch 46/50:  38%|███▊      | 15/40 [00:28<00:45,  1.80s/it]
Epoch 46/50:  40%|████      | 16/40 [00:30<00:43,  1.82s/it]
Epoch 46/50:  42%|████▎     | 17/40 [00:32<00:43,  1.88s/it]
Epoch 46/50:  45%|████▌     | 18/40 [00:34<00:41,  1.90s/it]
Epoch 46/50:  48%|████▊     | 19/40 [00:36<00:40,  1.92s/it]
Epoch 46/50:  50%|█████     | 20/40 [00:37<00:37,  1.90s/it]
Epoch 46/50:  52%|█████▎    | 21/40 [00:39<00:36,  1.91s/it]
Epoch 46/50:  55%|█████▌    | 22/40 [00:42<00:36,  2.03s/it]
Epoch 46/50:  57%|█████▊    | 23/40 [00:43<00:32,  1.90s/it]
Epoch 46/50:  60%|██████    | 24/40 [00:45<00:30,  1.93s/it]
Epoch 46/50:  62%|██████▎   | 25/40 [00:47<00:28,  1.91s/it]
Epoch 46/50:  65%|██████▌   | 26/40 [00:49<00:26,  1.86s/it]
Epoch 46/50:  68%|██████▊   | 27/40 [00:51<00:23,  1.82s/it]
Epoch 46/50:  70%|███████   | 28/40 [00:52<00:21,  1.83s/it]
Epoch 46/50:  72%|███████▎  | 29/40 [00:55<00:21,  1.94s/it]
Epoch 46/50:  75%|███████▌  | 30/40 [00:57<00:20,  2.00s/it]
Epoch 46/50:  78%|███████▊  | 31/40 [00:59<00:17,  1.96s/it]
Epoch 46/50:  80%|████████  | 32/40 [01:01<00:15,  1.98s/it]
Epoch 46/50:  82%|████████▎ | 33/40 [01:03<00:13,  1.97s/it]
Epoch 46/50:  85%|████████▌ | 34/40 [01:04<00:11,  1.90s/it]
Epoch 46/50:  88%|████████▊ | 35/40 [01:06<00:09,  1.86s/it]
Epoch 46/50:  90%|█████████ | 36/40 [01:08<00:07,  1.85s/it]
Epoch 46/50:  92%|█████████▎| 37/40 [01:10<00:05,  1.88s/it]
Epoch 46/50:  95%|█████████▌| 38/40 [01:12<00:03,  1.90s/it]
Epoch 46/50:  98%|█████████▊| 39/40 [01:14<00:01,  1.94s/it]
Epoch 46/50: 100%|██████████| 40/40 [01:15<00:00,  1.75s/it]
Epoch 46/50: 100%|██████████| 40/40 [01:15<00:00,  1.89s/it]

Epoch 46 — avg train loss: 0.0235

[Train classification report — Epoch 46]
               precision    recall  f1-score   support

  APPROPRIATE       0.96      1.00      0.98       152
INAPPROPRIATE       0.00      0.00      0.00         7

     accuracy                           0.96       159
    macro avg       0.48      0.50      0.49       159
 weighted avg       0.91      0.96      0.93       159


------------------------------------------------------------
DIAGNOSTIC — Epoch 46 | Task: appropriate_vocabulary_usage
------------------------------------------------------------

[1] Label token ID check
  'APPROPRIATE' → token_id=128256 → decoded='APPROPRIATE'
  'INAPPROPRIATE' → token_id=128257 → decoded='INAPPROPRIATE'
  ✓ All label token IDs are unique.

[2] Last-token identity (first 3 val samples)

Diag-val epoch 46:   0%|          | 0/10 [00:00<?, ?it/s]
Diag-val epoch 46:  10%|█         | 1/10 [00:00<00:03,  2.26it/s]
Diag-val epoch 46:  20%|██        | 2/10 [00:00<00:03,  2.33it/s]
Diag-val epoch 46:  30%|███       | 3/10 [00:01<00:03,  2.14it/s]
Diag-val epoch 46:  40%|████      | 4/10 [00:01<00:02,  2.05it/s]
Diag-val epoch 46:  50%|█████     | 5/10 [00:02<00:02,  2.03it/s]
Diag-val epoch 46:  60%|██████    | 6/10 [00:02<00:01,  2.09it/s]
Diag-val epoch 46:  70%|███████   | 7/10 [00:03<00:01,  2.07it/s]
Diag-val epoch 46:  80%|████████  | 8/10 [00:03<00:00,  2.02it/s]
Diag-val epoch 46:  90%|█████████ | 9/10 [00:04<00:00,  2.08it/s]
Diag-val epoch 46: 100%|██████████| 10/10 [00:04<00:00,  2.06it/s]
Diag-val epoch 46: 100%|██████████| 10/10 [00:04<00:00,  2.08it/s]
  Sample 0: last real token=':' (id=25) ✓ | position[-1] token=':' (id=25) ✓
  Sample 1: last real token=':' (id=25) ✓ | position[-1] token=':' (id=25) ✓
  Sample 2: last real token=':' (id=25) ✓ | position[-1] token=':' (id=25) ✓

[3] Logit spread over label tokens (first batch)
  'APPROPRIATE': mean=23.531  std=1.082  min=22.750  max=25.125
  'INAPPROPRIATE': mean=12.016  std=1.715  min=9.500  max=13.312
  Max-min spread per sample: mean=11.516  min=10.312  max=13.500
  (Spread near 0 → model not differentiating labels; large spread → confident predictions)

[4] Prediction vs. true label distribution
  Label                            True %   Pred %
  ------------------------------ -------- --------
  APPROPRIATE                       95.0%   100.0% ← collapsed?
  INAPPROPRIATE                      5.0%     0.0%

[Classification report — Epoch 46]
               precision    recall  f1-score   support

  APPROPRIATE       0.95      1.00      0.97        38
INAPPROPRIATE       0.00      0.00      0.00         2

     accuracy                           0.95        40
    macro avg       0.47      0.50      0.49        40
 weighted avg       0.90      0.95      0.93        40

------------------------------------------------------------

Epoch 47/50:   0%|          | 0/40 [00:00<?, ?it/s]
Epoch 47/50:   2%|▎         | 1/40 [00:01<01:16,  1.96s/it]
Epoch 47/50:   5%|▌         | 2/40 [00:03<01:14,  1.95s/it]
Epoch 47/50:   8%|▊         | 3/40 [00:05<01:10,  1.90s/it]
Epoch 47/50:  10%|█         | 4/40 [00:07<01:11,  2.00s/it]
Epoch 47/50:  12%|█▎        | 5/40 [00:09<01:06,  1.91s/it]
Epoch 47/50:  15%|█▌        | 6/40 [00:11<01:02,  1.85s/it]
Epoch 47/50:  18%|█▊        | 7/40 [00:13<01:00,  1.85s/it]
Epoch 47/50:  20%|██        | 8/40 [00:15<01:00,  1.90s/it]
Epoch 47/50:  22%|██▎       | 9/40 [00:17<00:58,  1.89s/it]
Epoch 47/50:  25%|██▌       | 10/40 [00:18<00:54,  1.82s/it]
Epoch 47/50:  28%|██▊       | 11/40 [00:20<00:52,  1.80s/it]
Epoch 47/50:  30%|███       | 12/40 [00:22<00:50,  1.81s/it]
Epoch 47/50:  32%|███▎      | 13/40 [00:24<00:47,  1.77s/it]
Epoch 47/50:  35%|███▌      | 14/40 [00:26<00:48,  1.88s/it]
Epoch 47/50:  38%|███▊      | 15/40 [00:28<00:46,  1.87s/it]
Epoch 47/50:  40%|████      | 16/40 [00:30<00:48,  2.01s/it]
Epoch 47/50:  42%|████▎     | 17/40 [00:32<00:45,  1.99s/it]
Epoch 47/50:  45%|████▌     | 18/40 [00:34<00:43,  1.98s/it]
Epoch 47/50:  48%|████▊     | 19/40 [00:36<00:40,  1.94s/it]
Epoch 47/50:  50%|█████     | 20/40 [00:38<00:40,  2.01s/it]
Epoch 47/50:  52%|█████▎    | 21/40 [00:40<00:37,  1.96s/it]
Epoch 47/50:  55%|█████▌    | 22/40 [00:41<00:34,  1.93s/it]
Epoch 47/50:  57%|█████▊    | 23/40 [00:43<00:33,  1.96s/it]
Epoch 47/50:  60%|██████    | 24/40 [00:46<00:31,  1.98s/it]
Epoch 47/50:  62%|██████▎   | 25/40 [00:47<00:28,  1.89s/it]
Epoch 47/50:  65%|██████▌   | 26/40 [00:49<00:26,  1.93s/it]
Epoch 47/50:  68%|██████▊   | 27/40 [00:51<00:26,  2.01s/it]
Epoch 47/50:  70%|███████   | 28/40 [00:53<00:23,  1.99s/it]
Epoch 47/50:  72%|███████▎  | 29/40 [00:55<00:21,  1.98s/it]
Epoch 47/50:  75%|███████▌  | 30/40 [00:57<00:19,  1.91s/it]
Epoch 47/50:  78%|███████▊  | 31/40 [00:59<00:17,  1.92s/it]
Epoch 47/50:  80%|████████  | 32/40 [01:01<00:14,  1.87s/it]
Epoch 47/50:  82%|████████▎ | 33/40 [01:03<00:13,  1.89s/it]
Epoch 47/50:  85%|████████▌ | 34/40 [01:05<00:11,  1.91s/it]
Epoch 47/50:  88%|████████▊ | 35/40 [01:07<00:09,  1.94s/it]
Epoch 47/50:  90%|█████████ | 36/40 [01:09<00:07,  1.92s/it]
Epoch 47/50:  92%|█████████▎| 37/40 [01:10<00:05,  1.90s/it]
Epoch 47/50:  95%|█████████▌| 38/40 [01:12<00:03,  1.83s/it]
Epoch 47/50:  98%|█████████▊| 39/40 [01:14<00:01,  1.87s/it]
Epoch 47/50: 100%|██████████| 40/40 [01:16<00:00,  1.78s/it]
Epoch 47/50: 100%|██████████| 40/40 [01:16<00:00,  1.90s/it]

Epoch 47 — avg train loss: 0.0219

[Train classification report — Epoch 47]
               precision    recall  f1-score   support

  APPROPRIATE       0.96      1.00      0.98       152
INAPPROPRIATE       0.00      0.00      0.00         7

     accuracy                           0.96       159
    macro avg       0.48      0.50      0.49       159
 weighted avg       0.91      0.96      0.93       159


------------------------------------------------------------
DIAGNOSTIC — Epoch 47 | Task: appropriate_vocabulary_usage
------------------------------------------------------------

[1] Label token ID check
  'APPROPRIATE' → token_id=128256 → decoded='APPROPRIATE'
  'INAPPROPRIATE' → token_id=128257 → decoded='INAPPROPRIATE'
  ✓ All label token IDs are unique.

[2] Last-token identity (first 3 val samples)

Diag-val epoch 47:   0%|          | 0/10 [00:00<?, ?it/s]
Diag-val epoch 47:  10%|█         | 1/10 [00:00<00:03,  2.26it/s]
Diag-val epoch 47:  20%|██        | 2/10 [00:00<00:03,  2.33it/s]
Diag-val epoch 47:  30%|███       | 3/10 [00:01<00:03,  2.12it/s]
Diag-val epoch 47:  40%|████      | 4/10 [00:01<00:02,  2.04it/s]
Diag-val epoch 47:  50%|█████     | 5/10 [00:02<00:02,  2.02it/s]
Diag-val epoch 47:  60%|██████    | 6/10 [00:02<00:01,  2.09it/s]
Diag-val epoch 47:  70%|███████   | 7/10 [00:03<00:01,  2.06it/s]
Diag-val epoch 47:  80%|████████  | 8/10 [00:03<00:00,  2.02it/s]
Diag-val epoch 47:  90%|█████████ | 9/10 [00:04<00:00,  2.08it/s]
Diag-val epoch 47: 100%|██████████| 10/10 [00:04<00:00,  2.06it/s]
Diag-val epoch 47: 100%|██████████| 10/10 [00:04<00:00,  2.08it/s]
  Sample 0: last real token=':' (id=25) ✓ | position[-1] token=':' (id=25) ✓
  Sample 1: last real token=':' (id=25) ✓ | position[-1] token=':' (id=25) ✓
  Sample 2: last real token=':' (id=25) ✓ | position[-1] token=':' (id=25) ✓

[3] Logit spread over label tokens (first batch)
  'APPROPRIATE': mean=23.562  std=1.139  min=22.875  max=25.250
  'INAPPROPRIATE': mean=12.078  std=1.761  min=9.500  max=13.375
  Max-min spread per sample: mean=11.484  min=10.250  max=13.375
  (Spread near 0 → model not differentiating labels; large spread → confident predictions)

[4] Prediction vs. true label distribution
  Label                            True %   Pred %
  ------------------------------ -------- --------
  APPROPRIATE                       95.0%   100.0% ← collapsed?
  INAPPROPRIATE                      5.0%     0.0%

[Classification report — Epoch 47]
               precision    recall  f1-score   support

  APPROPRIATE       0.95      1.00      0.97        38
INAPPROPRIATE       0.00      0.00      0.00         2

     accuracy                           0.95        40
    macro avg       0.47      0.50      0.49        40
 weighted avg       0.90      0.95      0.93        40

------------------------------------------------------------

Epoch 48/50:   0%|          | 0/40 [00:00<?, ?it/s]
Epoch 48/50:   2%|▎         | 1/40 [00:01<01:16,  1.96s/it]
Epoch 48/50:   5%|▌         | 2/40 [00:04<01:18,  2.07s/it]
Epoch 48/50:   8%|▊         | 3/40 [00:05<01:11,  1.92s/it]
Epoch 48/50:  10%|█         | 4/40 [00:07<01:10,  1.97s/it]
Epoch 48/50:  12%|█▎        | 5/40 [00:09<01:02,  1.79s/it]
Epoch 48/50:  15%|█▌        | 6/40 [00:11<00:59,  1.75s/it]
Epoch 48/50:  18%|█▊        | 7/40 [00:12<00:59,  1.81s/it]
Epoch 48/50:  20%|██        | 8/40 [00:14<01:00,  1.88s/it]
Epoch 48/50:  22%|██▎       | 9/40 [00:16<00:58,  1.87s/it]
Epoch 48/50:  25%|██▌       | 10/40 [00:18<00:54,  1.83s/it]
Epoch 48/50:  28%|██▊       | 11/40 [00:20<00:54,  1.89s/it]
Epoch 48/50:  30%|███       | 12/40 [00:22<00:52,  1.88s/it]
Epoch 48/50:  32%|███▎      | 13/40 [00:23<00:47,  1.76s/it]
Epoch 48/50:  35%|███▌      | 14/40 [00:25<00:47,  1.82s/it]
Epoch 48/50:  38%|███▊      | 15/40 [00:27<00:44,  1.79s/it]
Epoch 48/50:  40%|████      | 16/40 [00:29<00:44,  1.84s/it]
Epoch 48/50:  42%|████▎     | 17/40 [00:31<00:44,  1.95s/it]
Epoch 48/50:  45%|████▌     | 18/40 [00:33<00:41,  1.89s/it]
Epoch 48/50:  48%|████▊     | 19/40 [00:35<00:40,  1.93s/it]
Epoch 48/50:  50%|█████     | 20/40 [00:37<00:39,  1.96s/it]
Epoch 48/50:  52%|█████▎    | 21/40 [00:39<00:35,  1.89s/it]
Epoch 48/50:  55%|█████▌    | 22/40 [00:41<00:34,  1.91s/it]
Epoch 48/50:  57%|█████▊    | 23/40 [00:43<00:32,  1.89s/it]
Epoch 48/50:  60%|██████    | 24/40 [00:45<00:31,  1.97s/it]
Epoch 48/50:  62%|██████▎   | 25/40 [00:47<00:28,  1.90s/it]
Epoch 48/50:  65%|██████▌   | 26/40 [00:49<00:27,  1.94s/it]
Epoch 48/50:  68%|██████▊   | 27/40 [00:50<00:24,  1.92s/it]
Epoch 48/50:  70%|███████   | 28/40 [00:53<00:24,  2.00s/it]
Epoch 48/50:  72%|███████▎  | 29/40 [00:54<00:21,  1.96s/it]
Epoch 48/50:  75%|███████▌  | 30/40 [00:56<00:19,  1.93s/it]
Epoch 48/50:  78%|███████▊  | 31/40 [00:58<00:17,  1.94s/it]
Epoch 48/50:  80%|████████  | 32/40 [01:01<00:16,  2.05s/it]
Epoch 48/50:  82%|████████▎ | 33/40 [01:03<00:14,  2.05s/it]
Epoch 48/50:  85%|████████▌ | 34/40 [01:05<00:12,  2.01s/it]
Epoch 48/50:  88%|████████▊ | 35/40 [01:06<00:09,  1.97s/it]
Epoch 48/50:  90%|█████████ | 36/40 [01:09<00:08,  2.02s/it]
Epoch 48/50:  92%|█████████▎| 37/40 [01:10<00:05,  1.97s/it]
Epoch 48/50:  95%|█████████▌| 38/40 [01:12<00:03,  1.97s/it]
Epoch 48/50:  98%|█████████▊| 39/40 [01:14<00:01,  1.93s/it]
Epoch 48/50: 100%|██████████| 40/40 [01:16<00:00,  1.77s/it]
Epoch 48/50: 100%|██████████| 40/40 [01:16<00:00,  1.90s/it]

Epoch 48 — avg train loss: 0.0236

[Train classification report — Epoch 48]
               precision    recall  f1-score   support

  APPROPRIATE       0.96      1.00      0.98       152
INAPPROPRIATE       0.00      0.00      0.00         7

     accuracy                           0.96       159
    macro avg       0.48      0.50      0.49       159
 weighted avg       0.91      0.96      0.93       159


------------------------------------------------------------
DIAGNOSTIC — Epoch 48 | Task: appropriate_vocabulary_usage
------------------------------------------------------------

[1] Label token ID check
  'APPROPRIATE' → token_id=128256 → decoded='APPROPRIATE'
  'INAPPROPRIATE' → token_id=128257 → decoded='INAPPROPRIATE'
  ✓ All label token IDs are unique.

[2] Last-token identity (first 3 val samples)

Diag-val epoch 48:   0%|          | 0/10 [00:00<?, ?it/s]
Diag-val epoch 48:  10%|█         | 1/10 [00:00<00:03,  2.25it/s]
Diag-val epoch 48:  20%|██        | 2/10 [00:00<00:03,  2.33it/s]
Diag-val epoch 48:  30%|███       | 3/10 [00:01<00:03,  2.13it/s]
Diag-val epoch 48:  40%|████      | 4/10 [00:01<00:02,  2.05it/s]
Diag-val epoch 48:  50%|█████     | 5/10 [00:02<00:02,  2.03it/s]
Diag-val epoch 48:  60%|██████    | 6/10 [00:02<00:01,  2.09it/s]
Diag-val epoch 48:  70%|███████   | 7/10 [00:03<00:01,  2.07it/s]
Diag-val epoch 48:  80%|████████  | 8/10 [00:03<00:00,  2.02it/s]
Diag-val epoch 48:  90%|█████████ | 9/10 [00:04<00:00,  2.08it/s]
Diag-val epoch 48: 100%|██████████| 10/10 [00:04<00:00,  2.06it/s]
Diag-val epoch 48: 100%|██████████| 10/10 [00:04<00:00,  2.08it/s]
  Sample 0: last real token=':' (id=25) ✓ | position[-1] token=':' (id=25) ✓
  Sample 1: last real token=':' (id=25) ✓ | position[-1] token=':' (id=25) ✓
  Sample 2: last real token=':' (id=25) ✓ | position[-1] token=':' (id=25) ✓

[3] Logit spread over label tokens (first batch)
  'APPROPRIATE': mean=23.469  std=1.134  min=22.625  max=25.125
  'INAPPROPRIATE': mean=12.031  std=1.762  min=9.438  max=13.250
  Max-min spread per sample: mean=11.438  min=10.188  max=13.438
  (Spread near 0 → model not differentiating labels; large spread → confident predictions)

[4] Prediction vs. true label distribution
  Label                            True %   Pred %
  ------------------------------ -------- --------
  APPROPRIATE                       95.0%   100.0% ← collapsed?
  INAPPROPRIATE                      5.0%     0.0%

[Classification report — Epoch 48]
               precision    recall  f1-score   support

  APPROPRIATE       0.95      1.00      0.97        38
INAPPROPRIATE       0.00      0.00      0.00         2

     accuracy                           0.95        40
    macro avg       0.47      0.50      0.49        40
 weighted avg       0.90      0.95      0.93        40

------------------------------------------------------------

Epoch 49/50:   0%|          | 0/40 [00:00<?, ?it/s]
Epoch 49/50:   2%|▎         | 1/40 [00:01<01:16,  1.96s/it]
Epoch 49/50:   5%|▌         | 2/40 [00:03<01:14,  1.96s/it]
Epoch 49/50:   8%|▊         | 3/40 [00:05<01:12,  1.96s/it]
Epoch 49/50:  10%|█         | 4/40 [00:07<01:07,  1.87s/it]
Epoch 49/50:  12%|█▎        | 5/40 [00:09<01:07,  1.93s/it]
Epoch 49/50:  15%|█▌        | 6/40 [00:11<01:08,  2.02s/it]
Epoch 49/50:  18%|█▊        | 7/40 [00:13<01:03,  1.91s/it]
Epoch 49/50:  20%|██        | 8/40 [00:15<00:58,  1.83s/it]
Epoch 49/50:  22%|██▎       | 9/40 [00:17<01:01,  1.98s/it]
Epoch 49/50:  25%|██▌       | 10/40 [00:19<00:59,  2.00s/it]
Epoch 49/50:  28%|██▊       | 11/40 [00:21<00:56,  1.96s/it]
Epoch 49/50:  30%|███       | 12/40 [00:23<00:55,  1.98s/it]
Epoch 49/50:  32%|███▎      | 13/40 [00:25<00:52,  1.94s/it]
Epoch 49/50:  35%|███▌      | 14/40 [00:27<00:49,  1.92s/it]
Epoch 49/50:  38%|███▊      | 15/40 [00:29<00:47,  1.90s/it]
Epoch 49/50:  40%|████      | 16/40 [00:30<00:46,  1.92s/it]
Epoch 49/50:  42%|████▎     | 17/40 [00:33<00:45,  1.99s/it]
Epoch 49/50:  45%|████▌     | 18/40 [00:34<00:41,  1.87s/it]
Epoch 49/50:  48%|████▊     | 19/40 [00:36<00:40,  1.92s/it]
Epoch 49/50:  50%|█████     | 20/40 [00:38<00:37,  1.90s/it]
Epoch 49/50:  52%|█████▎    | 21/40 [00:40<00:37,  1.97s/it]
Epoch 49/50:  55%|█████▌    | 22/40 [00:42<00:34,  1.90s/it]
Epoch 49/50:  57%|█████▊    | 23/40 [00:44<00:32,  1.89s/it]
Epoch 49/50:  60%|██████    | 24/40 [00:46<00:29,  1.85s/it]
Epoch 49/50:  62%|██████▎   | 25/40 [00:47<00:27,  1.85s/it]
Epoch 49/50:  65%|██████▌   | 26/40 [00:49<00:25,  1.85s/it]
Epoch 49/50:  68%|██████▊   | 27/40 [00:51<00:24,  1.88s/it]
Epoch 49/50:  70%|███████   | 28/40 [00:53<00:22,  1.90s/it]
Epoch 49/50:  72%|███████▎  | 29/40 [00:55<00:20,  1.89s/it]
Epoch 49/50:  75%|███████▌  | 30/40 [00:57<00:19,  1.93s/it]
Epoch 49/50:  78%|███████▊  | 31/40 [00:59<00:17,  1.96s/it]
Epoch 49/50:  80%|████████  | 32/40 [01:01<00:15,  1.90s/it]
Epoch 49/50:  82%|████████▎ | 33/40 [01:03<00:13,  1.93s/it]
Epoch 49/50:  85%|████████▌ | 34/40 [01:05<00:12,  2.02s/it]
Epoch 49/50:  88%|████████▊ | 35/40 [01:07<00:09,  2.00s/it]
Epoch 49/50:  90%|█████████ | 36/40 [01:09<00:07,  1.99s/it]
Epoch 49/50:  92%|█████████▎| 37/40 [01:11<00:05,  1.95s/it]
Epoch 49/50:  95%|█████████▌| 38/40 [01:13<00:03,  1.89s/it]
Epoch 49/50:  98%|█████████▊| 39/40 [01:15<00:01,  1.97s/it]
Epoch 49/50: 100%|██████████| 40/40 [01:16<00:00,  1.83s/it]
Epoch 49/50: 100%|██████████| 40/40 [01:16<00:00,  1.92s/it]

Epoch 49 — avg train loss: 0.0202

[Train classification report — Epoch 49]
               precision    recall  f1-score   support

  APPROPRIATE       0.96      1.00      0.98       152
INAPPROPRIATE       0.00      0.00      0.00         7

     accuracy                           0.96       159
    macro avg       0.48      0.50      0.49       159
 weighted avg       0.91      0.96      0.93       159


------------------------------------------------------------
DIAGNOSTIC — Epoch 49 | Task: appropriate_vocabulary_usage
------------------------------------------------------------

[1] Label token ID check
  'APPROPRIATE' → token_id=128256 → decoded='APPROPRIATE'
  'INAPPROPRIATE' → token_id=128257 → decoded='INAPPROPRIATE'
  ✓ All label token IDs are unique.

[2] Last-token identity (first 3 val samples)

Diag-val epoch 49:   0%|          | 0/10 [00:00<?, ?it/s]
Diag-val epoch 49:  10%|█         | 1/10 [00:00<00:03,  2.25it/s]
Diag-val epoch 49:  20%|██        | 2/10 [00:00<00:03,  2.33it/s]
Diag-val epoch 49:  30%|███       | 3/10 [00:01<00:03,  2.13it/s]
Diag-val epoch 49:  40%|████      | 4/10 [00:01<00:02,  2.05it/s]
Diag-val epoch 49:  50%|█████     | 5/10 [00:02<00:02,  2.03it/s]
Diag-val epoch 49:  60%|██████    | 6/10 [00:02<00:01,  2.09it/s]
Diag-val epoch 49:  70%|███████   | 7/10 [00:03<00:01,  2.06it/s]
Diag-val epoch 49:  80%|████████  | 8/10 [00:03<00:00,  2.02it/s]
Diag-val epoch 49:  90%|█████████ | 9/10 [00:04<00:00,  2.08it/s]
Diag-val epoch 49: 100%|██████████| 10/10 [00:04<00:00,  2.05it/s]
Diag-val epoch 49: 100%|██████████| 10/10 [00:04<00:00,  2.08it/s]
  Sample 0: last real token=':' (id=25) ✓ | position[-1] token=':' (id=25) ✓
  Sample 1: last real token=':' (id=25) ✓ | position[-1] token=':' (id=25) ✓
  Sample 2: last real token=':' (id=25) ✓ | position[-1] token=':' (id=25) ✓

[3] Logit spread over label tokens (first batch)
  'APPROPRIATE': mean=23.500  std=1.104  min=22.750  max=25.125
  'INAPPROPRIATE': mean=12.000  std=1.740  min=9.438  max=13.250
  Max-min spread per sample: mean=11.500  min=10.312  max=13.438
  (Spread near 0 → model not differentiating labels; large spread → confident predictions)

[4] Prediction vs. true label distribution
  Label                            True %   Pred %
  ------------------------------ -------- --------
  APPROPRIATE                       95.0%   100.0% ← collapsed?
  INAPPROPRIATE                      5.0%     0.0%

[Classification report — Epoch 49]
               precision    recall  f1-score   support

  APPROPRIATE       0.95      1.00      0.97        38
INAPPROPRIATE       0.00      0.00      0.00         2

     accuracy                           0.95        40
    macro avg       0.47      0.50      0.49        40
 weighted avg       0.90      0.95      0.93        40

------------------------------------------------------------

Epoch 50/50:   0%|          | 0/40 [00:00<?, ?it/s]
Epoch 50/50:   2%|▎         | 1/40 [00:02<01:27,  2.23s/it]
Epoch 50/50:   5%|▌         | 2/40 [00:04<01:18,  2.07s/it]
Epoch 50/50:   8%|▊         | 3/40 [00:06<01:13,  1.98s/it]
Epoch 50/50:  10%|█         | 4/40 [00:07<01:06,  1.86s/it]
Epoch 50/50:  12%|█▎        | 5/40 [00:09<01:05,  1.86s/it]
Epoch 50/50:  15%|█▌        | 6/40 [00:11<01:05,  1.92s/it]
Epoch 50/50:  18%|█▊        | 7/40 [00:13<01:02,  1.90s/it]
Epoch 50/50:  20%|██        | 8/40 [00:15<01:00,  1.89s/it]
Epoch 50/50:  22%|██▎       | 9/40 [00:17<00:58,  1.87s/it]
Epoch 50/50:  25%|██▌       | 10/40 [00:19<00:58,  1.96s/it]
Epoch 50/50:  28%|██▊       | 11/40 [00:21<00:54,  1.87s/it]
Epoch 50/50:  30%|███       | 12/40 [00:22<00:50,  1.81s/it]
Epoch 50/50:  32%|███▎      | 13/40 [00:24<00:48,  1.79s/it]
Epoch 50/50:  35%|███▌      | 14/40 [00:26<00:45,  1.75s/it]
Epoch 50/50:  38%|███▊      | 15/40 [00:27<00:44,  1.78s/it]
Epoch 50/50:  40%|████      | 16/40 [00:29<00:41,  1.72s/it]
Epoch 50/50:  42%|████▎     | 17/40 [00:31<00:39,  1.73s/it]
Epoch 50/50:  45%|████▌     | 18/40 [00:32<00:37,  1.70s/it]
Epoch 50/50:  48%|████▊     | 19/40 [00:34<00:35,  1.71s/it]
Epoch 50/50:  50%|█████     | 20/40 [00:36<00:37,  1.86s/it]
Epoch 50/50:  52%|█████▎    | 21/40 [00:38<00:35,  1.89s/it]
Epoch 50/50:  55%|█████▌    | 22/40 [00:40<00:33,  1.84s/it]
Epoch 50/50:  57%|█████▊    | 23/40 [00:42<00:30,  1.82s/it]
Epoch 50/50:  60%|██████    | 24/40 [00:44<00:30,  1.88s/it]
Epoch 50/50:  62%|██████▎   | 25/40 [00:45<00:26,  1.76s/it]
Epoch 50/50:  65%|██████▌   | 26/40 [00:47<00:24,  1.75s/it]
Epoch 50/50:  68%|██████▊   | 27/40 [00:49<00:23,  1.84s/it]
Epoch 50/50:  70%|███████   | 28/40 [00:51<00:22,  1.89s/it]
Epoch 50/50:  72%|███████▎  | 29/40 [00:53<00:21,  1.91s/it]
Epoch 50/50:  75%|███████▌  | 30/40 [00:55<00:18,  1.89s/it]
Epoch 50/50:  78%|███████▊  | 31/40 [00:57<00:17,  1.91s/it]
Epoch 50/50:  80%|████████  | 32/40 [00:59<00:16,  2.03s/it]
Epoch 50/50:  82%|████████▎ | 33/40 [01:01<00:14,  2.07s/it]
Epoch 50/50:  85%|████████▌ | 34/40 [01:03<00:12,  2.06s/it]
Epoch 50/50:  88%|████████▊ | 35/40 [01:05<00:10,  2.03s/it]
Epoch 50/50:  90%|█████████ | 36/40 [01:07<00:08,  2.07s/it]
Epoch 50/50:  92%|█████████▎| 37/40 [01:09<00:06,  2.03s/it]
Epoch 50/50:  95%|█████████▌| 38/40 [01:11<00:03,  1.90s/it]
Epoch 50/50:  98%|█████████▊| 39/40 [01:13<00:01,  1.89s/it]
Epoch 50/50: 100%|██████████| 40/40 [01:14<00:00,  1.71s/it]
Epoch 50/50: 100%|██████████| 40/40 [01:14<00:00,  1.87s/it]

Epoch 50 — avg train loss: 0.0203

[Train classification report — Epoch 50]
               precision    recall  f1-score   support

  APPROPRIATE       0.96      1.00      0.98       152
INAPPROPRIATE       0.00      0.00      0.00         7

     accuracy                           0.96       159
    macro avg       0.48      0.50      0.49       159
 weighted avg       0.91      0.96      0.93       159


------------------------------------------------------------
DIAGNOSTIC — Epoch 50 | Task: appropriate_vocabulary_usage
------------------------------------------------------------

[1] Label token ID check
  'APPROPRIATE' → token_id=128256 → decoded='APPROPRIATE'
  'INAPPROPRIATE' → token_id=128257 → decoded='INAPPROPRIATE'
  ✓ All label token IDs are unique.

[2] Last-token identity (first 3 val samples)

Diag-val epoch 50:   0%|          | 0/10 [00:00<?, ?it/s]
Diag-val epoch 50:  10%|█         | 1/10 [00:00<00:03,  2.25it/s]
Diag-val epoch 50:  20%|██        | 2/10 [00:00<00:03,  2.33it/s]
Diag-val epoch 50:  30%|███       | 3/10 [00:01<00:03,  2.13it/s]
Diag-val epoch 50:  40%|████      | 4/10 [00:01<00:02,  2.05it/s]
Diag-val epoch 50:  50%|█████     | 5/10 [00:02<00:02,  2.03it/s]
Diag-val epoch 50:  60%|██████    | 6/10 [00:02<00:01,  2.09it/s]
Diag-val epoch 50:  70%|███████   | 7/10 [00:03<00:01,  2.07it/s]
Diag-val epoch 50:  80%|████████  | 8/10 [00:03<00:00,  2.02it/s]
Diag-val epoch 50:  90%|█████████ | 9/10 [00:04<00:00,  2.08it/s]
Diag-val epoch 50: 100%|██████████| 10/10 [00:04<00:00,  2.05it/s]
Diag-val epoch 50: 100%|██████████| 10/10 [00:04<00:00,  2.08it/s]
/home/user/.local/lib/python3.10/site-packages/peft/utils/save_and_load.py:168: UserWarning: Setting `save_embedding_layers` to `True` as the embedding layer has been resized during finetuning.
  warnings.warn(
  Sample 0: last real token=':' (id=25) ✓ | position[-1] token=':' (id=25) ✓
  Sample 1: last real token=':' (id=25) ✓ | position[-1] token=':' (id=25) ✓
  Sample 2: last real token=':' (id=25) ✓ | position[-1] token=':' (id=25) ✓

[3] Logit spread over label tokens (first batch)
  'APPROPRIATE': mean=23.531  std=1.002  min=22.750  max=25.000
  'INAPPROPRIATE': mean=12.016  std=1.700  min=9.500  max=13.188
  Max-min spread per sample: mean=11.516  min=10.250  max=13.625
  (Spread near 0 → model not differentiating labels; large spread → confident predictions)

[4] Prediction vs. true label distribution
  Label                            True %   Pred %
  ------------------------------ -------- --------
  APPROPRIATE                       95.0%   100.0% ← collapsed?
  INAPPROPRIATE                      5.0%     0.0%

[Classification report — Epoch 50]
               precision    recall  f1-score   support

  APPROPRIATE       0.95      1.00      0.97        38
INAPPROPRIATE       0.00      0.00      0.00         2

     accuracy                           0.95        40
    macro avg       0.47      0.50      0.49        40
 weighted avg       0.90      0.95      0.93        40

------------------------------------------------------------

LoRA adapters saved to: trained_adapters/appropriate_vocabulary_usage
./run_training.sh: line 54: Training finished.: command not found
