Starting training for task: mistake_correction_competence
2026-05-01 15:02:04.304025: I tensorflow/core/platform/cpu_feature_guard.cc:193] This TensorFlow binary is optimized with oneAPI Deep Neural Network Library (oneDNN) to use the following CPU instructions in performance-critical operations:  AVX2 AVX512F AVX512_VNNI FMA
To enable them in other operations, rebuild TensorFlow with the appropriate compiler flags.
2026-05-01 15:02:04.410845: I tensorflow/core/util/util.cc:169] oneDNN custom operations are on. You may see slightly different numerical results due to floating-point round-off errors from different computation orders. To turn them off, set the environment variable `TF_ENABLE_ONEDNN_OPTS=0`.
2026-05-01 15:02:04.440296: E tensorflow/stream_executor/cuda/cuda_blas.cc:2981] Unable to register cuBLAS factory: Attempting to register factory for plugin cuBLAS when one has already been registered
2026-05-01 15:02:04.841958: W tensorflow/stream_executor/platform/default/dso_loader.cc:64] Could not load dynamic library 'libnvinfer.so.7'; dlerror: libnvinfer.so.7: cannot open shared object file: No such file or directory
2026-05-01 15:02:04.842041: W tensorflow/stream_executor/platform/default/dso_loader.cc:64] Could not load dynamic library 'libnvinfer_plugin.so.7'; dlerror: libnvinfer_plugin.so.7: cannot open shared object file: No such file or directory
2026-05-01 15:02:04.842049: W tensorflow/compiler/tf2tensorrt/utils/py_utils.cc:38] TF-TRT Warning: Cannot dlopen some TensorRT libraries. If you would like to use Nvidia GPU with TensorRT, please make sure the missing libraries mentioned above are installed properly.
`torch_dtype` is deprecated! Use `dtype` instead!
Model family : qwen
Task         : mistake_correction_competence
#Samples — train: 159 | val: 40

Loading checkpoint shards:   0%|          | 0/16 [00:00<?, ?it/s]
Loading checkpoint shards:   6%|▋         | 1/16 [00:01<00:25,  1.69s/it]
Loading checkpoint shards:  12%|█▎        | 2/16 [00:03<00:25,  1.83s/it]
Loading checkpoint shards:  19%|█▉        | 3/16 [00:05<00:24,  1.88s/it]
Loading checkpoint shards:  25%|██▌       | 4/16 [00:07<00:22,  1.90s/it]
Loading checkpoint shards:  31%|███▏      | 5/16 [00:09<00:21,  1.92s/it]
Loading checkpoint shards:  38%|███▊      | 6/16 [00:11<00:19,  1.94s/it]
Loading checkpoint shards:  44%|████▍     | 7/16 [00:13<00:17,  1.95s/it]
Loading checkpoint shards:  50%|█████     | 8/16 [00:15<00:15,  1.97s/it]
Loading checkpoint shards:  56%|█████▋    | 9/16 [00:17<00:13,  1.99s/it]
Loading checkpoint shards:  62%|██████▎   | 10/16 [00:19<00:12,  2.02s/it]
Loading checkpoint shards:  69%|██████▉   | 11/16 [00:21<00:10,  2.04s/it]
Loading checkpoint shards:  75%|███████▌  | 12/16 [00:23<00:08,  2.05s/it]
Loading checkpoint shards:  81%|████████▏ | 13/16 [00:25<00:06,  2.05s/it]
Loading checkpoint shards:  88%|████████▊ | 14/16 [00:27<00:04,  2.06s/it]
Loading checkpoint shards:  94%|█████████▍| 15/16 [00:29<00:02,  2.08s/it]
Loading checkpoint shards: 100%|██████████| 16/16 [00:30<00:00,  1.56s/it]
Loading checkpoint shards: 100%|██████████| 16/16 [00:30<00:00,  1.89s/it]
Class weights (power=2.0):
  correct: 129.0000  (n=7)
  void: 0.2734  (n=152)

Epoch 1/50:   0%|          | 0/40 [00:00<?, ?it/s]
Epoch 1/50:   2%|▎         | 1/40 [00:09<05:52,  9.03s/it]
Epoch 1/50:   5%|▌         | 2/40 [00:17<05:30,  8.71s/it]
Epoch 1/50:   8%|▊         | 3/40 [00:25<05:16,  8.56s/it]
Epoch 1/50:  10%|█         | 4/40 [00:34<05:03,  8.42s/it]
Epoch 1/50:  12%|█▎        | 5/40 [00:42<04:59,  8.55s/it]
Epoch 1/50:  15%|█▌        | 6/40 [00:50<04:41,  8.27s/it]
Epoch 1/50:  18%|█▊        | 7/40 [00:58<04:28,  8.14s/it]
Epoch 1/50:  20%|██        | 8/40 [01:06<04:20,  8.14s/it]
Epoch 1/50:  22%|██▎       | 9/40 [01:14<04:09,  8.06s/it]
Epoch 1/50:  25%|██▌       | 10/40 [01:22<03:57,  7.91s/it]
Epoch 1/50:  28%|██▊       | 11/40 [01:30<03:54,  8.09s/it]
Epoch 1/50:  30%|███       | 12/40 [01:38<03:43,  7.98s/it]
Epoch 1/50:  32%|███▎      | 13/40 [01:45<03:31,  7.83s/it]
Epoch 1/50:  35%|███▌      | 14/40 [01:53<03:26,  7.92s/it]
Epoch 1/50:  38%|███▊      | 15/40 [02:02<03:19,  7.99s/it]
Epoch 1/50:  40%|████      | 16/40 [02:10<03:11,  7.98s/it]
Epoch 1/50:  42%|████▎     | 17/40 [02:18<03:05,  8.09s/it]
Epoch 1/50:  45%|████▌     | 18/40 [02:26<02:55,  7.99s/it]
Epoch 1/50:  48%|████▊     | 19/40 [02:34<02:47,  7.99s/it]
Epoch 1/50:  50%|█████     | 20/40 [02:42<02:41,  8.08s/it]
Epoch 1/50:  52%|█████▎    | 21/40 [02:51<02:36,  8.24s/it]
Epoch 1/50:  55%|█████▌    | 22/40 [02:59<02:28,  8.24s/it]
Epoch 1/50:  57%|█████▊    | 23/40 [03:08<02:23,  8.42s/it]
Epoch 1/50:  60%|██████    | 24/40 [03:16<02:15,  8.49s/it]
Epoch 1/50:  62%|██████▎   | 25/40 [03:25<02:08,  8.58s/it]
Epoch 1/50:  65%|██████▌   | 26/40 [03:33<01:59,  8.54s/it]
Epoch 1/50:  68%|██████▊   | 27/40 [03:42<01:50,  8.48s/it]
Epoch 1/50:  70%|███████   | 28/40 [03:50<01:41,  8.47s/it]
Epoch 1/50:  72%|███████▎  | 29/40 [03:59<01:34,  8.58s/it]
Epoch 1/50:  75%|███████▌  | 30/40 [04:08<01:26,  8.61s/it]
Epoch 1/50:  78%|███████▊  | 31/40 [04:16<01:17,  8.59s/it]
Epoch 1/50:  80%|████████  | 32/40 [04:25<01:09,  8.63s/it]
Epoch 1/50:  82%|████████▎ | 33/40 [04:33<00:59,  8.56s/it]
Epoch 1/50:  85%|████████▌ | 34/40 [04:42<00:51,  8.57s/it]
Epoch 1/50:  88%|████████▊ | 35/40 [04:51<00:42,  8.54s/it]
Epoch 1/50:  90%|█████████ | 36/40 [04:59<00:33,  8.41s/it]
Epoch 1/50:  92%|█████████▎| 37/40 [05:07<00:25,  8.49s/it]
Epoch 1/50:  95%|█████████▌| 38/40 [05:16<00:17,  8.51s/it]
Epoch 1/50:  98%|█████████▊| 39/40 [05:25<00:08,  8.60s/it]
Epoch 1/50: 100%|██████████| 40/40 [05:33<00:00,  8.40s/it]
Epoch 1/50: 100%|██████████| 40/40 [05:33<00:00,  8.33s/it]

Epoch 1 — avg train loss: 32.3750

[Train classification report — Epoch 1]
              precision    recall  f1-score   support

     correct       0.04      1.00      0.08         7
        void       0.00      0.00      0.00       152

    accuracy                           0.04       159
   macro avg       0.02      0.50      0.04       159
weighted avg       0.00      0.04      0.00       159


------------------------------------------------------------
DIAGNOSTIC — Epoch 1 | Task: mistake_correction_competence
------------------------------------------------------------

[1] Label token ID check
  'correct' → token_id=19928 → decoded='correct'
  'void' → token_id=1004 → decoded='void'
  ✓ All label token IDs are unique.

[2] Last-token identity (first 3 val samples)

Diag-val epoch 1:   0%|          | 0/10 [00:00<?, ?it/s]
Diag-val epoch 1:  10%|█         | 1/10 [00:02<00:22,  2.50s/it]
Diag-val epoch 1:  20%|██        | 2/10 [00:04<00:19,  2.44s/it]
Diag-val epoch 1:  30%|███       | 3/10 [00:07<00:16,  2.42s/it]
Diag-val epoch 1:  40%|████      | 4/10 [00:09<00:14,  2.38s/it]
Diag-val epoch 1:  50%|█████     | 5/10 [00:12<00:11,  2.40s/it]
Diag-val epoch 1:  60%|██████    | 6/10 [00:14<00:09,  2.41s/it]
Diag-val epoch 1:  70%|███████   | 7/10 [00:16<00:07,  2.40s/it]
Diag-val epoch 1:  80%|████████  | 8/10 [00:19<00:04,  2.41s/it]
Diag-val epoch 1:  90%|█████████ | 9/10 [00:21<00:02,  2.41s/it]
Diag-val epoch 1: 100%|██████████| 10/10 [00:24<00:00,  2.40s/it]
Diag-val epoch 1: 100%|██████████| 10/10 [00:24<00:00,  2.41s/it]
  Sample 0: last real='assistant' (id=77091) ✓ | pos[-1]='assistant' (id=77091) ✓
  Sample 1: last real='assistant' (id=77091) ✓ | pos[-1]='assistant' (id=77091) ✓
  Sample 2: last real='assistant' (id=77091) ✓ | pos[-1]='assistant' (id=77091) ✓

[3] Logit spread over label tokens (first batch)
  'correct': mean=0.886  std=1.000  min=-0.054  max=2.297
  'void': mean=-3.621  std=0.938  min=-4.875  max=-2.766
  Max-min spread: mean=4.507  min=3.728  max=5.430
  (Near 0 → not differentiating labels; large → confident)

[4] Prediction vs. true label distribution
  Label                            True %   Pred %
  ------------------------------ -------- --------
  correct                            5.0%   100.0% ← collapsed?
  void                              95.0%     0.0%

[Classification report — Epoch 1]
              precision    recall  f1-score   support

     correct       0.05      1.00      0.10         2
        void       0.00      0.00      0.00        38

    accuracy                           0.05        40
   macro avg       0.03      0.50      0.05        40
weighted avg       0.00      0.05      0.00        40

------------------------------------------------------------
  ✓ Best checkpoint updated — epoch 1, macro F1=0.0476

Epoch 2/50:   0%|          | 0/40 [00:00<?, ?it/s]
Epoch 2/50:   2%|▎         | 1/40 [00:08<05:33,  8.55s/it]
Epoch 2/50:   5%|▌         | 2/40 [00:17<05:25,  8.57s/it]
Epoch 2/50:   8%|▊         | 3/40 [00:25<05:14,  8.51s/it]
Epoch 2/50:  10%|█         | 4/40 [00:34<05:06,  8.52s/it]
Epoch 2/50:  12%|█▎        | 5/40 [00:42<05:02,  8.65s/it]
Epoch 2/50:  15%|█▌        | 6/40 [00:51<04:52,  8.61s/it]
Epoch 2/50:  18%|█▊        | 7/40 [01:00<04:43,  8.59s/it]
Epoch 2/50:  20%|██        | 8/40 [01:08<04:31,  8.49s/it]
Epoch 2/50:  22%|██▎       | 9/40 [01:16<04:22,  8.47s/it]
Epoch 2/50:  25%|██▌       | 10/40 [01:25<04:15,  8.52s/it]
Epoch 2/50:  28%|██▊       | 11/40 [01:34<04:08,  8.56s/it]
Epoch 2/50:  30%|███       | 12/40 [01:42<04:01,  8.61s/it]
Epoch 2/50:  32%|███▎      | 13/40 [01:51<03:50,  8.55s/it]
Epoch 2/50:  35%|███▌      | 14/40 [01:59<03:40,  8.47s/it]
Epoch 2/50:  38%|███▊      | 15/40 [02:08<03:36,  8.65s/it]
Epoch 2/50:  40%|████      | 16/40 [02:17<03:29,  8.74s/it]
Epoch 2/50:  42%|████▎     | 17/40 [02:26<03:21,  8.77s/it]
Epoch 2/50:  45%|████▌     | 18/40 [02:35<03:13,  8.78s/it]
Epoch 2/50:  48%|████▊     | 19/40 [02:43<03:02,  8.68s/it]
Epoch 2/50:  50%|█████     | 20/40 [02:52<02:53,  8.68s/it]
Epoch 2/50:  52%|█████▎    | 21/40 [03:00<02:43,  8.63s/it]
Epoch 2/50:  55%|█████▌    | 22/40 [03:09<02:33,  8.54s/it]
Epoch 2/50:  57%|█████▊    | 23/40 [03:17<02:25,  8.55s/it]
Epoch 2/50:  60%|██████    | 24/40 [03:25<02:15,  8.47s/it]
Epoch 2/50:  62%|██████▎   | 25/40 [03:34<02:07,  8.49s/it]
Epoch 2/50:  65%|██████▌   | 26/40 [03:43<01:59,  8.50s/it]
Epoch 2/50:  68%|██████▊   | 27/40 [03:51<01:49,  8.43s/it]
Epoch 2/50:  70%|███████   | 28/40 [03:59<01:41,  8.50s/it]
Epoch 2/50:  72%|███████▎  | 29/40 [04:08<01:33,  8.47s/it]
Epoch 2/50:  75%|███████▌  | 30/40 [04:16<01:25,  8.51s/it]
Epoch 2/50:  78%|███████▊  | 31/40 [04:25<01:16,  8.52s/it]
Epoch 2/50:  80%|████████  | 32/40 [04:34<01:08,  8.52s/it]
Epoch 2/50:  82%|████████▎ | 33/40 [04:42<01:00,  8.60s/it]
Epoch 2/50:  85%|████████▌ | 34/40 [04:50<00:50,  8.46s/it]
Epoch 2/50:  88%|████████▊ | 35/40 [04:59<00:42,  8.48s/it]
Epoch 2/50:  90%|█████████ | 36/40 [05:08<00:34,  8.56s/it]
Epoch 2/50:  92%|█████████▎| 37/40 [05:16<00:25,  8.59s/it]
Epoch 2/50:  95%|█████████▌| 38/40 [05:25<00:17,  8.53s/it]
Epoch 2/50:  98%|█████████▊| 39/40 [05:33<00:08,  8.49s/it]
Epoch 2/50: 100%|██████████| 40/40 [05:41<00:00,  8.42s/it]
Epoch 2/50: 100%|██████████| 40/40 [05:41<00:00,  8.55s/it]

Epoch 2 — avg train loss: 27.6000

[Train classification report — Epoch 2]
              precision    recall  f1-score   support

     correct       0.04      1.00      0.08         7
        void       0.00      0.00      0.00       152

    accuracy                           0.04       159
   macro avg       0.02      0.50      0.04       159
weighted avg       0.00      0.04      0.00       159


------------------------------------------------------------
DIAGNOSTIC — Epoch 2 | Task: mistake_correction_competence
------------------------------------------------------------

[1] Label token ID check
  'correct' → token_id=19928 → decoded='correct'
  'void' → token_id=1004 → decoded='void'
  ✓ All label token IDs are unique.

[2] Last-token identity (first 3 val samples)

Diag-val epoch 2:   0%|          | 0/10 [00:00<?, ?it/s]
Diag-val epoch 2:  10%|█         | 1/10 [00:02<00:22,  2.47s/it]
Diag-val epoch 2:  20%|██        | 2/10 [00:04<00:19,  2.43s/it]
Diag-val epoch 2:  30%|███       | 3/10 [00:07<00:16,  2.43s/it]
Diag-val epoch 2:  40%|████      | 4/10 [00:09<00:14,  2.39s/it]
Diag-val epoch 2:  50%|█████     | 5/10 [00:12<00:12,  2.41s/it]
Diag-val epoch 2:  60%|██████    | 6/10 [00:14<00:09,  2.42s/it]
Diag-val epoch 2:  70%|███████   | 7/10 [00:16<00:07,  2.41s/it]
Diag-val epoch 2:  80%|████████  | 8/10 [00:19<00:04,  2.42s/it]
Diag-val epoch 2:  90%|█████████ | 9/10 [00:21<00:02,  2.42s/it]
Diag-val epoch 2: 100%|██████████| 10/10 [00:24<00:00,  2.41s/it]
Diag-val epoch 2: 100%|██████████| 10/10 [00:24<00:00,  2.41s/it]
  Sample 0: last real='assistant' (id=77091) ✓ | pos[-1]='assistant' (id=77091) ✓
  Sample 1: last real='assistant' (id=77091) ✓ | pos[-1]='assistant' (id=77091) ✓
  Sample 2: last real='assistant' (id=77091) ✓ | pos[-1]='assistant' (id=77091) ✓

[3] Logit spread over label tokens (first batch)
  'correct': mean=0.935  std=0.612  min=0.203  max=1.680
  'void': mean=-1.211  std=0.956  min=-2.500  max=-0.289
  Max-min spread: mean=2.146  min=1.344  max=3.301
  (Near 0 → not differentiating labels; large → confident)

[4] Prediction vs. true label distribution
  Label                            True %   Pred %
  ------------------------------ -------- --------
  correct                            5.0%   100.0% ← collapsed?
  void                              95.0%     0.0%

[Classification report — Epoch 2]
              precision    recall  f1-score   support

     correct       0.05      1.00      0.10         2
        void       0.00      0.00      0.00        38

    accuracy                           0.05        40
   macro avg       0.03      0.50      0.05        40
weighted avg       0.00      0.05      0.00        40

------------------------------------------------------------
  No improvement (best: epoch 1, macro F1=0.0476)

Epoch 3/50:   0%|          | 0/40 [00:00<?, ?it/s]
Epoch 3/50:   2%|▎         | 1/40 [00:08<05:37,  8.66s/it]
Epoch 3/50:   5%|▌         | 2/40 [00:17<05:28,  8.64s/it]
Epoch 3/50:   8%|▊         | 3/40 [00:25<05:19,  8.64s/it]
Epoch 3/50:  10%|█         | 4/40 [00:34<05:11,  8.64s/it]
Epoch 3/50:  12%|█▎        | 5/40 [00:43<05:01,  8.60s/it]
Epoch 3/50:  15%|█▌        | 6/40 [00:51<04:48,  8.48s/it]
Epoch 3/50:  18%|█▊        | 7/40 [00:59<04:39,  8.46s/it]
Epoch 3/50:  20%|██        | 8/40 [01:08<04:29,  8.44s/it]
Epoch 3/50:  22%|██▎       | 9/40 [01:16<04:22,  8.46s/it]
Epoch 3/50:  25%|██▌       | 10/40 [01:25<04:14,  8.49s/it]
Epoch 3/50:  28%|██▊       | 11/40 [01:33<04:06,  8.49s/it]
Epoch 3/50:  30%|███       | 12/40 [01:42<03:59,  8.55s/it]
Epoch 3/50:  32%|███▎      | 13/40 [01:50<03:50,  8.53s/it]
Epoch 3/50:  35%|███▌      | 14/40 [01:59<03:41,  8.53s/it]
Epoch 3/50:  38%|███▊      | 15/40 [02:07<03:31,  8.45s/it]
Epoch 3/50:  40%|████      | 16/40 [02:16<03:24,  8.51s/it]
Epoch 3/50:  42%|████▎     | 17/40 [02:24<03:15,  8.51s/it]
Epoch 3/50:  45%|████▌     | 18/40 [02:33<03:10,  8.66s/it]
Epoch 3/50:  48%|████▊     | 19/40 [02:42<02:59,  8.55s/it]
Epoch 3/50:  50%|█████     | 20/40 [02:50<02:50,  8.53s/it]
Epoch 3/50:  52%|█████▎    | 21/40 [02:59<02:41,  8.51s/it]
Epoch 3/50:  55%|█████▌    | 22/40 [03:07<02:32,  8.45s/it]
Epoch 3/50:  57%|█████▊    | 23/40 [03:15<02:23,  8.47s/it]
Epoch 3/50:  60%|██████    | 24/40 [03:24<02:15,  8.49s/it]
Epoch 3/50:  62%|██████▎   | 25/40 [03:32<02:07,  8.49s/it]
Epoch 3/50:  65%|██████▌   | 26/40 [03:41<01:59,  8.57s/it]
Epoch 3/50:  68%|██████▊   | 27/40 [03:50<01:52,  8.62s/it]
Epoch 3/50:  70%|███████   | 28/40 [03:58<01:43,  8.59s/it]
Epoch 3/50:  72%|███████▎  | 29/40 [04:07<01:34,  8.57s/it]
Epoch 3/50:  75%|███████▌  | 30/40 [04:16<01:25,  8.56s/it]
Epoch 3/50:  78%|███████▊  | 31/40 [04:24<01:17,  8.67s/it]
Epoch 3/50:  80%|████████  | 32/40 [04:33<01:09,  8.63s/it]
Epoch 3/50:  82%|████████▎ | 33/40 [04:41<01:00,  8.59s/it]
Epoch 3/50:  85%|████████▌ | 34/40 [04:50<00:51,  8.62s/it]
Epoch 3/50:  88%|████████▊ | 35/40 [04:59<00:43,  8.68s/it]
Epoch 3/50:  90%|█████████ | 36/40 [05:07<00:34,  8.58s/it]
Epoch 3/50:  92%|█████████▎| 37/40 [05:16<00:26,  8.67s/it]
Epoch 3/50:  95%|█████████▌| 38/40 [05:25<00:17,  8.69s/it]
Epoch 3/50:  98%|█████████▊| 39/40 [05:34<00:08,  8.67s/it]
Epoch 3/50: 100%|██████████| 40/40 [05:42<00:00,  8.61s/it]
Epoch 3/50: 100%|██████████| 40/40 [05:42<00:00,  8.56s/it]

Epoch 3 — avg train loss: 9.5735

[Train classification report — Epoch 3]
              precision    recall  f1-score   support

     correct       0.04      1.00      0.08         7
        void       0.00      0.00      0.00       152

    accuracy                           0.04       159
   macro avg       0.02      0.50      0.04       159
weighted avg       0.00      0.04      0.00       159


------------------------------------------------------------
DIAGNOSTIC — Epoch 3 | Task: mistake_correction_competence
------------------------------------------------------------

[1] Label token ID check
  'correct' → token_id=19928 → decoded='correct'
  'void' → token_id=1004 → decoded='void'
  ✓ All label token IDs are unique.

[2] Last-token identity (first 3 val samples)

Diag-val epoch 3:   0%|          | 0/10 [00:00<?, ?it/s]
Diag-val epoch 3:  10%|█         | 1/10 [00:02<00:22,  2.48s/it]
Diag-val epoch 3:  20%|██        | 2/10 [00:04<00:19,  2.44s/it]
Diag-val epoch 3:  30%|███       | 3/10 [00:07<00:17,  2.43s/it]
Diag-val epoch 3:  40%|████      | 4/10 [00:09<00:14,  2.39s/it]
Diag-val epoch 3:  50%|█████     | 5/10 [00:12<00:12,  2.41s/it]
Diag-val epoch 3:  60%|██████    | 6/10 [00:14<00:09,  2.42s/it]
Diag-val epoch 3:  70%|███████   | 7/10 [00:16<00:07,  2.41s/it]
Diag-val epoch 3:  80%|████████  | 8/10 [00:19<00:04,  2.42s/it]
Diag-val epoch 3:  90%|█████████ | 9/10 [00:21<00:02,  2.43s/it]
Diag-val epoch 3: 100%|██████████| 10/10 [00:24<00:00,  2.42s/it]
Diag-val epoch 3: 100%|██████████| 10/10 [00:24<00:00,  2.42s/it]
  Sample 0: last real='assistant' (id=77091) ✓ | pos[-1]='assistant' (id=77091) ✓
  Sample 1: last real='assistant' (id=77091) ✓ | pos[-1]='assistant' (id=77091) ✓
  Sample 2: last real='assistant' (id=77091) ✓ | pos[-1]='assistant' (id=77091) ✓

[3] Logit spread over label tokens (first batch)
  'correct': mean=8.375  std=0.418  min=7.875  max=8.750
  'void': mean=21.188  std=0.072  min=21.125  max=21.250
  Max-min spread: mean=12.812  min=12.500  max=13.250
  (Near 0 → not differentiating labels; large → confident)

[4] Prediction vs. true label distribution
  Label                            True %   Pred %
  ------------------------------ -------- --------
  correct                            5.0%     0.0%
  void                              95.0%   100.0% ← collapsed?

[Classification report — Epoch 3]
              precision    recall  f1-score   support

     correct       0.00      0.00      0.00         2
        void       0.95      1.00      0.97        38

    accuracy                           0.95        40
   macro avg       0.47      0.50      0.49        40
weighted avg       0.90      0.95      0.93        40

------------------------------------------------------------
  ✓ Best checkpoint updated — epoch 3, macro F1=0.4872

Epoch 4/50:   0%|          | 0/40 [00:00<?, ?it/s]
Epoch 4/50:   2%|▎         | 1/40 [00:09<05:55,  9.11s/it]
Epoch 4/50:   5%|▌         | 2/40 [00:17<05:39,  8.93s/it]
Epoch 4/50:   8%|▊         | 3/40 [00:26<05:19,  8.65s/it]
Epoch 4/50:  10%|█         | 4/40 [00:34<05:11,  8.66s/it]
Epoch 4/50:  12%|█▎        | 5/40 [00:43<05:02,  8.63s/it]
Epoch 4/50:  15%|█▌        | 6/40 [00:52<04:53,  8.63s/it]
Epoch 4/50:  18%|█▊        | 7/40 [01:00<04:43,  8.58s/it]
Epoch 4/50:  20%|██        | 8/40 [01:09<04:35,  8.60s/it]
Epoch 4/50:  22%|██▎       | 9/40 [01:17<04:22,  8.47s/it]
Epoch 4/50:  25%|██▌       | 10/40 [01:25<04:12,  8.40s/it]
Epoch 4/50:  28%|██▊       | 11/40 [01:34<04:09,  8.60s/it]
Epoch 4/50:  30%|███       | 12/40 [01:43<03:59,  8.56s/it]
Epoch 4/50:  32%|███▎      | 13/40 [01:51<03:52,  8.60s/it]
Epoch 4/50:  35%|███▌      | 14/40 [01:59<03:39,  8.45s/it]
Epoch 4/50:  38%|███▊      | 15/40 [02:08<03:31,  8.45s/it]
Epoch 4/50:  40%|████      | 16/40 [02:16<03:23,  8.48s/it]
Epoch 4/50:  42%|████▎     | 17/40 [02:25<03:15,  8.50s/it]
Epoch 4/50:  45%|████▌     | 18/40 [02:34<03:07,  8.54s/it]
Epoch 4/50:  48%|████▊     | 19/40 [02:42<03:00,  8.58s/it]
Epoch 4/50:  50%|█████     | 20/40 [02:51<02:50,  8.54s/it]
Epoch 4/50:  52%|█████▎    | 21/40 [02:59<02:42,  8.55s/it]
Epoch 4/50:  55%|█████▌    | 22/40 [03:08<02:33,  8.54s/it]
Epoch 4/50:  57%|█████▊    | 23/40 [03:17<02:26,  8.63s/it]
Epoch 4/50:  60%|██████    | 24/40 [03:25<02:16,  8.52s/it]
Epoch 4/50:  62%|██████▎   | 25/40 [03:34<02:08,  8.59s/it]
Epoch 4/50:  65%|██████▌   | 26/40 [03:42<01:59,  8.51s/it]
Epoch 4/50:  68%|██████▊   | 27/40 [03:51<01:50,  8.51s/it]
Epoch 4/50:  70%|███████   | 28/40 [03:59<01:41,  8.50s/it]
Epoch 4/50:  72%|███████▎  | 29/40 [04:07<01:32,  8.43s/it]
Epoch 4/50:  75%|███████▌  | 30/40 [04:16<01:24,  8.45s/it]
Epoch 4/50:  78%|███████▊  | 31/40 [04:24<01:16,  8.47s/it]
Epoch 4/50:  80%|████████  | 32/40 [04:33<01:07,  8.48s/it]
Epoch 4/50:  82%|████████▎ | 33/40 [04:41<00:59,  8.49s/it]
Epoch 4/50:  85%|████████▌ | 34/40 [04:50<00:50,  8.48s/it]
Epoch 4/50:  88%|████████▊ | 35/40 [04:59<00:42,  8.58s/it]
Epoch 4/50:  90%|█████████ | 36/40 [05:07<00:34,  8.66s/it]
Epoch 4/50:  92%|█████████▎| 37/40 [05:16<00:25,  8.51s/it]
Epoch 4/50:  95%|█████████▌| 38/40 [05:24<00:16,  8.49s/it]
Epoch 4/50:  98%|█████████▊| 39/40 [05:33<00:08,  8.51s/it]
Epoch 4/50: 100%|██████████| 40/40 [05:41<00:00,  8.50s/it]
Epoch 4/50: 100%|██████████| 40/40 [05:41<00:00,  8.54s/it]

Epoch 4 — avg train loss: 1.9244

[Train classification report — Epoch 4]
              precision    recall  f1-score   support

     correct       0.04      1.00      0.08         7
        void       0.00      0.00      0.00       152

    accuracy                           0.04       159
   macro avg       0.02      0.50      0.04       159
weighted avg       0.00      0.04      0.00       159


------------------------------------------------------------
DIAGNOSTIC — Epoch 4 | Task: mistake_correction_competence
------------------------------------------------------------

[1] Label token ID check
  'correct' → token_id=19928 → decoded='correct'
  'void' → token_id=1004 → decoded='void'
  ✓ All label token IDs are unique.

[2] Last-token identity (first 3 val samples)

Diag-val epoch 4:   0%|          | 0/10 [00:00<?, ?it/s]
Diag-val epoch 4:  10%|█         | 1/10 [00:02<00:22,  2.47s/it]
Diag-val epoch 4:  20%|██        | 2/10 [00:04<00:19,  2.43s/it]
Diag-val epoch 4:  30%|███       | 3/10 [00:07<00:16,  2.43s/it]
Diag-val epoch 4:  40%|████      | 4/10 [00:09<00:14,  2.38s/it]
Diag-val epoch 4:  50%|█████     | 5/10 [00:12<00:12,  2.41s/it]
Diag-val epoch 4:  60%|██████    | 6/10 [00:14<00:09,  2.42s/it]
Diag-val epoch 4:  70%|███████   | 7/10 [00:16<00:07,  2.40s/it]
Diag-val epoch 4:  80%|████████  | 8/10 [00:19<00:04,  2.41s/it]
Diag-val epoch 4:  90%|█████████ | 9/10 [00:21<00:02,  2.42s/it]
Diag-val epoch 4: 100%|██████████| 10/10 [00:24<00:00,  2.41s/it]
Diag-val epoch 4: 100%|██████████| 10/10 [00:24<00:00,  2.41s/it]
  Sample 0: last real='assistant' (id=77091) ✓ | pos[-1]='assistant' (id=77091) ✓
  Sample 1: last real='assistant' (id=77091) ✓ | pos[-1]='assistant' (id=77091) ✓
  Sample 2: last real='assistant' (id=77091) ✓ | pos[-1]='assistant' (id=77091) ✓

[3] Logit spread over label tokens (first batch)
  'correct': mean=16.656  std=0.329  min=16.375  max=17.000
  'void': mean=24.531  std=1.222  min=22.875  max=25.625
  Max-min spread: mean=7.875  min=5.875  max=9.250
  (Near 0 → not differentiating labels; large → confident)

[4] Prediction vs. true label distribution
  Label                            True %   Pred %
  ------------------------------ -------- --------
  correct                            5.0%     0.0%
  void                              95.0%   100.0% ← collapsed?

[Classification report — Epoch 4]
              precision    recall  f1-score   support

     correct       0.00      0.00      0.00         2
        void       0.95      1.00      0.97        38

    accuracy                           0.95        40
   macro avg       0.47      0.50      0.49        40
weighted avg       0.90      0.95      0.93        40

------------------------------------------------------------
  No improvement (best: epoch 3, macro F1=0.4872)

Epoch 5/50:   0%|          | 0/40 [00:00<?, ?it/s]
Epoch 5/50:   2%|▎         | 1/40 [00:08<05:39,  8.70s/it]
Epoch 5/50:   5%|▌         | 2/40 [00:17<05:34,  8.80s/it]
Epoch 5/50:   8%|▊         | 3/40 [00:26<05:25,  8.79s/it]
Epoch 5/50:  10%|█         | 4/40 [00:34<05:12,  8.69s/it]
Epoch 5/50:  12%|█▎        | 5/40 [00:43<05:01,  8.60s/it]
Epoch 5/50:  15%|█▌        | 6/40 [00:51<04:48,  8.47s/it]
Epoch 5/50:  18%|█▊        | 7/40 [01:00<04:44,  8.63s/it]
Epoch 5/50:  20%|██        | 8/40 [01:08<04:34,  8.58s/it]
Epoch 5/50:  22%|██▎       | 9/40 [01:17<04:23,  8.50s/it]
Epoch 5/50:  25%|██▌       | 10/40 [01:25<04:12,  8.42s/it]
Epoch 5/50:  28%|██▊       | 11/40 [01:34<04:05,  8.46s/it]
Epoch 5/50:  30%|███       | 12/40 [01:42<03:57,  8.50s/it]
Epoch 5/50:  32%|███▎      | 13/40 [01:51<03:49,  8.50s/it]
Epoch 5/50:  35%|███▌      | 14/40 [01:59<03:40,  8.49s/it]
Epoch 5/50:  38%|███▊      | 15/40 [02:08<03:33,  8.53s/it]
Epoch 5/50:  40%|████      | 16/40 [02:16<03:22,  8.43s/it]
Epoch 5/50:  42%|████▎     | 17/40 [02:24<03:14,  8.46s/it]
Epoch 5/50:  45%|████▌     | 18/40 [02:33<03:06,  8.50s/it]
Epoch 5/50:  48%|████▊     | 19/40 [02:42<02:59,  8.55s/it]
Epoch 5/50:  50%|█████     | 20/40 [02:50<02:50,  8.52s/it]
Epoch 5/50:  52%|█████▎    | 21/40 [02:59<02:41,  8.49s/it]
Epoch 5/50:  55%|█████▌    | 22/40 [03:07<02:32,  8.48s/it]
Epoch 5/50:  57%|█████▊    | 23/40 [03:15<02:23,  8.45s/it]
Epoch 5/50:  60%|██████    | 24/40 [03:24<02:15,  8.46s/it]
Epoch 5/50:  62%|██████▎   | 25/40 [03:32<02:06,  8.41s/it]
Epoch 5/50:  65%|██████▌   | 26/40 [03:41<01:59,  8.51s/it]
Epoch 5/50:  68%|██████▊   | 27/40 [03:49<01:50,  8.46s/it]
Epoch 5/50:  70%|███████   | 28/40 [03:58<01:43,  8.58s/it]
Epoch 5/50:  72%|███████▎  | 29/40 [04:07<01:34,  8.62s/it]
Epoch 5/50:  75%|███████▌  | 30/40 [04:15<01:25,  8.59s/it]
Epoch 5/50:  78%|███████▊  | 31/40 [04:24<01:18,  8.70s/it]
Epoch 5/50:  80%|████████  | 32/40 [04:33<01:09,  8.70s/it]
Epoch 5/50:  82%|████████▎ | 33/40 [04:42<01:00,  8.65s/it]
Epoch 5/50:  85%|████████▌ | 34/40 [04:50<00:51,  8.65s/it]
Epoch 5/50:  88%|████████▊ | 35/40 [04:59<00:43,  8.65s/it]
Epoch 5/50:  90%|█████████ | 36/40 [05:07<00:34,  8.56s/it]
Epoch 5/50:  92%|█████████▎| 37/40 [05:16<00:25,  8.61s/it]
Epoch 5/50:  95%|█████████▌| 38/40 [05:25<00:17,  8.65s/it]
Epoch 5/50:  98%|█████████▊| 39/40 [05:33<00:08,  8.59s/it]
Epoch 5/50: 100%|██████████| 40/40 [05:41<00:00,  8.46s/it]
Epoch 5/50: 100%|██████████| 40/40 [05:41<00:00,  8.55s/it]

Epoch 5 — avg train loss: 1.0489

[Train classification report — Epoch 5]
              precision    recall  f1-score   support

     correct       0.04      1.00      0.08         7
        void       0.00      0.00      0.00       152

    accuracy                           0.04       159
   macro avg       0.02      0.50      0.04       159
weighted avg       0.00      0.04      0.00       159


------------------------------------------------------------
DIAGNOSTIC — Epoch 5 | Task: mistake_correction_competence
------------------------------------------------------------

[1] Label token ID check
  'correct' → token_id=19928 → decoded='correct'
  'void' → token_id=1004 → decoded='void'
  ✓ All label token IDs are unique.

[2] Last-token identity (first 3 val samples)

Diag-val epoch 5:   0%|          | 0/10 [00:00<?, ?it/s]
Diag-val epoch 5:  10%|█         | 1/10 [00:02<00:22,  2.48s/it]
Diag-val epoch 5:  20%|██        | 2/10 [00:04<00:19,  2.44s/it]
Diag-val epoch 5:  30%|███       | 3/10 [00:07<00:16,  2.43s/it]
Diag-val epoch 5:  40%|████      | 4/10 [00:09<00:14,  2.39s/it]
Diag-val epoch 5:  50%|█████     | 5/10 [00:12<00:12,  2.41s/it]
Diag-val epoch 5:  60%|██████    | 6/10 [00:14<00:09,  2.42s/it]
Diag-val epoch 5:  70%|███████   | 7/10 [00:16<00:07,  2.41s/it]
Diag-val epoch 5:  80%|████████  | 8/10 [00:19<00:04,  2.42s/it]
Diag-val epoch 5:  90%|█████████ | 9/10 [00:21<00:02,  2.42s/it]
Diag-val epoch 5: 100%|██████████| 10/10 [00:24<00:00,  2.41s/it]
Diag-val epoch 5: 100%|██████████| 10/10 [00:24<00:00,  2.42s/it]
  Sample 0: last real='assistant' (id=77091) ✓ | pos[-1]='assistant' (id=77091) ✓
  Sample 1: last real='assistant' (id=77091) ✓ | pos[-1]='assistant' (id=77091) ✓
  Sample 2: last real='assistant' (id=77091) ✓ | pos[-1]='assistant' (id=77091) ✓

[3] Logit spread over label tokens (first batch)
  'correct': mean=17.469  std=1.188  min=15.875  max=18.375
  'void': mean=26.000  std=0.771  min=25.000  max=26.875
  Max-min spread: mean=8.531  min=7.625  max=11.000
  (Near 0 → not differentiating labels; large → confident)

[4] Prediction vs. true label distribution
  Label                            True %   Pred %
  ------------------------------ -------- --------
  correct                            5.0%     0.0%
  void                              95.0%   100.0% ← collapsed?

[Classification report — Epoch 5]
              precision    recall  f1-score   support

     correct       0.00      0.00      0.00         2
        void       0.95      1.00      0.97        38

    accuracy                           0.95        40
   macro avg       0.47      0.50      0.49        40
weighted avg       0.90      0.95      0.93        40

------------------------------------------------------------
  No improvement (best: epoch 3, macro F1=0.4872)

Epoch 6/50:   0%|          | 0/40 [00:00<?, ?it/s]
Epoch 6/50:   2%|▎         | 1/40 [00:08<05:28,  8.41s/it]
Epoch 6/50:   5%|▌         | 2/40 [00:16<05:22,  8.49s/it]
Epoch 6/50:   8%|▊         | 3/40 [00:25<05:16,  8.54s/it]
Epoch 6/50:  10%|█         | 4/40 [00:34<05:07,  8.55s/it]
Epoch 6/50:  12%|█▎        | 5/40 [00:43<05:04,  8.70s/it]
Epoch 6/50:  15%|█▌        | 6/40 [00:51<04:57,  8.76s/it]
Epoch 6/50:  18%|█▊        | 7/40 [01:00<04:46,  8.69s/it]
Epoch 6/50:  20%|██        | 8/40 [01:09<04:36,  8.65s/it]
Epoch 6/50:  22%|██▎       | 9/40 [01:17<04:25,  8.55s/it]
Epoch 6/50:  25%|██▌       | 10/40 [01:26<04:18,  8.60s/it]
Epoch 6/50:  28%|██▊       | 11/40 [01:34<04:08,  8.56s/it]
Epoch 6/50:  30%|███       | 12/40 [01:43<03:59,  8.55s/it]
Epoch 6/50:  32%|███▎      | 13/40 [01:51<03:49,  8.52s/it]
Epoch 6/50:  35%|███▌      | 14/40 [02:00<03:42,  8.56s/it]
Epoch 6/50:  38%|███▊      | 15/40 [02:08<03:32,  8.49s/it]
Epoch 6/50:  40%|████      | 16/40 [02:16<03:23,  8.47s/it]
Epoch 6/50:  42%|████▎     | 17/40 [02:25<03:14,  8.44s/it]
Epoch 6/50:  45%|████▌     | 18/40 [02:33<03:06,  8.48s/it]
Epoch 6/50:  48%|████▊     | 19/40 [02:42<02:57,  8.47s/it]
Epoch 6/50:  50%|█████     | 20/40 [02:51<02:50,  8.54s/it]
Epoch 6/50:  52%|█████▎    | 21/40 [02:59<02:41,  8.50s/it]
Epoch 6/50:  55%|█████▌    | 22/40 [03:08<02:33,  8.51s/it]
Epoch 6/50:  57%|█████▊    | 23/40 [03:17<02:29,  8.77s/it]
Epoch 6/50:  60%|██████    | 24/40 [03:25<02:19,  8.69s/it]
Epoch 6/50:  62%|██████▎   | 25/40 [03:34<02:09,  8.62s/it]
Epoch 6/50:  65%|██████▌   | 26/40 [03:42<02:00,  8.61s/it]
Epoch 6/50:  68%|██████▊   | 27/40 [03:51<01:52,  8.62s/it]
Epoch 6/50:  70%|███████   | 28/40 [04:00<01:43,  8.64s/it]
Epoch 6/50:  72%|███████▎  | 29/40 [04:08<01:34,  8.57s/it]
Epoch 6/50:  75%|███████▌  | 30/40 [04:16<01:24,  8.43s/it]
Epoch 6/50:  78%|███████▊  | 31/40 [04:25<01:15,  8.44s/it]
Epoch 6/50:  80%|████████  | 32/40 [04:33<01:07,  8.45s/it]
Epoch 6/50:  82%|████████▎ | 33/40 [04:42<00:59,  8.51s/it]
Epoch 6/50:  85%|████████▌ | 34/40 [04:51<00:51,  8.56s/it]
Epoch 6/50:  88%|████████▊ | 35/40 [04:59<00:42,  8.48s/it]
Epoch 6/50:  90%|█████████ | 36/40 [05:08<00:34,  8.59s/it]
Epoch 6/50:  92%|█████████▎| 37/40 [05:16<00:25,  8.60s/it]
Epoch 6/50:  95%|█████████▌| 38/40 [05:25<00:17,  8.63s/it]
Epoch 6/50:  98%|█████████▊| 39/40 [05:34<00:08,  8.66s/it]
Epoch 6/50: 100%|██████████| 40/40 [05:42<00:00,  8.54s/it]
Epoch 6/50: 100%|██████████| 40/40 [05:42<00:00,  8.56s/it]

Epoch 6 — avg train loss: 1.0946

[Train classification report — Epoch 6]
              precision    recall  f1-score   support

     correct       0.04      1.00      0.08         7
        void       0.00      0.00      0.00       152

    accuracy                           0.04       159
   macro avg       0.02      0.50      0.04       159
weighted avg       0.00      0.04      0.00       159


------------------------------------------------------------
DIAGNOSTIC — Epoch 6 | Task: mistake_correction_competence
------------------------------------------------------------

[1] Label token ID check
  'correct' → token_id=19928 → decoded='correct'
  'void' → token_id=1004 → decoded='void'
  ✓ All label token IDs are unique.

[2] Last-token identity (first 3 val samples)

Diag-val epoch 6:   0%|          | 0/10 [00:00<?, ?it/s]
Diag-val epoch 6:  10%|█         | 1/10 [00:02<00:22,  2.48s/it]
Diag-val epoch 6:  20%|██        | 2/10 [00:04<00:19,  2.44s/it]
Diag-val epoch 6:  30%|███       | 3/10 [00:07<00:17,  2.44s/it]
Diag-val epoch 6:  40%|████      | 4/10 [00:09<00:14,  2.39s/it]
Diag-val epoch 6:  50%|█████     | 5/10 [00:12<00:12,  2.42s/it]
Diag-val epoch 6:  60%|██████    | 6/10 [00:14<00:09,  2.42s/it]
Diag-val epoch 6:  70%|███████   | 7/10 [00:16<00:07,  2.41s/it]
Diag-val epoch 6:  80%|████████  | 8/10 [00:19<00:04,  2.42s/it]
Diag-val epoch 6:  90%|█████████ | 9/10 [00:21<00:02,  2.42s/it]
Diag-val epoch 6: 100%|██████████| 10/10 [00:24<00:00,  2.41s/it]
Diag-val epoch 6: 100%|██████████| 10/10 [00:24<00:00,  2.42s/it]
  Sample 0: last real='assistant' (id=77091) ✓ | pos[-1]='assistant' (id=77091) ✓
  Sample 1: last real='assistant' (id=77091) ✓ | pos[-1]='assistant' (id=77091) ✓
  Sample 2: last real='assistant' (id=77091) ✓ | pos[-1]='assistant' (id=77091) ✓

[3] Logit spread over label tokens (first batch)
  'correct': mean=17.406  std=1.412  min=16.125  max=19.250
  'void': mean=25.125  std=1.036  min=24.000  max=26.125
  Max-min spread: mean=7.719  min=6.750  max=9.375
  (Near 0 → not differentiating labels; large → confident)

[4] Prediction vs. true label distribution
  Label                            True %   Pred %
  ------------------------------ -------- --------
  correct                            5.0%     0.0%
  void                              95.0%   100.0% ← collapsed?

[Classification report — Epoch 6]
              precision    recall  f1-score   support

     correct       0.00      0.00      0.00         2
        void       0.95      1.00      0.97        38

    accuracy                           0.95        40
   macro avg       0.47      0.50      0.49        40
weighted avg       0.90      0.95      0.93        40

------------------------------------------------------------
  No improvement (best: epoch 3, macro F1=0.4872)

Epoch 7/50:   0%|          | 0/40 [00:00<?, ?it/s]
Epoch 7/50:   2%|▎         | 1/40 [00:08<05:31,  8.49s/it]
Epoch 7/50:   5%|▌         | 2/40 [00:16<05:18,  8.37s/it]
Epoch 7/50:   8%|▊         | 3/40 [00:25<05:11,  8.41s/it]
Epoch 7/50:  10%|█         | 4/40 [00:33<05:01,  8.37s/it]
Epoch 7/50:  12%|█▎        | 5/40 [00:42<04:54,  8.42s/it]
Epoch 7/50:  15%|█▌        | 6/40 [00:50<04:49,  8.51s/it]
Epoch 7/50:  18%|█▊        | 7/40 [00:59<04:43,  8.58s/it]
Epoch 7/50:  20%|██        | 8/40 [01:07<04:34,  8.56s/it]
Epoch 7/50:  22%|██▎       | 9/40 [01:16<04:24,  8.52s/it]
Epoch 7/50:  25%|██▌       | 10/40 [01:24<04:14,  8.49s/it]
Epoch 7/50:  28%|██▊       | 11/40 [01:33<04:09,  8.62s/it]
Epoch 7/50:  30%|███       | 12/40 [01:42<03:59,  8.54s/it]
Epoch 7/50:  32%|███▎      | 13/40 [01:50<03:51,  8.57s/it]
Epoch 7/50:  35%|███▌      | 14/40 [01:59<03:45,  8.67s/it]
Epoch 7/50:  38%|███▊      | 15/40 [02:07<03:33,  8.52s/it]
Epoch 7/50:  40%|████      | 16/40 [02:16<03:24,  8.51s/it]
Epoch 7/50:  42%|████▎     | 17/40 [02:25<03:17,  8.57s/it]
Epoch 7/50:  45%|████▌     | 18/40 [02:33<03:06,  8.48s/it]
Epoch 7/50:  48%|████▊     | 19/40 [02:41<02:58,  8.49s/it]
Epoch 7/50:  50%|█████     | 20/40 [02:50<02:50,  8.50s/it]
Epoch 7/50:  52%|█████▎    | 21/40 [02:59<02:43,  8.61s/it]
Epoch 7/50:  55%|█████▌    | 22/40 [03:07<02:34,  8.58s/it]
Epoch 7/50:  57%|█████▊    | 23/40 [03:16<02:25,  8.53s/it]
Epoch 7/50:  60%|██████    | 24/40 [03:24<02:17,  8.59s/it]
Epoch 7/50:  62%|██████▎   | 25/40 [03:33<02:07,  8.48s/it]
Epoch 7/50:  65%|██████▌   | 26/40 [03:41<01:58,  8.48s/it]
Epoch 7/50:  68%|██████▊   | 27/40 [03:49<01:49,  8.43s/it]
Epoch 7/50:  70%|███████   | 28/40 [03:58<01:41,  8.43s/it]
Epoch 7/50:  72%|███████▎  | 29/40 [04:06<01:33,  8.46s/it]
Epoch 7/50:  75%|███████▌  | 30/40 [04:15<01:24,  8.49s/it]
Epoch 7/50:  78%|███████▊  | 31/40 [04:24<01:17,  8.60s/it]
Epoch 7/50:  80%|████████  | 32/40 [04:32<01:08,  8.53s/it]
Epoch 7/50:  82%|████████▎ | 33/40 [04:41<00:59,  8.56s/it]
Epoch 7/50:  85%|████████▌ | 34/40 [04:49<00:51,  8.53s/it]
Epoch 7/50:  88%|████████▊ | 35/40 [04:58<00:42,  8.54s/it]
Epoch 7/50:  90%|█████████ | 36/40 [05:06<00:34,  8.60s/it]
Epoch 7/50:  92%|█████████▎| 37/40 [05:15<00:25,  8.61s/it]
Epoch 7/50:  95%|█████████▌| 38/40 [05:24<00:17,  8.60s/it]
Epoch 7/50:  98%|█████████▊| 39/40 [05:32<00:08,  8.60s/it]
Epoch 7/50: 100%|██████████| 40/40 [05:40<00:00,  8.39s/it]
Epoch 7/50: 100%|██████████| 40/40 [05:40<00:00,  8.52s/it]

Epoch 7 — avg train loss: 0.9677

[Train classification report — Epoch 7]
              precision    recall  f1-score   support

     correct       0.04      1.00      0.08         7
        void       0.00      0.00      0.00       152

    accuracy                           0.04       159
   macro avg       0.02      0.50      0.04       159
weighted avg       0.00      0.04      0.00       159


------------------------------------------------------------
DIAGNOSTIC — Epoch 7 | Task: mistake_correction_competence
------------------------------------------------------------

[1] Label token ID check
  'correct' → token_id=19928 → decoded='correct'
  'void' → token_id=1004 → decoded='void'
  ✓ All label token IDs are unique.

[2] Last-token identity (first 3 val samples)

Diag-val epoch 7:   0%|          | 0/10 [00:00<?, ?it/s]
Diag-val epoch 7:  10%|█         | 1/10 [00:02<00:22,  2.48s/it]
Diag-val epoch 7:  20%|██        | 2/10 [00:04<00:19,  2.44s/it]
Diag-val epoch 7:  30%|███       | 3/10 [00:07<00:17,  2.43s/it]
Diag-val epoch 7:  40%|████      | 4/10 [00:09<00:14,  2.39s/it]
Diag-val epoch 7:  50%|█████     | 5/10 [00:12<00:12,  2.41s/it]
Diag-val epoch 7:  60%|██████    | 6/10 [00:14<00:09,  2.42s/it]
Diag-val epoch 7:  70%|███████   | 7/10 [00:16<00:07,  2.41s/it]
Diag-val epoch 7:  80%|████████  | 8/10 [00:19<00:04,  2.42s/it]
Diag-val epoch 7:  90%|█████████ | 9/10 [00:21<00:02,  2.42s/it]
Diag-val epoch 7: 100%|██████████| 10/10 [00:24<00:00,  2.41s/it]
Diag-val epoch 7: 100%|██████████| 10/10 [00:24<00:00,  2.41s/it]
  Sample 0: last real='assistant' (id=77091) ✓ | pos[-1]='assistant' (id=77091) ✓
  Sample 1: last real='assistant' (id=77091) ✓ | pos[-1]='assistant' (id=77091) ✓
  Sample 2: last real='assistant' (id=77091) ✓ | pos[-1]='assistant' (id=77091) ✓

[3] Logit spread over label tokens (first batch)
  'correct': mean=14.516  std=0.858  min=13.375  max=15.438
  'void': mean=27.562  std=2.093  min=25.250  max=30.250
  Max-min spread: mean=13.047  min=10.500  max=15.750
  (Near 0 → not differentiating labels; large → confident)

[4] Prediction vs. true label distribution
  Label                            True %   Pred %
  ------------------------------ -------- --------
  correct                            5.0%     0.0%
  void                              95.0%   100.0% ← collapsed?

[Classification report — Epoch 7]
              precision    recall  f1-score   support

     correct       0.00      0.00      0.00         2
        void       0.95      1.00      0.97        38

    accuracy                           0.95        40
   macro avg       0.47      0.50      0.49        40
weighted avg       0.90      0.95      0.93        40

------------------------------------------------------------
  No improvement (best: epoch 3, macro F1=0.4872)

Epoch 8/50:   0%|          | 0/40 [00:00<?, ?it/s]
Epoch 8/50:   2%|▎         | 1/40 [00:08<05:23,  8.29s/it]
Epoch 8/50:   5%|▌         | 2/40 [00:17<05:31,  8.71s/it]
Epoch 8/50:   8%|▊         | 3/40 [00:25<05:18,  8.60s/it]
Epoch 8/50:  10%|█         | 4/40 [00:34<05:09,  8.60s/it]
Epoch 8/50:  12%|█▎        | 5/40 [00:42<04:54,  8.42s/it]
Epoch 8/50:  15%|█▌        | 6/40 [00:51<04:50,  8.53s/it]
Epoch 8/50:  18%|█▊        | 7/40 [00:59<04:41,  8.52s/it]
Epoch 8/50:  20%|██        | 8/40 [01:08<04:32,  8.51s/it]
Epoch 8/50:  22%|██▎       | 9/40 [01:16<04:25,  8.56s/it]
Epoch 8/50:  25%|██▌       | 10/40 [01:25<04:13,  8.47s/it]
Epoch 8/50:  28%|██▊       | 11/40 [01:34<04:09,  8.59s/it]
Epoch 8/50:  30%|███       | 12/40 [01:42<04:03,  8.70s/it]
Epoch 8/50:  32%|███▎      | 13/40 [01:51<03:52,  8.61s/it]
Epoch 8/50:  35%|███▌      | 14/40 [01:59<03:43,  8.61s/it]
Epoch 8/50:  38%|███▊      | 15/40 [02:08<03:34,  8.58s/it]
Epoch 8/50:  40%|████      | 16/40 [02:17<03:26,  8.61s/it]
Epoch 8/50:  42%|████▎     | 17/40 [02:25<03:15,  8.51s/it]
Epoch 8/50:  45%|████▌     | 18/40 [02:33<03:07,  8.52s/it]
Epoch 8/50:  48%|████▊     | 19/40 [02:42<02:58,  8.49s/it]
Epoch 8/50:  50%|█████     | 20/40 [02:51<02:50,  8.54s/it]
Epoch 8/50:  52%|█████▎    | 21/40 [02:59<02:42,  8.53s/it]
Epoch 8/50:  55%|█████▌    | 22/40 [03:07<02:32,  8.47s/it]
Epoch 8/50:  57%|█████▊    | 23/40 [03:16<02:22,  8.40s/it]
Epoch 8/50:  60%|██████    | 24/40 [03:24<02:14,  8.39s/it]
Epoch 8/50:  62%|██████▎   | 25/40 [03:33<02:07,  8.53s/it]
Epoch 8/50:  65%|██████▌   | 26/40 [03:41<01:59,  8.56s/it]
Epoch 8/50:  68%|██████▊   | 27/40 [03:50<01:51,  8.59s/it]
Epoch 8/50:  70%|███████   | 28/40 [03:59<01:42,  8.54s/it]
Epoch 8/50:  72%|███████▎  | 29/40 [04:07<01:34,  8.56s/it]
Epoch 8/50:  75%|███████▌  | 30/40 [04:16<01:25,  8.51s/it]
Epoch 8/50:  78%|███████▊  | 31/40 [04:24<01:16,  8.52s/it]
Epoch 8/50:  80%|████████  | 32/40 [04:33<01:08,  8.57s/it]
Epoch 8/50:  82%|████████▎ | 33/40 [04:41<01:00,  8.60s/it]
Epoch 8/50:  85%|████████▌ | 34/40 [04:50<00:51,  8.63s/it]
Epoch 8/50:  88%|████████▊ | 35/40 [04:58<00:42,  8.54s/it]
Epoch 8/50:  90%|█████████ | 36/40 [05:07<00:34,  8.58s/it]
Epoch 8/50:  92%|█████████▎| 37/40 [05:15<00:25,  8.48s/it]
Epoch 8/50:  95%|█████████▌| 38/40 [05:24<00:17,  8.57s/it]
Epoch 8/50:  98%|█████████▊| 39/40 [05:33<00:08,  8.56s/it]
Epoch 8/50: 100%|██████████| 40/40 [05:41<00:00,  8.44s/it]
Epoch 8/50: 100%|██████████| 40/40 [05:41<00:00,  8.53s/it]

Epoch 8 — avg train loss: 1.0019

[Train classification report — Epoch 8]
              precision    recall  f1-score   support

     correct       0.04      1.00      0.08         7
        void       0.00      0.00      0.00       152

    accuracy                           0.04       159
   macro avg       0.02      0.50      0.04       159
weighted avg       0.00      0.04      0.00       159


------------------------------------------------------------
DIAGNOSTIC — Epoch 8 | Task: mistake_correction_competence
------------------------------------------------------------

[1] Label token ID check
  'correct' → token_id=19928 → decoded='correct'
  'void' → token_id=1004 → decoded='void'
  ✓ All label token IDs are unique.

[2] Last-token identity (first 3 val samples)

Diag-val epoch 8:   0%|          | 0/10 [00:00<?, ?it/s]
Diag-val epoch 8:  10%|█         | 1/10 [00:02<00:22,  2.48s/it]
Diag-val epoch 8:  20%|██        | 2/10 [00:04<00:19,  2.44s/it]
Diag-val epoch 8:  30%|███       | 3/10 [00:07<00:17,  2.43s/it]
Diag-val epoch 8:  40%|████      | 4/10 [00:09<00:14,  2.39s/it]
Diag-val epoch 8:  50%|█████     | 5/10 [00:12<00:12,  2.41s/it]
Diag-val epoch 8:  60%|██████    | 6/10 [00:14<00:09,  2.42s/it]
Diag-val epoch 8:  70%|███████   | 7/10 [00:16<00:07,  2.41s/it]
Diag-val epoch 8:  80%|████████  | 8/10 [00:19<00:04,  2.42s/it]
Diag-val epoch 8:  90%|█████████ | 9/10 [00:21<00:02,  2.42s/it]
Diag-val epoch 8: 100%|██████████| 10/10 [00:24<00:00,  2.41s/it]
Diag-val epoch 8: 100%|██████████| 10/10 [00:24<00:00,  2.42s/it]
  Sample 0: last real='assistant' (id=77091) ✓ | pos[-1]='assistant' (id=77091) ✓
  Sample 1: last real='assistant' (id=77091) ✓ | pos[-1]='assistant' (id=77091) ✓
  Sample 2: last real='assistant' (id=77091) ✓ | pos[-1]='assistant' (id=77091) ✓

[3] Logit spread over label tokens (first batch)
  'correct': mean=18.031  std=0.986  min=17.125  max=19.375
  'void': mean=25.188  std=1.570  min=23.375  max=26.500
  Max-min spread: mean=7.156  min=5.875  max=9.375
  (Near 0 → not differentiating labels; large → confident)

[4] Prediction vs. true label distribution
  Label                            True %   Pred %
  ------------------------------ -------- --------
  correct                            5.0%     0.0%
  void                              95.0%   100.0% ← collapsed?

[Classification report — Epoch 8]
              precision    recall  f1-score   support

     correct       0.00      0.00      0.00         2
        void       0.95      1.00      0.97        38

    accuracy                           0.95        40
   macro avg       0.47      0.50      0.49        40
weighted avg       0.90      0.95      0.93        40

------------------------------------------------------------
  No improvement (best: epoch 3, macro F1=0.4872)

Epoch 9/50:   0%|          | 0/40 [00:00<?, ?it/s]
Epoch 9/50:   2%|▎         | 1/40 [00:08<05:32,  8.54s/it]
Epoch 9/50:   5%|▌         | 2/40 [00:16<05:21,  8.47s/it]
Epoch 9/50:   8%|▊         | 3/40 [00:25<05:18,  8.60s/it]
Epoch 9/50:  10%|█         | 4/40 [00:34<05:18,  8.84s/it]
Epoch 9/50:  12%|█▎        | 5/40 [00:43<05:04,  8.70s/it]
Epoch 9/50:  15%|█▌        | 6/40 [00:52<04:56,  8.72s/it]
Epoch 9/50:  18%|█▊        | 7/40 [01:00<04:46,  8.69s/it]
Epoch 9/50:  20%|██        | 8/40 [01:09<04:36,  8.64s/it]
Epoch 9/50:  22%|██▎       | 9/40 [01:17<04:27,  8.64s/it]
Epoch 9/50:  25%|██▌       | 10/40 [01:26<04:22,  8.74s/it]
Epoch 9/50:  28%|██▊       | 11/40 [01:35<04:11,  8.68s/it]
Epoch 9/50:  30%|███       | 12/40 [01:44<04:04,  8.73s/it]
Epoch 9/50:  32%|███▎      | 13/40 [01:52<03:54,  8.68s/it]
Epoch 9/50:  35%|███▌      | 14/40 [02:01<03:46,  8.71s/it]
Epoch 9/50:  38%|███▊      | 15/40 [02:10<03:35,  8.61s/it]
Epoch 9/50:  40%|████      | 16/40 [02:18<03:25,  8.57s/it]
Epoch 9/50:  42%|████▎     | 17/40 [02:26<03:15,  8.50s/it]
Epoch 9/50:  45%|████▌     | 18/40 [02:35<03:05,  8.45s/it]
Epoch 9/50:  48%|████▊     | 19/40 [02:43<02:59,  8.53s/it]
Epoch 9/50:  50%|█████     | 20/40 [02:52<02:50,  8.52s/it]
Epoch 9/50:  52%|█████▎    | 21/40 [03:00<02:40,  8.44s/it]
Epoch 9/50:  55%|█████▌    | 22/40 [03:09<02:33,  8.54s/it]
Epoch 9/50:  57%|█████▊    | 23/40 [03:17<02:25,  8.55s/it]
Epoch 9/50:  60%|██████    | 24/40 [03:26<02:16,  8.53s/it]
Epoch 9/50:  62%|██████▎   | 25/40 [03:34<02:07,  8.51s/it]
Epoch 9/50:  65%|██████▌   | 26/40 [03:43<01:59,  8.54s/it]
Epoch 9/50:  68%|██████▊   | 27/40 [03:51<01:50,  8.47s/it]
Epoch 9/50:  70%|███████   | 28/40 [04:00<01:41,  8.48s/it]
Epoch 9/50:  72%|███████▎  | 29/40 [04:08<01:33,  8.49s/it]
Epoch 9/50:  75%|███████▌  | 30/40 [04:17<01:24,  8.40s/it]
Epoch 9/50:  78%|███████▊  | 31/40 [04:25<01:15,  8.43s/it]
Epoch 9/50:  80%|████████  | 32/40 [04:33<01:07,  8.43s/it]
Epoch 9/50:  82%|████████▎ | 33/40 [04:42<00:59,  8.50s/it]
Epoch 9/50:  85%|████████▌ | 34/40 [04:51<00:51,  8.52s/it]
Epoch 9/50:  88%|████████▊ | 35/40 [04:59<00:42,  8.54s/it]
Epoch 9/50:  90%|█████████ | 36/40 [05:08<00:34,  8.51s/it]
Epoch 9/50:  92%|█████████▎| 37/40 [05:16<00:25,  8.52s/it]
Epoch 9/50:  95%|█████████▌| 38/40 [05:25<00:17,  8.55s/it]
Epoch 9/50:  98%|█████████▊| 39/40 [05:33<00:08,  8.53s/it]
Epoch 9/50: 100%|██████████| 40/40 [05:41<00:00,  8.34s/it]
Epoch 9/50: 100%|██████████| 40/40 [05:41<00:00,  8.54s/it]

Epoch 9 — avg train loss: 0.7328

[Train classification report — Epoch 9]
              precision    recall  f1-score   support

     correct       0.04      1.00      0.08         7
        void       0.00      0.00      0.00       152

    accuracy                           0.04       159
   macro avg       0.02      0.50      0.04       159
weighted avg       0.00      0.04      0.00       159


------------------------------------------------------------
DIAGNOSTIC — Epoch 9 | Task: mistake_correction_competence
------------------------------------------------------------

[1] Label token ID check
  'correct' → token_id=19928 → decoded='correct'
  'void' → token_id=1004 → decoded='void'
  ✓ All label token IDs are unique.

[2] Last-token identity (first 3 val samples)

Diag-val epoch 9:   0%|          | 0/10 [00:00<?, ?it/s]
Diag-val epoch 9:  10%|█         | 1/10 [00:02<00:22,  2.48s/it]
Diag-val epoch 9:  20%|██        | 2/10 [00:04<00:19,  2.44s/it]
Diag-val epoch 9:  30%|███       | 3/10 [00:07<00:17,  2.43s/it]
Diag-val epoch 9:  40%|████      | 4/10 [00:09<00:14,  2.39s/it]
Diag-val epoch 9:  50%|█████     | 5/10 [00:12<00:12,  2.41s/it]
Diag-val epoch 9:  60%|██████    | 6/10 [00:14<00:09,  2.42s/it]
Diag-val epoch 9:  70%|███████   | 7/10 [00:16<00:07,  2.41s/it]
Diag-val epoch 9:  80%|████████  | 8/10 [00:19<00:04,  2.42s/it]
Diag-val epoch 9:  90%|█████████ | 9/10 [00:21<00:02,  2.42s/it]
Diag-val epoch 9: 100%|██████████| 10/10 [00:24<00:00,  2.41s/it]
Diag-val epoch 9: 100%|██████████| 10/10 [00:24<00:00,  2.42s/it]
  Sample 0: last real='assistant' (id=77091) ✓ | pos[-1]='assistant' (id=77091) ✓
  Sample 1: last real='assistant' (id=77091) ✓ | pos[-1]='assistant' (id=77091) ✓
  Sample 2: last real='assistant' (id=77091) ✓ | pos[-1]='assistant' (id=77091) ✓

[3] Logit spread over label tokens (first batch)
  'correct': mean=17.969  std=1.434  min=16.625  max=19.500
  'void': mean=26.000  std=1.686  min=23.750  max=27.625
  Max-min spread: mean=8.031  min=6.875  max=10.250
  (Near 0 → not differentiating labels; large → confident)

[4] Prediction vs. true label distribution
  Label                            True %   Pred %
  ------------------------------ -------- --------
  correct                            5.0%     0.0%
  void                              95.0%   100.0% ← collapsed?

[Classification report — Epoch 9]
              precision    recall  f1-score   support

     correct       0.00      0.00      0.00         2
        void       0.95      1.00      0.97        38

    accuracy                           0.95        40
   macro avg       0.47      0.50      0.49        40
weighted avg       0.90      0.95      0.93        40

------------------------------------------------------------
  No improvement (best: epoch 3, macro F1=0.4872)

Epoch 10/50:   0%|          | 0/40 [00:00<?, ?it/s]
Epoch 10/50:   2%|▎         | 1/40 [00:08<05:29,  8.45s/it]
Epoch 10/50:   5%|▌         | 2/40 [00:16<05:15,  8.30s/it]
Epoch 10/50:   8%|▊         | 3/40 [00:25<05:10,  8.40s/it]
Epoch 10/50:  10%|█         | 4/40 [00:33<04:59,  8.31s/it]
Epoch 10/50:  12%|█▎        | 5/40 [00:41<04:54,  8.43s/it]
Epoch 10/50:  15%|█▌        | 6/40 [00:50<04:47,  8.45s/it]
Epoch 10/50:  18%|█▊        | 7/40 [00:59<04:39,  8.48s/it]
Epoch 10/50:  20%|██        | 8/40 [01:07<04:32,  8.51s/it]
Epoch 10/50:  22%|██▎       | 9/40 [01:16<04:27,  8.62s/it]
Epoch 10/50:  25%|██▌       | 10/40 [01:24<04:17,  8.57s/it]
Epoch 10/50:  28%|██▊       | 11/40 [01:33<04:08,  8.57s/it]
Epoch 10/50:  30%|███       | 12/40 [01:41<03:57,  8.48s/it]
Epoch 10/50:  32%|███▎      | 13/40 [01:50<03:50,  8.54s/it]
Epoch 10/50:  35%|███▌      | 14/40 [01:58<03:41,  8.52s/it]
Epoch 10/50:  38%|███▊      | 15/40 [02:07<03:33,  8.55s/it]
Epoch 10/50:  40%|████      | 16/40 [02:16<03:26,  8.59s/it]
Epoch 10/50:  42%|████▎     | 17/40 [02:24<03:18,  8.62s/it]
Epoch 10/50:  45%|████▌     | 18/40 [02:33<03:08,  8.56s/it]
Epoch 10/50:  48%|████▊     | 19/40 [02:42<03:00,  8.61s/it]
Epoch 10/50:  50%|█████     | 20/40 [02:50<02:54,  8.71s/it]
Epoch 10/50:  52%|█████▎    | 21/40 [02:59<02:43,  8.60s/it]
Epoch 10/50:  55%|█████▌    | 22/40 [03:08<02:35,  8.64s/it]
Epoch 10/50:  57%|█████▊    | 23/40 [03:16<02:26,  8.64s/it]
Epoch 10/50:  60%|██████    | 24/40 [03:25<02:18,  8.65s/it]
Epoch 10/50:  62%|██████▎   | 25/40 [03:33<02:07,  8.53s/it]
Epoch 10/50:  65%|██████▌   | 26/40 [03:42<02:00,  8.61s/it]
Epoch 10/50:  68%|██████▊   | 27/40 [03:50<01:50,  8.48s/it]
Epoch 10/50:  70%|███████   | 28/40 [03:59<01:42,  8.53s/it]
Epoch 10/50:  72%|███████▎  | 29/40 [04:07<01:33,  8.47s/it]
Epoch 10/50:  75%|███████▌  | 30/40 [04:16<01:25,  8.50s/it]
Epoch 10/50:  78%|███████▊  | 31/40 [04:24<01:16,  8.50s/it]
Epoch 10/50:  80%|████████  | 32/40 [04:33<01:08,  8.55s/it]
Epoch 10/50:  82%|████████▎ | 33/40 [04:41<00:59,  8.48s/it]
Epoch 10/50:  85%|████████▌ | 34/40 [04:50<00:50,  8.49s/it]
Epoch 10/50:  88%|████████▊ | 35/40 [04:59<00:43,  8.63s/it]
Epoch 10/50:  90%|█████████ | 36/40 [05:07<00:34,  8.60s/it]
Epoch 10/50:  92%|█████████▎| 37/40 [05:16<00:25,  8.59s/it]
Epoch 10/50:  95%|█████████▌| 38/40 [05:24<00:17,  8.53s/it]
Epoch 10/50:  98%|█████████▊| 39/40 [05:33<00:08,  8.56s/it]
Epoch 10/50: 100%|██████████| 40/40 [05:41<00:00,  8.37s/it]
Epoch 10/50: 100%|██████████| 40/40 [05:41<00:00,  8.53s/it]

Epoch 10 — avg train loss: 0.6888

[Train classification report — Epoch 10]
              precision    recall  f1-score   support

     correct       0.04      1.00      0.08         7
        void       0.00      0.00      0.00       152

    accuracy                           0.04       159
   macro avg       0.02      0.50      0.04       159
weighted avg       0.00      0.04      0.00       159


------------------------------------------------------------
DIAGNOSTIC — Epoch 10 | Task: mistake_correction_competence
------------------------------------------------------------

[1] Label token ID check
  'correct' → token_id=19928 → decoded='correct'
  'void' → token_id=1004 → decoded='void'
  ✓ All label token IDs are unique.

[2] Last-token identity (first 3 val samples)

Diag-val epoch 10:   0%|          | 0/10 [00:00<?, ?it/s]
Diag-val epoch 10:  10%|█         | 1/10 [00:02<00:22,  2.49s/it]
Diag-val epoch 10:  20%|██        | 2/10 [00:04<00:19,  2.44s/it]
Diag-val epoch 10:  30%|███       | 3/10 [00:07<00:17,  2.43s/it]
Diag-val epoch 10:  40%|████      | 4/10 [00:09<00:14,  2.39s/it]
Diag-val epoch 10:  50%|█████     | 5/10 [00:12<00:12,  2.42s/it]
Diag-val epoch 10:  60%|██████    | 6/10 [00:14<00:09,  2.42s/it]
Diag-val epoch 10:  70%|███████   | 7/10 [00:16<00:07,  2.41s/it]
Diag-val epoch 10:  80%|████████  | 8/10 [00:19<00:04,  2.42s/it]
Diag-val epoch 10:  90%|█████████ | 9/10 [00:21<00:02,  2.43s/it]
Diag-val epoch 10: 100%|██████████| 10/10 [00:24<00:00,  2.42s/it]
Diag-val epoch 10: 100%|██████████| 10/10 [00:24<00:00,  2.42s/it]
  Sample 0: last real='assistant' (id=77091) ✓ | pos[-1]='assistant' (id=77091) ✓
  Sample 1: last real='assistant' (id=77091) ✓ | pos[-1]='assistant' (id=77091) ✓
  Sample 2: last real='assistant' (id=77091) ✓ | pos[-1]='assistant' (id=77091) ✓

[3] Logit spread over label tokens (first batch)
  'correct': mean=17.094  std=0.976  min=15.875  max=18.000
  'void': mean=26.156  std=1.641  min=24.125  max=27.875
  Max-min spread: mean=9.062  min=6.375  max=11.125
  (Near 0 → not differentiating labels; large → confident)

[4] Prediction vs. true label distribution
  Label                            True %   Pred %
  ------------------------------ -------- --------
  correct                            5.0%     0.0%
  void                              95.0%   100.0% ← collapsed?

[Classification report — Epoch 10]
              precision    recall  f1-score   support

     correct       0.00      0.00      0.00         2
        void       0.95      1.00      0.97        38

    accuracy                           0.95        40
   macro avg       0.47      0.50      0.49        40
weighted avg       0.90      0.95      0.93        40

------------------------------------------------------------
  No improvement (best: epoch 3, macro F1=0.4872)

Epoch 11/50:   0%|          | 0/40 [00:00<?, ?it/s]
Epoch 11/50:   2%|▎         | 1/40 [00:08<05:38,  8.69s/it]
Epoch 11/50:   5%|▌         | 2/40 [00:17<05:24,  8.53s/it]
Epoch 11/50:   8%|▊         | 3/40 [00:25<05:18,  8.60s/it]
Epoch 11/50:  10%|█         | 4/40 [00:34<05:04,  8.46s/it]
Epoch 11/50:  12%|█▎        | 5/40 [00:42<04:54,  8.41s/it]
Epoch 11/50:  15%|█▌        | 6/40 [00:50<04:46,  8.43s/it]
Epoch 11/50:  18%|█▊        | 7/40 [00:59<04:37,  8.41s/it]
Epoch 11/50:  20%|██        | 8/40 [01:07<04:31,  8.47s/it]
Epoch 11/50:  22%|██▎       | 9/40 [01:16<04:23,  8.48s/it]
Epoch 11/50:  25%|██▌       | 10/40 [01:25<04:16,  8.56s/it]
Epoch 11/50:  28%|██▊       | 11/40 [01:33<04:08,  8.58s/it]
Epoch 11/50:  30%|███       | 12/40 [01:42<04:02,  8.68s/it]
Epoch 11/50:  32%|███▎      | 13/40 [01:51<03:53,  8.63s/it]
Epoch 11/50:  35%|███▌      | 14/40 [01:59<03:45,  8.68s/it]
Epoch 11/50:  38%|███▊      | 15/40 [02:08<03:36,  8.64s/it]
Epoch 11/50:  40%|████      | 16/40 [02:16<03:26,  8.61s/it]
Epoch 11/50:  42%|████▎     | 17/40 [02:25<03:15,  8.49s/it]
Epoch 11/50:  45%|████▌     | 18/40 [02:33<03:06,  8.48s/it]
Epoch 11/50:  48%|████▊     | 19/40 [02:41<02:56,  8.42s/it]
Epoch 11/50:  50%|█████     | 20/40 [02:50<02:47,  8.40s/it]
Epoch 11/50:  52%|█████▎    | 21/40 [02:58<02:40,  8.44s/it]
Epoch 11/50:  55%|█████▌    | 22/40 [03:07<02:32,  8.50s/it]
Epoch 11/50:  57%|█████▊    | 23/40 [03:15<02:22,  8.40s/it]
Epoch 11/50:  60%|██████    | 24/40 [03:24<02:15,  8.47s/it]
Epoch 11/50:  62%|██████▎   | 25/40 [03:32<02:07,  8.47s/it]
Epoch 11/50:  65%|██████▌   | 26/40 [03:41<02:00,  8.60s/it]
Epoch 11/50:  68%|██████▊   | 27/40 [03:50<01:51,  8.57s/it]
Epoch 11/50:  70%|███████   | 28/40 [03:58<01:43,  8.64s/it]
Epoch 11/50:  72%|███████▎  | 29/40 [04:07<01:33,  8.51s/it]
Epoch 11/50:  75%|███████▌  | 30/40 [04:15<01:24,  8.48s/it]
Epoch 11/50:  78%|███████▊  | 31/40 [04:24<01:17,  8.63s/it]
Epoch 11/50:  80%|████████  | 32/40 [04:33<01:09,  8.71s/it]
Epoch 11/50:  82%|████████▎ | 33/40 [04:41<00:59,  8.56s/it]
Epoch 11/50:  85%|████████▌ | 34/40 [04:50<00:51,  8.54s/it]
Epoch 11/50:  88%|████████▊ | 35/40 [04:58<00:42,  8.55s/it]
Epoch 11/50:  90%|█████████ | 36/40 [05:07<00:34,  8.52s/it]
Epoch 11/50:  92%|█████████▎| 37/40 [05:15<00:25,  8.56s/it]
Epoch 11/50:  95%|█████████▌| 38/40 [05:24<00:17,  8.58s/it]
Epoch 11/50:  98%|█████████▊| 39/40 [05:33<00:08,  8.62s/it]
Epoch 11/50: 100%|██████████| 40/40 [05:41<00:00,  8.42s/it]
Epoch 11/50: 100%|██████████| 40/40 [05:41<00:00,  8.53s/it]

Epoch 11 — avg train loss: 0.4013

[Train classification report — Epoch 11]
              precision    recall  f1-score   support

     correct       0.04      1.00      0.08         7
        void       0.00      0.00      0.00       152

    accuracy                           0.04       159
   macro avg       0.02      0.50      0.04       159
weighted avg       0.00      0.04      0.00       159


------------------------------------------------------------
DIAGNOSTIC — Epoch 11 | Task: mistake_correction_competence
------------------------------------------------------------

[1] Label token ID check
  'correct' → token_id=19928 → decoded='correct'
  'void' → token_id=1004 → decoded='void'
  ✓ All label token IDs are unique.

[2] Last-token identity (first 3 val samples)

Diag-val epoch 11:   0%|          | 0/10 [00:00<?, ?it/s]
Diag-val epoch 11:  10%|█         | 1/10 [00:02<00:22,  2.47s/it]
Diag-val epoch 11:  20%|██        | 2/10 [00:04<00:19,  2.44s/it]
Diag-val epoch 11:  30%|███       | 3/10 [00:07<00:16,  2.43s/it]
Diag-val epoch 11:  40%|████      | 4/10 [00:09<00:14,  2.39s/it]
Diag-val epoch 11:  50%|█████     | 5/10 [00:12<00:12,  2.41s/it]
Diag-val epoch 11:  60%|██████    | 6/10 [00:14<00:09,  2.41s/it]
Diag-val epoch 11:  70%|███████   | 7/10 [00:16<00:07,  2.41s/it]
Diag-val epoch 11:  80%|████████  | 8/10 [00:19<00:04,  2.42s/it]
Diag-val epoch 11:  90%|█████████ | 9/10 [00:21<00:02,  2.42s/it]
Diag-val epoch 11: 100%|██████████| 10/10 [00:24<00:00,  2.41s/it]
Diag-val epoch 11: 100%|██████████| 10/10 [00:24<00:00,  2.42s/it]
  Sample 0: last real='assistant' (id=77091) ✓ | pos[-1]='assistant' (id=77091) ✓
  Sample 1: last real='assistant' (id=77091) ✓ | pos[-1]='assistant' (id=77091) ✓
  Sample 2: last real='assistant' (id=77091) ✓ | pos[-1]='assistant' (id=77091) ✓

[3] Logit spread over label tokens (first batch)
  'correct': mean=17.078  std=1.348  min=15.562  max=18.500
  'void': mean=26.844  std=1.505  min=24.750  max=28.250
  Max-min spread: mean=9.766  min=6.250  max=11.938
  (Near 0 → not differentiating labels; large → confident)

[4] Prediction vs. true label distribution
  Label                            True %   Pred %
  ------------------------------ -------- --------
  correct                            5.0%     0.0%
  void                              95.0%   100.0% ← collapsed?

[Classification report — Epoch 11]
              precision    recall  f1-score   support

     correct       0.00      0.00      0.00         2
        void       0.95      1.00      0.97        38

    accuracy                           0.95        40
   macro avg       0.47      0.50      0.49        40
weighted avg       0.90      0.95      0.93        40

------------------------------------------------------------
  No improvement (best: epoch 3, macro F1=0.4872)

Epoch 12/50:   0%|          | 0/40 [00:00<?, ?it/s]
Epoch 12/50:   2%|▎         | 1/40 [00:08<05:32,  8.54s/it]
Epoch 12/50:   5%|▌         | 2/40 [00:16<05:18,  8.39s/it]
Epoch 12/50:   8%|▊         | 3/40 [00:25<05:13,  8.49s/it]
Epoch 12/50:  10%|█         | 4/40 [00:33<05:05,  8.47s/it]
Epoch 12/50:  12%|█▎        | 5/40 [00:42<04:54,  8.43s/it]
Epoch 12/50:  15%|█▌        | 6/40 [00:50<04:48,  8.48s/it]
Epoch 12/50:  18%|█▊        | 7/40 [00:59<04:38,  8.45s/it]
Epoch 12/50:  20%|██        | 8/40 [01:07<04:31,  8.48s/it]
Epoch 12/50:  22%|██▎       | 9/40 [01:16<04:28,  8.66s/it]
Epoch 12/50:  25%|██▌       | 10/40 [01:25<04:18,  8.61s/it]
Epoch 12/50:  28%|██▊       | 11/40 [01:33<04:07,  8.54s/it]
Epoch 12/50:  30%|███       | 12/40 [01:42<03:59,  8.54s/it]
Epoch 12/50:  32%|███▎      | 13/40 [01:50<03:52,  8.61s/it]
Epoch 12/50:  35%|███▌      | 14/40 [01:59<03:42,  8.56s/it]
Epoch 12/50:  38%|███▊      | 15/40 [02:07<03:33,  8.54s/it]
Epoch 12/50:  40%|████      | 16/40 [02:16<03:25,  8.56s/it]
Epoch 12/50:  42%|████▎     | 17/40 [02:25<03:17,  8.59s/it]
Epoch 12/50:  45%|████▌     | 18/40 [02:33<03:09,  8.63s/it]
Epoch 12/50:  48%|████▊     | 19/40 [02:42<03:01,  8.64s/it]
Epoch 12/50:  50%|█████     | 20/40 [02:50<02:50,  8.54s/it]
Epoch 12/50:  52%|█████▎    | 21/40 [02:59<02:42,  8.58s/it]
Epoch 12/50:  55%|█████▌    | 22/40 [03:08<02:34,  8.59s/it]
Epoch 12/50:  57%|█████▊    | 23/40 [03:16<02:26,  8.60s/it]
Epoch 12/50:  60%|██████    | 24/40 [03:25<02:16,  8.53s/it]
Epoch 12/50:  62%|██████▎   | 25/40 [03:33<02:07,  8.51s/it]
Epoch 12/50:  65%|██████▌   | 26/40 [03:41<01:57,  8.39s/it]
Epoch 12/50:  68%|██████▊   | 27/40 [03:50<01:49,  8.39s/it]
Epoch 12/50:  70%|███████   | 28/40 [03:58<01:41,  8.44s/it]
Epoch 12/50:  72%|███████▎  | 29/40 [04:07<01:34,  8.56s/it]
Epoch 12/50:  75%|███████▌  | 30/40 [04:16<01:25,  8.57s/it]
Epoch 12/50:  78%|███████▊  | 31/40 [04:24<01:17,  8.61s/it]
Epoch 12/50:  80%|████████  | 32/40 [04:33<01:08,  8.62s/it]
Epoch 12/50:  82%|████████▎ | 33/40 [04:41<00:59,  8.55s/it]
Epoch 12/50:  85%|████████▌ | 34/40 [04:50<00:51,  8.53s/it]
Epoch 12/50:  88%|████████▊ | 35/40 [04:58<00:42,  8.55s/it]
Epoch 12/50:  90%|█████████ | 36/40 [05:07<00:33,  8.45s/it]
Epoch 12/50:  92%|█████████▎| 37/40 [05:15<00:25,  8.44s/it]
Epoch 12/50:  95%|█████████▌| 38/40 [05:24<00:17,  8.55s/it]
Epoch 12/50:  98%|█████████▊| 39/40 [05:32<00:08,  8.50s/it]
Epoch 12/50: 100%|██████████| 40/40 [05:40<00:00,  8.31s/it]
Epoch 12/50: 100%|██████████| 40/40 [05:40<00:00,  8.52s/it]

Epoch 12 — avg train loss: 0.2059

[Train classification report — Epoch 12]
              precision    recall  f1-score   support

     correct       0.04      0.86      0.07         7
        void       0.50      0.01      0.01       152

    accuracy                           0.04       159
   macro avg       0.27      0.43      0.04       159
weighted avg       0.48      0.04      0.02       159


------------------------------------------------------------
DIAGNOSTIC — Epoch 12 | Task: mistake_correction_competence
------------------------------------------------------------

[1] Label token ID check
  'correct' → token_id=19928 → decoded='correct'
  'void' → token_id=1004 → decoded='void'
  ✓ All label token IDs are unique.

[2] Last-token identity (first 3 val samples)

Diag-val epoch 12:   0%|          | 0/10 [00:00<?, ?it/s]
Diag-val epoch 12:  10%|█         | 1/10 [00:02<00:22,  2.48s/it]
Diag-val epoch 12:  20%|██        | 2/10 [00:04<00:19,  2.44s/it]
Diag-val epoch 12:  30%|███       | 3/10 [00:07<00:17,  2.43s/it]
Diag-val epoch 12:  40%|████      | 4/10 [00:09<00:14,  2.39s/it]
Diag-val epoch 12:  50%|█████     | 5/10 [00:12<00:12,  2.42s/it]
Diag-val epoch 12:  60%|██████    | 6/10 [00:14<00:09,  2.43s/it]
Diag-val epoch 12:  70%|███████   | 7/10 [00:16<00:07,  2.41s/it]
Diag-val epoch 12:  80%|████████  | 8/10 [00:19<00:04,  2.42s/it]
Diag-val epoch 12:  90%|█████████ | 9/10 [00:21<00:02,  2.43s/it]
Diag-val epoch 12: 100%|██████████| 10/10 [00:24<00:00,  2.42s/it]
Diag-val epoch 12: 100%|██████████| 10/10 [00:24<00:00,  2.42s/it]
  Sample 0: last real='assistant' (id=77091) ✓ | pos[-1]='assistant' (id=77091) ✓
  Sample 1: last real='assistant' (id=77091) ✓ | pos[-1]='assistant' (id=77091) ✓
  Sample 2: last real='assistant' (id=77091) ✓ | pos[-1]='assistant' (id=77091) ✓

[3] Logit spread over label tokens (first batch)
  'correct': mean=17.438  std=1.092  min=15.875  max=18.250
  'void': mean=25.594  std=1.218  min=24.375  max=26.875
  Max-min spread: mean=8.156  min=6.250  max=10.500
  (Near 0 → not differentiating labels; large → confident)

[4] Prediction vs. true label distribution
  Label                            True %   Pred %
  ------------------------------ -------- --------
  correct                            5.0%     2.5%
  void                              95.0%    97.5% ← collapsed?

[Classification report — Epoch 12]
              precision    recall  f1-score   support

     correct       1.00      0.50      0.67         2
        void       0.97      1.00      0.99        38

    accuracy                           0.97        40
   macro avg       0.99      0.75      0.83        40
weighted avg       0.98      0.97      0.97        40

------------------------------------------------------------
  ✓ Best checkpoint updated — epoch 12, macro F1=0.8268

Epoch 13/50:   0%|          | 0/40 [00:00<?, ?it/s]
Epoch 13/50:   2%|▎         | 1/40 [00:08<05:32,  8.53s/it]
Epoch 13/50:   5%|▌         | 2/40 [00:16<05:21,  8.45s/it]
Epoch 13/50:   8%|▊         | 3/40 [00:25<05:12,  8.45s/it]
Epoch 13/50:  10%|█         | 4/40 [00:33<05:05,  8.49s/it]
Epoch 13/50:  12%|█▎        | 5/40 [00:42<04:59,  8.56s/it]
Epoch 13/50:  15%|█▌        | 6/40 [00:51<04:55,  8.69s/it]
Epoch 13/50:  18%|█▊        | 7/40 [00:59<04:43,  8.58s/it]
Epoch 13/50:  20%|██        | 8/40 [01:08<04:35,  8.60s/it]
Epoch 13/50:  22%|██▎       | 9/40 [01:17<04:26,  8.60s/it]
Epoch 13/50:  25%|██▌       | 10/40 [01:25<04:18,  8.63s/it]
Epoch 13/50:  28%|██▊       | 11/40 [01:34<04:09,  8.59s/it]
Epoch 13/50:  30%|███       | 12/40 [01:42<03:59,  8.55s/it]
Epoch 13/50:  32%|███▎      | 13/40 [01:51<03:51,  8.57s/it]
Epoch 13/50:  35%|███▌      | 14/40 [01:59<03:40,  8.49s/it]
Epoch 13/50:  38%|███▊      | 15/40 [02:07<03:30,  8.42s/it]
Epoch 13/50:  40%|████      | 16/40 [02:16<03:24,  8.51s/it]
Epoch 13/50:  42%|████▎     | 17/40 [02:25<03:18,  8.64s/it]
Epoch 13/50:  45%|████▌     | 18/40 [02:34<03:08,  8.58s/it]
Epoch 13/50:  48%|████▊     | 19/40 [02:42<02:59,  8.55s/it]
Epoch 13/50:  50%|█████     | 20/40 [02:50<02:49,  8.49s/it]
Epoch 13/50:  52%|█████▎    | 21/40 [02:59<02:39,  8.42s/it]
Epoch 13/50:  55%|█████▌    | 22/40 [03:07<02:32,  8.46s/it]
Epoch 13/50:  57%|█████▊    | 23/40 [03:16<02:23,  8.46s/it]
Epoch 13/50:  60%|██████    | 24/40 [03:24<02:15,  8.47s/it]
Epoch 13/50:  62%|██████▎   | 25/40 [03:33<02:06,  8.44s/it]
Epoch 13/50:  65%|██████▌   | 26/40 [03:41<01:59,  8.50s/it]
Epoch 13/50:  68%|██████▊   | 27/40 [03:50<01:51,  8.57s/it]
Epoch 13/50:  70%|███████   | 28/40 [03:58<01:42,  8.56s/it]
Epoch 13/50:  72%|███████▎  | 29/40 [04:07<01:33,  8.49s/it]
Epoch 13/50:  75%|███████▌  | 30/40 [04:15<01:23,  8.32s/it]
Epoch 13/50:  78%|███████▊  | 31/40 [04:23<01:15,  8.40s/it]
Epoch 13/50:  80%|████████  | 32/40 [04:32<01:07,  8.40s/it]
Epoch 13/50:  82%|████████▎ | 33/40 [04:41<01:00,  8.61s/it]
Epoch 13/50:  85%|████████▌ | 34/40 [04:50<00:51,  8.64s/it]
Epoch 13/50:  88%|████████▊ | 35/40 [04:58<00:43,  8.67s/it]
Epoch 13/50:  90%|█████████ | 36/40 [05:07<00:34,  8.58s/it]
Epoch 13/50:  92%|█████████▎| 37/40 [05:15<00:25,  8.54s/it]
Epoch 13/50:  95%|█████████▌| 38/40 [05:24<00:17,  8.51s/it]
Epoch 13/50:  98%|█████████▊| 39/40 [05:32<00:08,  8.49s/it]
Epoch 13/50: 100%|██████████| 40/40 [05:40<00:00,  8.37s/it]
Epoch 13/50: 100%|██████████| 40/40 [05:40<00:00,  8.51s/it]

Epoch 13 — avg train loss: 0.2399

[Train classification report — Epoch 13]
              precision    recall  f1-score   support

     correct       0.04      1.00      0.09         7
        void       1.00      0.01      0.03       152

    accuracy                           0.06       159
   macro avg       0.52      0.51      0.06       159
weighted avg       0.96      0.06      0.03       159


------------------------------------------------------------
DIAGNOSTIC — Epoch 13 | Task: mistake_correction_competence
------------------------------------------------------------

[1] Label token ID check
  'correct' → token_id=19928 → decoded='correct'
  'void' → token_id=1004 → decoded='void'
  ✓ All label token IDs are unique.

[2] Last-token identity (first 3 val samples)

Diag-val epoch 13:   0%|          | 0/10 [00:00<?, ?it/s]
Diag-val epoch 13:  10%|█         | 1/10 [00:02<00:22,  2.48s/it]
Diag-val epoch 13:  20%|██        | 2/10 [00:04<00:19,  2.44s/it]
Diag-val epoch 13:  30%|███       | 3/10 [00:07<00:17,  2.43s/it]
Diag-val epoch 13:  40%|████      | 4/10 [00:09<00:14,  2.39s/it]
Diag-val epoch 13:  50%|█████     | 5/10 [00:12<00:12,  2.42s/it]
Diag-val epoch 13:  60%|██████    | 6/10 [00:14<00:09,  2.42s/it]
Diag-val epoch 13:  70%|███████   | 7/10 [00:16<00:07,  2.42s/it]
Diag-val epoch 13:  80%|████████  | 8/10 [00:19<00:04,  2.43s/it]
Diag-val epoch 13:  90%|█████████ | 9/10 [00:21<00:02,  2.43s/it]
Diag-val epoch 13: 100%|██████████| 10/10 [00:24<00:00,  2.42s/it]
Diag-val epoch 13: 100%|██████████| 10/10 [00:24<00:00,  2.42s/it]
  Sample 0: last real='assistant' (id=77091) ✓ | pos[-1]='assistant' (id=77091) ✓
  Sample 1: last real='assistant' (id=77091) ✓ | pos[-1]='assistant' (id=77091) ✓
  Sample 2: last real='assistant' (id=77091) ✓ | pos[-1]='assistant' (id=77091) ✓

[3] Logit spread over label tokens (first batch)
  'correct': mean=16.719  std=0.472  min=16.250  max=17.375
  'void': mean=26.906  std=1.972  min=24.250  max=28.875
  Max-min spread: mean=10.188  min=6.875  max=12.625
  (Near 0 → not differentiating labels; large → confident)

[4] Prediction vs. true label distribution
  Label                            True %   Pred %
  ------------------------------ -------- --------
  correct                            5.0%     2.5%
  void                              95.0%    97.5% ← collapsed?

[Classification report — Epoch 13]
              precision    recall  f1-score   support

     correct       1.00      0.50      0.67         2
        void       0.97      1.00      0.99        38

    accuracy                           0.97        40
   macro avg       0.99      0.75      0.83        40
weighted avg       0.98      0.97      0.97        40

------------------------------------------------------------
  No improvement (best: epoch 12, macro F1=0.8268)

Epoch 14/50:   0%|          | 0/40 [00:00<?, ?it/s]
Epoch 14/50:   2%|▎         | 1/40 [00:08<05:33,  8.56s/it]
Epoch 14/50:   5%|▌         | 2/40 [00:17<05:31,  8.72s/it]
Epoch 14/50:   8%|▊         | 3/40 [00:25<05:16,  8.56s/it]
Epoch 14/50:  10%|█         | 4/40 [00:34<05:09,  8.61s/it]
Epoch 14/50:  12%|█▎        | 5/40 [00:42<05:00,  8.58s/it]
Epoch 14/50:  15%|█▌        | 6/40 [00:51<04:54,  8.68s/it]
Epoch 14/50:  18%|█▊        | 7/40 [01:00<04:41,  8.52s/it]
Epoch 14/50:  20%|██        | 8/40 [01:08<04:30,  8.46s/it]
Epoch 14/50:  22%|██▎       | 9/40 [01:17<04:24,  8.53s/it]
Epoch 14/50:  25%|██▌       | 10/40 [01:25<04:14,  8.48s/it]
Epoch 14/50:  28%|██▊       | 11/40 [01:33<04:05,  8.46s/it]
Epoch 14/50:  30%|███       | 12/40 [01:42<03:54,  8.39s/it]
Epoch 14/50:  32%|███▎      | 13/40 [01:50<03:48,  8.46s/it]
Epoch 14/50:  35%|███▌      | 14/40 [01:59<03:42,  8.55s/it]
Epoch 14/50:  38%|███▊      | 15/40 [02:08<03:34,  8.57s/it]
Epoch 14/50:  40%|████      | 16/40 [02:16<03:25,  8.57s/it]
Epoch 14/50:  42%|████▎     | 17/40 [02:25<03:17,  8.57s/it]
Epoch 14/50:  45%|████▌     | 18/40 [02:33<03:08,  8.56s/it]
Epoch 14/50:  48%|████▊     | 19/40 [02:42<03:02,  8.67s/it]
Epoch 14/50:  50%|█████     | 20/40 [02:51<02:55,  8.78s/it]
Epoch 14/50:  52%|█████▎    | 21/40 [02:59<02:43,  8.62s/it]
Epoch 14/50:  55%|█████▌    | 22/40 [03:08<02:33,  8.54s/it]
Epoch 14/50:  57%|█████▊    | 23/40 [03:16<02:25,  8.57s/it]
Epoch 14/50:  60%|██████    | 24/40 [03:25<02:16,  8.53s/it]
Epoch 14/50:  62%|██████▎   | 25/40 [03:34<02:09,  8.61s/it]
Epoch 14/50:  65%|██████▌   | 26/40 [03:43<02:01,  8.68s/it]
Epoch 14/50:  68%|██████▊   | 27/40 [03:51<01:51,  8.61s/it]
Epoch 14/50:  70%|███████   | 28/40 [03:59<01:42,  8.56s/it]
Epoch 14/50:  72%|███████▎  | 29/40 [04:08<01:33,  8.47s/it]
Epoch 14/50:  75%|███████▌  | 30/40 [04:16<01:25,  8.51s/it]
Epoch 14/50:  78%|███████▊  | 31/40 [04:25<01:16,  8.51s/it]
Epoch 14/50:  80%|████████  | 32/40 [04:33<01:08,  8.51s/it]
Epoch 14/50:  82%|████████▎ | 33/40 [04:42<00:59,  8.57s/it]
Epoch 14/50:  85%|████████▌ | 34/40 [04:50<00:50,  8.48s/it]
Epoch 14/50:  88%|████████▊ | 35/40 [04:59<00:42,  8.48s/it]
Epoch 14/50:  90%|█████████ | 36/40 [05:07<00:34,  8.52s/it]
Epoch 14/50:  92%|█████████▎| 37/40 [05:16<00:25,  8.47s/it]
Epoch 14/50:  95%|█████████▌| 38/40 [05:25<00:17,  8.58s/it]
Epoch 14/50:  98%|█████████▊| 39/40 [05:33<00:08,  8.59s/it]
Epoch 14/50: 100%|██████████| 40/40 [05:41<00:00,  8.43s/it]
Epoch 14/50: 100%|██████████| 40/40 [05:41<00:00,  8.54s/it]

Epoch 14 — avg train loss: 0.7186

[Train classification report — Epoch 14]
              precision    recall  f1-score   support

     correct       0.04      0.86      0.08         7
        void       0.93      0.09      0.16       152

    accuracy                           0.12       159
   macro avg       0.48      0.47      0.12       159
weighted avg       0.89      0.12      0.15       159


------------------------------------------------------------
DIAGNOSTIC — Epoch 14 | Task: mistake_correction_competence
------------------------------------------------------------

[1] Label token ID check
  'correct' → token_id=19928 → decoded='correct'
  'void' → token_id=1004 → decoded='void'
  ✓ All label token IDs are unique.

[2] Last-token identity (first 3 val samples)

Diag-val epoch 14:   0%|          | 0/10 [00:00<?, ?it/s]
Diag-val epoch 14:  10%|█         | 1/10 [00:02<00:22,  2.48s/it]
Diag-val epoch 14:  20%|██        | 2/10 [00:04<00:19,  2.45s/it]
Diag-val epoch 14:  30%|███       | 3/10 [00:07<00:17,  2.45s/it]
Diag-val epoch 14:  40%|████      | 4/10 [00:09<00:14,  2.40s/it]
Diag-val epoch 14:  50%|█████     | 5/10 [00:12<00:12,  2.43s/it]
Diag-val epoch 14:  60%|██████    | 6/10 [00:14<00:09,  2.44s/it]
Diag-val epoch 14:  70%|███████   | 7/10 [00:17<00:07,  2.42s/it]
Diag-val epoch 14:  80%|████████  | 8/10 [00:19<00:04,  2.44s/it]
Diag-val epoch 14:  90%|█████████ | 9/10 [00:21<00:02,  2.44s/it]
Diag-val epoch 14: 100%|██████████| 10/10 [00:24<00:00,  2.43s/it]
Diag-val epoch 14: 100%|██████████| 10/10 [00:24<00:00,  2.43s/it]
  Sample 0: last real='assistant' (id=77091) ✓ | pos[-1]='assistant' (id=77091) ✓
  Sample 1: last real='assistant' (id=77091) ✓ | pos[-1]='assistant' (id=77091) ✓
  Sample 2: last real='assistant' (id=77091) ✓ | pos[-1]='assistant' (id=77091) ✓

[3] Logit spread over label tokens (first batch)
  'correct': mean=16.203  std=0.504  min=15.688  max=16.875
  'void': mean=26.344  std=0.832  min=25.500  max=27.375
  Max-min spread: mean=10.141  min=8.625  max=11.688
  (Near 0 → not differentiating labels; large → confident)

[4] Prediction vs. true label distribution
  Label                            True %   Pred %
  ------------------------------ -------- --------
  correct                            5.0%     0.0%
  void                              95.0%   100.0% ← collapsed?

[Classification report — Epoch 14]
              precision    recall  f1-score   support

     correct       0.00      0.00      0.00         2
        void       0.95      1.00      0.97        38

    accuracy                           0.95        40
   macro avg       0.47      0.50      0.49        40
weighted avg       0.90      0.95      0.93        40

------------------------------------------------------------
  No improvement (best: epoch 12, macro F1=0.8268)

Epoch 15/50:   0%|          | 0/40 [00:00<?, ?it/s]
Epoch 15/50:   2%|▎         | 1/40 [00:08<05:41,  8.75s/it]
Epoch 15/50:   5%|▌         | 2/40 [00:17<05:26,  8.59s/it]
Epoch 15/50:   8%|▊         | 3/40 [00:25<05:16,  8.54s/it]
Epoch 15/50:  10%|█         | 4/40 [00:34<05:11,  8.67s/it]
Epoch 15/50:  12%|█▎        | 5/40 [00:43<05:01,  8.60s/it]
Epoch 15/50:  15%|█▌        | 6/40 [00:51<04:47,  8.46s/it]
Epoch 15/50:  18%|█▊        | 7/40 [00:59<04:39,  8.47s/it]
Epoch 15/50:  20%|██        | 8/40 [01:08<04:33,  8.53s/it]
Epoch 15/50:  22%|██▎       | 9/40 [01:16<04:24,  8.54s/it]
Epoch 15/50:  25%|██▌       | 10/40 [01:25<04:17,  8.58s/it]
Epoch 15/50:  28%|██▊       | 11/40 [01:33<04:04,  8.44s/it]
Epoch 15/50:  30%|███       | 12/40 [01:42<03:57,  8.50s/it]
Epoch 15/50:  32%|███▎      | 13/40 [01:50<03:46,  8.40s/it]
Epoch 15/50:  35%|███▌      | 14/40 [01:59<03:39,  8.44s/it]
Epoch 15/50:  38%|███▊      | 15/40 [02:07<03:33,  8.54s/it]
Epoch 15/50:  40%|████      | 16/40 [02:16<03:25,  8.55s/it]
Epoch 15/50:  42%|████▎     | 17/40 [02:24<03:16,  8.54s/it]
Epoch 15/50:  45%|████▌     | 18/40 [02:33<03:10,  8.64s/it]
Epoch 15/50:  48%|████▊     | 19/40 [02:42<03:00,  8.60s/it]
Epoch 15/50:  50%|█████     | 20/40 [02:51<02:52,  8.64s/it]
Epoch 15/50:  52%|█████▎    | 21/40 [02:59<02:43,  8.62s/it]
Epoch 15/50:  55%|█████▌    | 22/40 [03:08<02:34,  8.58s/it]
Epoch 15/50:  57%|█████▊    | 23/40 [03:16<02:24,  8.47s/it]
Epoch 15/50:  60%|██████    | 24/40 [03:24<02:15,  8.48s/it]
Epoch 15/50:  62%|██████▎   | 25/40 [03:33<02:07,  8.49s/it]
Epoch 15/50:  65%|██████▌   | 26/40 [03:42<01:59,  8.55s/it]
Epoch 15/50:  68%|██████▊   | 27/40 [03:51<01:52,  8.69s/it]
Epoch 15/50:  70%|███████   | 28/40 [03:59<01:44,  8.70s/it]
Epoch 15/50:  72%|███████▎  | 29/40 [04:08<01:34,  8.63s/it]
Epoch 15/50:  75%|███████▌  | 30/40 [04:16<01:26,  8.66s/it]
Epoch 15/50:  78%|███████▊  | 31/40 [04:25<01:18,  8.69s/it]
Epoch 15/50:  80%|████████  | 32/40 [04:34<01:09,  8.69s/it]
Epoch 15/50:  82%|████████▎ | 33/40 [04:42<01:00,  8.64s/it]
Epoch 15/50:  85%|████████▌ | 34/40 [04:51<00:51,  8.59s/it]
Epoch 15/50:  88%|████████▊ | 35/40 [05:00<00:43,  8.63s/it]
Epoch 15/50:  90%|█████████ | 36/40 [05:09<00:34,  8.71s/it]
Epoch 15/50:  92%|█████████▎| 37/40 [05:17<00:25,  8.66s/it]
Epoch 15/50:  95%|█████████▌| 38/40 [05:26<00:17,  8.62s/it]
Epoch 15/50:  98%|█████████▊| 39/40 [05:34<00:08,  8.60s/it]
Epoch 15/50: 100%|██████████| 40/40 [05:42<00:00,  8.43s/it]
Epoch 15/50: 100%|██████████| 40/40 [05:42<00:00,  8.57s/it]

Epoch 15 — avg train loss: 0.1073

[Train classification report — Epoch 15]
              precision    recall  f1-score   support

     correct       0.04      1.00      0.09         7
        void       1.00      0.01      0.03       152

    accuracy                           0.06       159
   macro avg       0.52      0.51      0.06       159
weighted avg       0.96      0.06      0.03       159


------------------------------------------------------------
DIAGNOSTIC — Epoch 15 | Task: mistake_correction_competence
------------------------------------------------------------

[1] Label token ID check
  'correct' → token_id=19928 → decoded='correct'
  'void' → token_id=1004 → decoded='void'
  ✓ All label token IDs are unique.

[2] Last-token identity (first 3 val samples)

Diag-val epoch 15:   0%|          | 0/10 [00:00<?, ?it/s]
Diag-val epoch 15:  10%|█         | 1/10 [00:02<00:22,  2.48s/it]
Diag-val epoch 15:  20%|██        | 2/10 [00:04<00:19,  2.45s/it]
Diag-val epoch 15:  30%|███       | 3/10 [00:07<00:17,  2.44s/it]
Diag-val epoch 15:  40%|████      | 4/10 [00:09<00:14,  2.40s/it]
Diag-val epoch 15:  50%|█████     | 5/10 [00:12<00:12,  2.42s/it]
Diag-val epoch 15:  60%|██████    | 6/10 [00:14<00:09,  2.44s/it]
Diag-val epoch 15:  70%|███████   | 7/10 [00:17<00:07,  2.43s/it]
Diag-val epoch 15:  80%|████████  | 8/10 [00:19<00:04,  2.44s/it]
Diag-val epoch 15:  90%|█████████ | 9/10 [00:21<00:02,  2.44s/it]
Diag-val epoch 15: 100%|██████████| 10/10 [00:24<00:00,  2.43s/it]
Diag-val epoch 15: 100%|██████████| 10/10 [00:24<00:00,  2.43s/it]
  Sample 0: last real='assistant' (id=77091) ✓ | pos[-1]='assistant' (id=77091) ✓
  Sample 1: last real='assistant' (id=77091) ✓ | pos[-1]='assistant' (id=77091) ✓
  Sample 2: last real='assistant' (id=77091) ✓ | pos[-1]='assistant' (id=77091) ✓

[3] Logit spread over label tokens (first batch)
  'correct': mean=16.172  std=1.338  min=14.812  max=18.000
  'void': mean=26.344  std=1.352  min=24.750  max=27.750
  Max-min spread: mean=10.172  min=6.750  max=12.312
  (Near 0 → not differentiating labels; large → confident)

[4] Prediction vs. true label distribution
  Label                            True %   Pred %
  ------------------------------ -------- --------
  correct                            5.0%     2.5%
  void                              95.0%    97.5% ← collapsed?

[Classification report — Epoch 15]
              precision    recall  f1-score   support

     correct       1.00      0.50      0.67         2
        void       0.97      1.00      0.99        38

    accuracy                           0.97        40
   macro avg       0.99      0.75      0.83        40
weighted avg       0.98      0.97      0.97        40

------------------------------------------------------------
  No improvement (best: epoch 12, macro F1=0.8268)

Epoch 16/50:   0%|          | 0/40 [00:00<?, ?it/s]
Epoch 16/50:   2%|▎         | 1/40 [00:08<05:31,  8.51s/it]
Epoch 16/50:   5%|▌         | 2/40 [00:17<05:25,  8.57s/it]
Epoch 16/50:   8%|▊         | 3/40 [00:26<05:25,  8.79s/it]
Epoch 16/50:  10%|█         | 4/40 [00:34<05:11,  8.66s/it]
Epoch 16/50:  12%|█▎        | 5/40 [00:43<05:05,  8.74s/it]
Epoch 16/50:  15%|█▌        | 6/40 [00:51<04:53,  8.65s/it]
Epoch 16/50:  18%|█▊        | 7/40 [01:00<04:41,  8.52s/it]
Epoch 16/50:  20%|██        | 8/40 [01:08<04:34,  8.58s/it]
Epoch 16/50:  22%|██▎       | 9/40 [01:17<04:26,  8.58s/it]
Epoch 16/50:  25%|██▌       | 10/40 [01:25<04:15,  8.50s/it]
Epoch 16/50:  28%|██▊       | 11/40 [01:34<04:08,  8.58s/it]
Epoch 16/50:  30%|███       | 12/40 [01:43<03:59,  8.56s/it]
Epoch 16/50:  32%|███▎      | 13/40 [01:51<03:47,  8.43s/it]
Epoch 16/50:  35%|███▌      | 14/40 [01:59<03:40,  8.48s/it]
Epoch 16/50:  38%|███▊      | 15/40 [02:08<03:33,  8.56s/it]
Epoch 16/50:  40%|████      | 16/40 [02:16<03:23,  8.50s/it]
Epoch 16/50:  42%|████▎     | 17/40 [02:25<03:14,  8.47s/it]
Epoch 16/50:  45%|████▌     | 18/40 [02:33<03:07,  8.52s/it]
Epoch 16/50:  48%|████▊     | 19/40 [02:42<03:00,  8.58s/it]
Epoch 16/50:  50%|█████     | 20/40 [02:51<02:51,  8.58s/it]
Epoch 16/50:  52%|█████▎    | 21/40 [02:59<02:41,  8.48s/it]
Epoch 16/50:  55%|█████▌    | 22/40 [03:08<02:33,  8.54s/it]
Epoch 16/50:  57%|█████▊    | 23/40 [03:16<02:25,  8.56s/it]
Epoch 16/50:  60%|██████    | 24/40 [03:25<02:17,  8.62s/it]
Epoch 16/50:  62%|██████▎   | 25/40 [03:34<02:09,  8.67s/it]
Epoch 16/50:  65%|██████▌   | 26/40 [03:42<02:01,  8.65s/it]
Epoch 16/50:  68%|██████▊   | 27/40 [03:51<01:53,  8.73s/it]
Epoch 16/50:  70%|███████   | 28/40 [04:00<01:43,  8.61s/it]
Epoch 16/50:  72%|███████▎  | 29/40 [04:08<01:33,  8.51s/it]
Epoch 16/50:  75%|███████▌  | 30/40 [04:17<01:26,  8.62s/it]
Epoch 16/50:  78%|███████▊  | 31/40 [04:25<01:17,  8.62s/it]
Epoch 16/50:  80%|████████  | 32/40 [04:34<01:08,  8.56s/it]
Epoch 16/50:  82%|████████▎ | 33/40 [04:42<00:59,  8.51s/it]
Epoch 16/50:  85%|████████▌ | 34/40 [04:51<00:51,  8.53s/it]
Epoch 16/50:  88%|████████▊ | 35/40 [04:59<00:42,  8.48s/it]
Epoch 16/50:  90%|█████████ | 36/40 [05:08<00:33,  8.46s/it]
Epoch 16/50:  92%|█████████▎| 37/40 [05:16<00:25,  8.46s/it]
Epoch 16/50:  95%|█████████▌| 38/40 [05:25<00:17,  8.56s/it]
Epoch 16/50:  98%|█████████▊| 39/40 [05:33<00:08,  8.51s/it]
Epoch 16/50: 100%|██████████| 40/40 [05:41<00:00,  8.39s/it]
Epoch 16/50: 100%|██████████| 40/40 [05:41<00:00,  8.55s/it]

Epoch 16 — avg train loss: 0.0143

[Train classification report — Epoch 16]
              precision    recall  f1-score   support

     correct       0.05      1.00      0.09         7
        void       1.00      0.03      0.06       152

    accuracy                           0.08       159
   macro avg       0.52      0.52      0.08       159
weighted avg       0.96      0.08      0.06       159


------------------------------------------------------------
DIAGNOSTIC — Epoch 16 | Task: mistake_correction_competence
------------------------------------------------------------

[1] Label token ID check
  'correct' → token_id=19928 → decoded='correct'
  'void' → token_id=1004 → decoded='void'
  ✓ All label token IDs are unique.

[2] Last-token identity (first 3 val samples)

Diag-val epoch 16:   0%|          | 0/10 [00:00<?, ?it/s]
Diag-val epoch 16:  10%|█         | 1/10 [00:02<00:22,  2.49s/it]
Diag-val epoch 16:  20%|██        | 2/10 [00:04<00:19,  2.44s/it]
Diag-val epoch 16:  30%|███       | 3/10 [00:07<00:17,  2.45s/it]
Diag-val epoch 16:  40%|████      | 4/10 [00:09<00:14,  2.40s/it]
Diag-val epoch 16:  50%|█████     | 5/10 [00:12<00:12,  2.42s/it]
Diag-val epoch 16:  60%|██████    | 6/10 [00:14<00:09,  2.43s/it]
Diag-val epoch 16:  70%|███████   | 7/10 [00:16<00:07,  2.41s/it]
Diag-val epoch 16:  80%|████████  | 8/10 [00:19<00:04,  2.42s/it]
Diag-val epoch 16:  90%|█████████ | 9/10 [00:21<00:02,  2.42s/it]
Diag-val epoch 16: 100%|██████████| 10/10 [00:24<00:00,  2.42s/it]
Diag-val epoch 16: 100%|██████████| 10/10 [00:24<00:00,  2.42s/it]
  Sample 0: last real='assistant' (id=77091) ✓ | pos[-1]='assistant' (id=77091) ✓
  Sample 1: last real='assistant' (id=77091) ✓ | pos[-1]='assistant' (id=77091) ✓
  Sample 2: last real='assistant' (id=77091) ✓ | pos[-1]='assistant' (id=77091) ✓

[3] Logit spread over label tokens (first batch)
  'correct': mean=16.438  std=1.235  min=15.000  max=17.750
  'void': mean=27.656  std=1.438  min=25.625  max=29.000
  Max-min spread: mean=11.219  min=8.500  max=14.000
  (Near 0 → not differentiating labels; large → confident)

[4] Prediction vs. true label distribution
  Label                            True %   Pred %
  ------------------------------ -------- --------
  correct                            5.0%     2.5%
  void                              95.0%    97.5% ← collapsed?

[Classification report — Epoch 16]
              precision    recall  f1-score   support

     correct       1.00      0.50      0.67         2
        void       0.97      1.00      0.99        38

    accuracy                           0.97        40
   macro avg       0.99      0.75      0.83        40
weighted avg       0.98      0.97      0.97        40

------------------------------------------------------------
  No improvement (best: epoch 12, macro F1=0.8268)

Epoch 17/50:   0%|          | 0/40 [00:00<?, ?it/s]
Epoch 17/50:   2%|▎         | 1/40 [00:08<05:21,  8.25s/it]
Epoch 17/50:   5%|▌         | 2/40 [00:16<05:24,  8.53s/it]
Epoch 17/50:   8%|▊         | 3/40 [00:25<05:18,  8.61s/it]
Epoch 17/50:  10%|█         | 4/40 [00:33<05:05,  8.48s/it]
Epoch 17/50:  12%|█▎        | 5/40 [00:42<04:58,  8.52s/it]
Epoch 17/50:  15%|█▌        | 6/40 [00:51<04:49,  8.52s/it]
Epoch 17/50:  18%|█▊        | 7/40 [00:59<04:43,  8.59s/it]
Epoch 17/50:  20%|██        | 8/40 [01:08<04:32,  8.52s/it]
Epoch 17/50:  22%|██▎       | 9/40 [01:16<04:23,  8.49s/it]
Epoch 17/50:  25%|██▌       | 10/40 [01:25<04:15,  8.50s/it]
Epoch 17/50:  28%|██▊       | 11/40 [01:33<04:06,  8.50s/it]
Epoch 17/50:  30%|███       | 12/40 [01:42<04:01,  8.62s/it]
Epoch 17/50:  32%|███▎      | 13/40 [01:51<03:52,  8.61s/it]
Epoch 17/50:  35%|███▌      | 14/40 [01:59<03:40,  8.48s/it]
Epoch 17/50:  38%|███▊      | 15/40 [02:07<03:32,  8.50s/it]
Epoch 17/50:  40%|████      | 16/40 [02:16<03:25,  8.55s/it]
Epoch 17/50:  42%|████▎     | 17/40 [02:25<03:18,  8.65s/it]
Epoch 17/50:  45%|████▌     | 18/40 [02:34<03:10,  8.67s/it]
Epoch 17/50:  48%|████▊     | 19/40 [02:42<03:00,  8.58s/it]
Epoch 17/50:  50%|█████     | 20/40 [02:50<02:49,  8.47s/it]
Epoch 17/50:  52%|█████▎    | 21/40 [02:59<02:43,  8.58s/it]
Epoch 17/50:  55%|█████▌    | 22/40 [03:08<02:35,  8.63s/it]
Epoch 17/50:  57%|█████▊    | 23/40 [03:17<02:27,  8.67s/it]
Epoch 17/50:  60%|██████    | 24/40 [03:25<02:17,  8.58s/it]
Epoch 17/50:  62%|██████▎   | 25/40 [03:33<02:07,  8.48s/it]
Epoch 17/50:  65%|██████▌   | 26/40 [03:41<01:57,  8.42s/it]
Epoch 17/50:  68%|██████▊   | 27/40 [03:50<01:50,  8.49s/it]
Epoch 17/50:  70%|███████   | 28/40 [03:59<01:41,  8.48s/it]
Epoch 17/50:  72%|███████▎  | 29/40 [04:07<01:34,  8.59s/it]
Epoch 17/50:  75%|███████▌  | 30/40 [04:16<01:25,  8.58s/it]
Epoch 17/50:  78%|███████▊  | 31/40 [04:25<01:17,  8.60s/it]
Epoch 17/50:  80%|████████  | 32/40 [04:33<01:08,  8.55s/it]
Epoch 17/50:  82%|████████▎ | 33/40 [04:42<01:00,  8.59s/it]
Epoch 17/50:  85%|████████▌ | 34/40 [04:51<00:52,  8.70s/it]
Epoch 17/50:  88%|████████▊ | 35/40 [04:59<00:42,  8.59s/it]
Epoch 17/50:  90%|█████████ | 36/40 [05:08<00:34,  8.58s/it]
Epoch 17/50:  92%|█████████▎| 37/40 [05:16<00:25,  8.56s/it]
Epoch 17/50:  95%|█████████▌| 38/40 [05:25<00:17,  8.57s/it]
Epoch 17/50:  98%|█████████▊| 39/40 [05:33<00:08,  8.52s/it]
Epoch 17/50: 100%|██████████| 40/40 [05:41<00:00,  8.44s/it]
Epoch 17/50: 100%|██████████| 40/40 [05:41<00:00,  8.55s/it]

Epoch 17 — avg train loss: 0.0025

[Train classification report — Epoch 17]
              precision    recall  f1-score   support

     correct       0.05      1.00      0.09         7
        void       1.00      0.04      0.08       152

    accuracy                           0.08       159
   macro avg       0.52      0.52      0.08       159
weighted avg       0.96      0.08      0.08       159


------------------------------------------------------------
DIAGNOSTIC — Epoch 17 | Task: mistake_correction_competence
------------------------------------------------------------

[1] Label token ID check
  'correct' → token_id=19928 → decoded='correct'
  'void' → token_id=1004 → decoded='void'
  ✓ All label token IDs are unique.

[2] Last-token identity (first 3 val samples)

Diag-val epoch 17:   0%|          | 0/10 [00:00<?, ?it/s]
Diag-val epoch 17:  10%|█         | 1/10 [00:02<00:22,  2.51s/it]
Diag-val epoch 17:  20%|██        | 2/10 [00:04<00:19,  2.46s/it]
Diag-val epoch 17:  30%|███       | 3/10 [00:07<00:17,  2.44s/it]
Diag-val epoch 17:  40%|████      | 4/10 [00:09<00:14,  2.39s/it]
Diag-val epoch 17:  50%|█████     | 5/10 [00:12<00:12,  2.42s/it]
Diag-val epoch 17:  60%|██████    | 6/10 [00:14<00:09,  2.42s/it]
Diag-val epoch 17:  70%|███████   | 7/10 [00:16<00:07,  2.41s/it]
Diag-val epoch 17:  80%|████████  | 8/10 [00:19<00:04,  2.42s/it]
Diag-val epoch 17:  90%|█████████ | 9/10 [00:21<00:02,  2.43s/it]
Diag-val epoch 17: 100%|██████████| 10/10 [00:24<00:00,  2.42s/it]
Diag-val epoch 17: 100%|██████████| 10/10 [00:24<00:00,  2.42s/it]
  Sample 0: last real='assistant' (id=77091) ✓ | pos[-1]='assistant' (id=77091) ✓
  Sample 1: last real='assistant' (id=77091) ✓ | pos[-1]='assistant' (id=77091) ✓
  Sample 2: last real='assistant' (id=77091) ✓ | pos[-1]='assistant' (id=77091) ✓

[3] Logit spread over label tokens (first batch)
  'correct': mean=16.281  std=0.992  min=15.000  max=17.125
  'void': mean=27.625  std=1.558  min=25.875  max=29.000
  Max-min spread: mean=11.344  min=8.875  max=14.000
  (Near 0 → not differentiating labels; large → confident)

[4] Prediction vs. true label distribution
  Label                            True %   Pred %
  ------------------------------ -------- --------
  correct                            5.0%     2.5%
  void                              95.0%    97.5% ← collapsed?

[Classification report — Epoch 17]
              precision    recall  f1-score   support

     correct       1.00      0.50      0.67         2
        void       0.97      1.00      0.99        38

    accuracy                           0.97        40
   macro avg       0.99      0.75      0.83        40
weighted avg       0.98      0.97      0.97        40

------------------------------------------------------------
  No improvement (best: epoch 12, macro F1=0.8268)

Epoch 18/50:   0%|          | 0/40 [00:00<?, ?it/s]
Epoch 18/50:   2%|▎         | 1/40 [00:08<05:33,  8.55s/it]
Epoch 18/50:   5%|▌         | 2/40 [00:17<05:28,  8.64s/it]
Epoch 18/50:   8%|▊         | 3/40 [00:25<05:15,  8.54s/it]
Epoch 18/50:  10%|█         | 4/40 [00:34<05:09,  8.60s/it]
Epoch 18/50:  12%|█▎        | 5/40 [00:42<04:59,  8.55s/it]
Epoch 18/50:  15%|█▌        | 6/40 [00:51<04:52,  8.60s/it]
Epoch 18/50:  18%|█▊        | 7/40 [00:59<04:39,  8.47s/it]
Epoch 18/50:  20%|██        | 8/40 [01:08<04:33,  8.53s/it]
Epoch 18/50:  22%|██▎       | 9/40 [01:16<04:24,  8.52s/it]
Epoch 18/50:  25%|██▌       | 10/40 [01:25<04:14,  8.50s/it]
Epoch 18/50:  28%|██▊       | 11/40 [01:33<04:04,  8.42s/it]
Epoch 18/50:  30%|███       | 12/40 [01:42<03:58,  8.50s/it]
Epoch 18/50:  32%|███▎      | 13/40 [01:51<03:53,  8.65s/it]
Epoch 18/50:  35%|███▌      | 14/40 [01:59<03:41,  8.54s/it]
Epoch 18/50:  38%|███▊      | 15/40 [02:07<03:32,  8.49s/it]
Epoch 18/50:  40%|████      | 16/40 [02:16<03:25,  8.55s/it]
Epoch 18/50:  42%|████▎     | 17/40 [02:25<03:18,  8.62s/it]
Epoch 18/50:  45%|████▌     | 18/40 [02:33<03:09,  8.62s/it]
Epoch 18/50:  48%|████▊     | 19/40 [02:42<03:00,  8.58s/it]
Epoch 18/50:  50%|█████     | 20/40 [02:51<02:51,  8.57s/it]
Epoch 18/50:  52%|█████▎    | 21/40 [02:59<02:42,  8.53s/it]
Epoch 18/50:  55%|█████▌    | 22/40 [03:08<02:34,  8.60s/it]
Epoch 18/50:  57%|█████▊    | 23/40 [03:17<02:27,  8.68s/it]
Epoch 18/50:  60%|██████    | 24/40 [03:26<02:20,  8.78s/it]
Epoch 18/50:  62%|██████▎   | 25/40 [03:34<02:10,  8.67s/it]
Epoch 18/50:  65%|██████▌   | 26/40 [03:43<02:02,  8.74s/it]
Epoch 18/50:  68%|██████▊   | 27/40 [03:51<01:52,  8.67s/it]
Epoch 18/50:  70%|███████   | 28/40 [04:00<01:43,  8.65s/it]
Epoch 18/50:  72%|███████▎  | 29/40 [04:09<01:35,  8.70s/it]
Epoch 18/50:  75%|███████▌  | 30/40 [04:17<01:26,  8.63s/it]
Epoch 18/50:  78%|███████▊  | 31/40 [04:26<01:16,  8.51s/it]
Epoch 18/50:  80%|████████  | 32/40 [04:34<01:08,  8.55s/it]
Epoch 18/50:  82%|████████▎ | 33/40 [04:43<00:59,  8.55s/it]
Epoch 18/50:  85%|████████▌ | 34/40 [04:51<00:51,  8.54s/it]
Epoch 18/50:  88%|████████▊ | 35/40 [05:00<00:42,  8.49s/it]
Epoch 18/50:  90%|█████████ | 36/40 [05:08<00:33,  8.45s/it]
Epoch 18/50:  92%|█████████▎| 37/40 [05:16<00:25,  8.38s/it]
Epoch 18/50:  95%|█████████▌| 38/40 [05:25<00:16,  8.43s/it]
Epoch 18/50:  98%|█████████▊| 39/40 [05:33<00:08,  8.52s/it]
Epoch 18/50: 100%|██████████| 40/40 [05:41<00:00,  8.36s/it]
Epoch 18/50: 100%|██████████| 40/40 [05:41<00:00,  8.55s/it]

Epoch 18 — avg train loss: 0.0001

[Train classification report — Epoch 18]
              precision    recall  f1-score   support

     correct       0.05      1.00      0.09         7
        void       1.00      0.03      0.06       152

    accuracy                           0.08       159
   macro avg       0.52      0.52      0.08       159
weighted avg       0.96      0.08      0.06       159


------------------------------------------------------------
DIAGNOSTIC — Epoch 18 | Task: mistake_correction_competence
------------------------------------------------------------

[1] Label token ID check
  'correct' → token_id=19928 → decoded='correct'
  'void' → token_id=1004 → decoded='void'
  ✓ All label token IDs are unique.

[2] Last-token identity (first 3 val samples)

Diag-val epoch 18:   0%|          | 0/10 [00:00<?, ?it/s]
Diag-val epoch 18:  10%|█         | 1/10 [00:02<00:22,  2.47s/it]
Diag-val epoch 18:  20%|██        | 2/10 [00:04<00:19,  2.44s/it]
Diag-val epoch 18:  30%|███       | 3/10 [00:07<00:16,  2.43s/it]
Diag-val epoch 18:  40%|████      | 4/10 [00:09<00:14,  2.39s/it]
Diag-val epoch 18:  50%|█████     | 5/10 [00:12<00:12,  2.41s/it]
Diag-val epoch 18:  60%|██████    | 6/10 [00:14<00:09,  2.42s/it]
Diag-val epoch 18:  70%|███████   | 7/10 [00:16<00:07,  2.41s/it]
Diag-val epoch 18:  80%|████████  | 8/10 [00:19<00:04,  2.42s/it]
Diag-val epoch 18:  90%|█████████ | 9/10 [00:21<00:02,  2.43s/it]
Diag-val epoch 18: 100%|██████████| 10/10 [00:24<00:00,  2.42s/it]
Diag-val epoch 18: 100%|██████████| 10/10 [00:24<00:00,  2.42s/it]
  Sample 0: last real='assistant' (id=77091) ✓ | pos[-1]='assistant' (id=77091) ✓
  Sample 1: last real='assistant' (id=77091) ✓ | pos[-1]='assistant' (id=77091) ✓
  Sample 2: last real='assistant' (id=77091) ✓ | pos[-1]='assistant' (id=77091) ✓

[3] Logit spread over label tokens (first batch)
  'correct': mean=16.422  std=0.620  min=15.812  max=17.125
  'void': mean=27.875  std=1.350  min=26.375  max=29.250
  Max-min spread: mean=11.453  min=9.250  max=12.750
  (Near 0 → not differentiating labels; large → confident)

[4] Prediction vs. true label distribution
  Label                            True %   Pred %
  ------------------------------ -------- --------
  correct                            5.0%     2.5%
  void                              95.0%    97.5% ← collapsed?

[Classification report — Epoch 18]
              precision    recall  f1-score   support

     correct       1.00      0.50      0.67         2
        void       0.97      1.00      0.99        38

    accuracy                           0.97        40
   macro avg       0.99      0.75      0.83        40
weighted avg       0.98      0.97      0.97        40

------------------------------------------------------------
  No improvement (best: epoch 12, macro F1=0.8268)

Epoch 19/50:   0%|          | 0/40 [00:00<?, ?it/s]
Epoch 19/50:   2%|▎         | 1/40 [00:08<05:38,  8.68s/it]
Epoch 19/50:   5%|▌         | 2/40 [00:17<05:25,  8.57s/it]
Epoch 19/50:   8%|▊         | 3/40 [00:25<05:19,  8.64s/it]
Epoch 19/50:  10%|█         | 4/40 [00:34<05:10,  8.63s/it]
Epoch 19/50:  12%|█▎        | 5/40 [00:43<05:04,  8.69s/it]
Epoch 19/50:  15%|█▌        | 6/40 [00:51<04:53,  8.63s/it]
Epoch 19/50:  18%|█▊        | 7/40 [01:00<04:45,  8.65s/it]
Epoch 19/50:  20%|██        | 8/40 [01:08<04:34,  8.58s/it]
Epoch 19/50:  22%|██▎       | 9/40 [01:17<04:25,  8.58s/it]
Epoch 19/50:  25%|██▌       | 10/40 [01:25<04:14,  8.47s/it]
Epoch 19/50:  28%|██▊       | 11/40 [01:34<04:07,  8.53s/it]
Epoch 19/50:  30%|███       | 12/40 [01:43<04:00,  8.58s/it]
Epoch 19/50:  32%|███▎      | 13/40 [01:51<03:52,  8.60s/it]
Epoch 19/50:  35%|███▌      | 14/40 [02:00<03:44,  8.62s/it]
Epoch 19/50:  38%|███▊      | 15/40 [02:08<03:35,  8.60s/it]
Epoch 19/50:  40%|████      | 16/40 [02:17<03:24,  8.54s/it]
Epoch 19/50:  42%|████▎     | 17/40 [02:25<03:16,  8.56s/it]
Epoch 19/50:  45%|████▌     | 18/40 [02:34<03:07,  8.51s/it]
Epoch 19/50:  48%|████▊     | 19/40 [02:42<02:58,  8.50s/it]
Epoch 19/50:  50%|█████     | 20/40 [02:51<02:48,  8.45s/it]
Epoch 19/50:  52%|█████▎    | 21/40 [02:59<02:40,  8.46s/it]
Epoch 19/50:  55%|█████▌    | 22/40 [03:08<02:32,  8.46s/it]
Epoch 19/50:  57%|█████▊    | 23/40 [03:16<02:22,  8.39s/it]
Epoch 19/50:  60%|██████    | 24/40 [03:25<02:17,  8.57s/it]
Epoch 19/50:  62%|██████▎   | 25/40 [03:34<02:09,  8.64s/it]
Epoch 19/50:  65%|██████▌   | 26/40 [03:42<02:00,  8.59s/it]
Epoch 19/50:  68%|██████▊   | 27/40 [03:51<01:51,  8.60s/it]
Epoch 19/50:  70%|███████   | 28/40 [03:59<01:43,  8.62s/it]
Epoch 19/50:  72%|███████▎  | 29/40 [04:08<01:34,  8.59s/it]
Epoch 19/50:  75%|███████▌  | 30/40 [04:16<01:25,  8.57s/it]
Epoch 19/50:  78%|███████▊  | 31/40 [04:25<01:17,  8.62s/it]
Epoch 19/50:  80%|████████  | 32/40 [04:34<01:09,  8.74s/it]
Epoch 19/50:  82%|████████▎ | 33/40 [04:43<01:00,  8.64s/it]
Epoch 19/50:  85%|████████▌ | 34/40 [04:51<00:51,  8.58s/it]
Epoch 19/50:  88%|████████▊ | 35/40 [04:59<00:42,  8.52s/it]
Epoch 19/50:  90%|█████████ | 36/40 [05:08<00:34,  8.58s/it]
Epoch 19/50:  92%|█████████▎| 37/40 [05:17<00:25,  8.55s/it]
Epoch 19/50:  95%|█████████▌| 38/40 [05:25<00:17,  8.51s/it]
Epoch 19/50:  98%|█████████▊| 39/40 [05:34<00:08,  8.52s/it]
Epoch 19/50: 100%|██████████| 40/40 [05:42<00:00,  8.46s/it]
Epoch 19/50: 100%|██████████| 40/40 [05:42<00:00,  8.56s/it]

Epoch 19 — avg train loss: 0.0003

[Train classification report — Epoch 19]
              precision    recall  f1-score   support

     correct       0.04      1.00      0.09         7
        void       1.00      0.01      0.03       152

    accuracy                           0.06       159
   macro avg       0.52      0.51      0.06       159
weighted avg       0.96      0.06      0.03       159


------------------------------------------------------------
DIAGNOSTIC — Epoch 19 | Task: mistake_correction_competence
------------------------------------------------------------

[1] Label token ID check
  'correct' → token_id=19928 → decoded='correct'
  'void' → token_id=1004 → decoded='void'
  ✓ All label token IDs are unique.

[2] Last-token identity (first 3 val samples)

Diag-val epoch 19:   0%|          | 0/10 [00:00<?, ?it/s]
Diag-val epoch 19:  10%|█         | 1/10 [00:02<00:22,  2.49s/it]
Diag-val epoch 19:  20%|██        | 2/10 [00:04<00:19,  2.44s/it]
Diag-val epoch 19:  30%|███       | 3/10 [00:07<00:17,  2.43s/it]
Diag-val epoch 19:  40%|████      | 4/10 [00:09<00:14,  2.39s/it]
Diag-val epoch 19:  50%|█████     | 5/10 [00:12<00:12,  2.42s/it]
Diag-val epoch 19:  60%|██████    | 6/10 [00:14<00:09,  2.42s/it]
Diag-val epoch 19:  70%|███████   | 7/10 [00:16<00:07,  2.41s/it]
Diag-val epoch 19:  80%|████████  | 8/10 [00:19<00:04,  2.42s/it]
Diag-val epoch 19:  90%|█████████ | 9/10 [00:21<00:02,  2.43s/it]
Diag-val epoch 19: 100%|██████████| 10/10 [00:24<00:00,  2.43s/it]
Diag-val epoch 19: 100%|██████████| 10/10 [00:24<00:00,  2.42s/it]
  Sample 0: last real='assistant' (id=77091) ✓ | pos[-1]='assistant' (id=77091) ✓
  Sample 1: last real='assistant' (id=77091) ✓ | pos[-1]='assistant' (id=77091) ✓
  Sample 2: last real='assistant' (id=77091) ✓ | pos[-1]='assistant' (id=77091) ✓

[3] Logit spread over label tokens (first batch)
  'correct': mean=15.719  std=1.114  min=14.438  max=17.125
  'void': mean=27.125  std=1.454  min=25.375  max=28.500
  Max-min spread: mean=11.406  min=9.375  max=14.062
  (Near 0 → not differentiating labels; large → confident)

[4] Prediction vs. true label distribution
  Label                            True %   Pred %
  ------------------------------ -------- --------
  correct                            5.0%     2.5%
  void                              95.0%    97.5% ← collapsed?

[Classification report — Epoch 19]
              precision    recall  f1-score   support

     correct       1.00      0.50      0.67         2
        void       0.97      1.00      0.99        38

    accuracy                           0.97        40
   macro avg       0.99      0.75      0.83        40
weighted avg       0.98      0.97      0.97        40

------------------------------------------------------------
  No improvement (best: epoch 12, macro F1=0.8268)

Epoch 20/50:   0%|          | 0/40 [00:00<?, ?it/s]
Epoch 20/50:   2%|▎         | 1/40 [00:08<05:30,  8.47s/it]
Epoch 20/50:   5%|▌         | 2/40 [00:16<05:18,  8.39s/it]
Epoch 20/50:   8%|▊         | 3/40 [00:25<05:10,  8.38s/it]
Epoch 20/50:  10%|█         | 4/40 [00:34<05:09,  8.59s/it]
Epoch 20/50:  12%|█▎        | 5/40 [00:43<05:05,  8.72s/it]
Epoch 20/50:  15%|█▌        | 6/40 [00:51<04:50,  8.54s/it]
Epoch 20/50:  18%|█▊        | 7/40 [00:59<04:41,  8.54s/it]
Epoch 20/50:  20%|██        | 8/40 [01:08<04:30,  8.45s/it]
Epoch 20/50:  22%|██▎       | 9/40 [01:16<04:21,  8.42s/it]
Epoch 20/50:  25%|██▌       | 10/40 [01:25<04:18,  8.62s/it]
Epoch 20/50:  28%|██▊       | 11/40 [01:33<04:08,  8.57s/it]
Epoch 20/50:  30%|███       | 12/40 [01:42<03:59,  8.55s/it]
Epoch 20/50:  32%|███▎      | 13/40 [01:50<03:51,  8.56s/it]
Epoch 20/50:  35%|███▌      | 14/40 [01:59<03:40,  8.50s/it]
Epoch 20/50:  38%|███▊      | 15/40 [02:07<03:32,  8.51s/it]
Epoch 20/50:  40%|████      | 16/40 [02:16<03:25,  8.56s/it]
Epoch 20/50:  42%|████▎     | 17/40 [02:24<03:14,  8.47s/it]
Epoch 20/50:  45%|████▌     | 18/40 [02:33<03:05,  8.42s/it]
Epoch 20/50:  48%|████▊     | 19/40 [02:41<02:59,  8.53s/it]
Epoch 20/50:  50%|█████     | 20/40 [02:50<02:51,  8.57s/it]
Epoch 20/50:  52%|█████▎    | 21/40 [02:59<02:42,  8.55s/it]
Epoch 20/50:  55%|█████▌    | 22/40 [03:07<02:33,  8.55s/it]
Epoch 20/50:  57%|█████▊    | 23/40 [03:16<02:26,  8.63s/it]
Epoch 20/50:  60%|██████    | 24/40 [03:24<02:17,  8.61s/it]
Epoch 20/50:  62%|██████▎   | 25/40 [03:33<02:09,  8.60s/it]
Epoch 20/50:  65%|██████▌   | 26/40 [03:42<02:00,  8.63s/it]
Epoch 20/50:  68%|██████▊   | 27/40 [03:50<01:51,  8.61s/it]
Epoch 20/50:  70%|███████   | 28/40 [03:59<01:43,  8.64s/it]
Epoch 20/50:  72%|███████▎  | 29/40 [04:08<01:35,  8.67s/it]
Epoch 20/50:  75%|███████▌  | 30/40 [04:16<01:26,  8.62s/it]
Epoch 20/50:  78%|███████▊  | 31/40 [04:25<01:16,  8.55s/it]
Epoch 20/50:  80%|████████  | 32/40 [04:33<01:08,  8.51s/it]
Epoch 20/50:  82%|████████▎ | 33/40 [04:42<00:59,  8.57s/it]
Epoch 20/50:  85%|████████▌ | 34/40 [04:50<00:51,  8.55s/it]
Epoch 20/50:  88%|████████▊ | 35/40 [04:59<00:43,  8.67s/it]
Epoch 20/50:  90%|█████████ | 36/40 [05:08<00:34,  8.61s/it]
Epoch 20/50:  92%|█████████▎| 37/40 [05:16<00:25,  8.59s/it]
Epoch 20/50:  95%|█████████▌| 38/40 [05:25<00:17,  8.55s/it]
Epoch 20/50:  98%|█████████▊| 39/40 [05:33<00:08,  8.50s/it]
Epoch 20/50: 100%|██████████| 40/40 [05:41<00:00,  8.41s/it]
Epoch 20/50: 100%|██████████| 40/40 [05:41<00:00,  8.55s/it]

Epoch 20 — avg train loss: 0.0001

[Train classification report — Epoch 20]
              precision    recall  f1-score   support

     correct       0.04      1.00      0.09         7
        void       1.00      0.01      0.03       152

    accuracy                           0.06       159
   macro avg       0.52      0.51      0.06       159
weighted avg       0.96      0.06      0.03       159


------------------------------------------------------------
DIAGNOSTIC — Epoch 20 | Task: mistake_correction_competence
------------------------------------------------------------

[1] Label token ID check
  'correct' → token_id=19928 → decoded='correct'
  'void' → token_id=1004 → decoded='void'
  ✓ All label token IDs are unique.

[2] Last-token identity (first 3 val samples)

Diag-val epoch 20:   0%|          | 0/10 [00:00<?, ?it/s]
Diag-val epoch 20:  10%|█         | 1/10 [00:02<00:22,  2.48s/it]
Diag-val epoch 20:  20%|██        | 2/10 [00:04<00:19,  2.44s/it]
Diag-val epoch 20:  30%|███       | 3/10 [00:07<00:17,  2.43s/it]
Diag-val epoch 20:  40%|████      | 4/10 [00:09<00:14,  2.39s/it]
Diag-val epoch 20:  50%|█████     | 5/10 [00:12<00:12,  2.41s/it]
Diag-val epoch 20:  60%|██████    | 6/10 [00:14<00:09,  2.42s/it]
Diag-val epoch 20:  70%|███████   | 7/10 [00:16<00:07,  2.42s/it]
Diag-val epoch 20:  80%|████████  | 8/10 [00:19<00:04,  2.43s/it]
Diag-val epoch 20:  90%|█████████ | 9/10 [00:21<00:02,  2.43s/it]
Diag-val epoch 20: 100%|██████████| 10/10 [00:24<00:00,  2.41s/it]
Diag-val epoch 20: 100%|██████████| 10/10 [00:24<00:00,  2.42s/it]
  Sample 0: last real='assistant' (id=77091) ✓ | pos[-1]='assistant' (id=77091) ✓
  Sample 1: last real='assistant' (id=77091) ✓ | pos[-1]='assistant' (id=77091) ✓
  Sample 2: last real='assistant' (id=77091) ✓ | pos[-1]='assistant' (id=77091) ✓

[3] Logit spread over label tokens (first batch)
  'correct': mean=15.766  std=1.863  min=13.812  max=18.250
  'void': mean=27.844  std=1.595  min=26.625  max=30.125
  Max-min spread: mean=12.078  min=8.625  max=14.250
  (Near 0 → not differentiating labels; large → confident)

[4] Prediction vs. true label distribution
  Label                            True %   Pred %
  ------------------------------ -------- --------
  correct                            5.0%     0.0%
  void                              95.0%   100.0% ← collapsed?

[Classification report — Epoch 20]
              precision    recall  f1-score   support

     correct       0.00      0.00      0.00         2
        void       0.95      1.00      0.97        38

    accuracy                           0.95        40
   macro avg       0.47      0.50      0.49        40
weighted avg       0.90      0.95      0.93        40

------------------------------------------------------------
  No improvement (best: epoch 12, macro F1=0.8268)

Epoch 21/50:   0%|          | 0/40 [00:00<?, ?it/s]
Epoch 21/50:   2%|▎         | 1/40 [00:08<05:28,  8.41s/it]
Epoch 21/50:   5%|▌         | 2/40 [00:17<05:28,  8.64s/it]
Epoch 21/50:   8%|▊         | 3/40 [00:25<05:19,  8.64s/it]
Epoch 21/50:  10%|█         | 4/40 [00:34<05:11,  8.65s/it]
Epoch 21/50:  12%|█▎        | 5/40 [00:42<05:00,  8.57s/it]
Epoch 21/50:  15%|█▌        | 6/40 [00:51<04:52,  8.60s/it]
Epoch 21/50:  18%|█▊        | 7/40 [01:00<04:44,  8.62s/it]
Epoch 21/50:  20%|██        | 8/40 [01:08<04:36,  8.64s/it]
Epoch 21/50:  22%|██▎       | 9/40 [01:17<04:25,  8.57s/it]
Epoch 21/50:  25%|██▌       | 10/40 [01:25<04:16,  8.54s/it]
Epoch 21/50:  28%|██▊       | 11/40 [01:34<04:06,  8.52s/it]
Epoch 21/50:  30%|███       | 12/40 [01:42<03:56,  8.45s/it]
Epoch 21/50:  32%|███▎      | 13/40 [01:51<03:50,  8.54s/it]
Epoch 21/50:  35%|███▌      | 14/40 [01:59<03:42,  8.57s/it]
Epoch 21/50:  38%|███▊      | 15/40 [02:08<03:34,  8.59s/it]
Epoch 21/50:  40%|████      | 16/40 [02:17<03:26,  8.59s/it]
Epoch 21/50:  42%|████▎     | 17/40 [02:25<03:17,  8.58s/it]
Epoch 21/50:  45%|████▌     | 18/40 [02:34<03:08,  8.55s/it]
Epoch 21/50:  48%|████▊     | 19/40 [02:42<02:58,  8.50s/it]
Epoch 21/50:  50%|█████     | 20/40 [02:51<02:50,  8.55s/it]
Epoch 21/50:  52%|█████▎    | 21/40 [03:00<02:43,  8.63s/it]
Epoch 21/50:  55%|█████▌    | 22/40 [03:08<02:34,  8.56s/it]
Epoch 21/50:  57%|█████▊    | 23/40 [03:16<02:23,  8.44s/it]
Epoch 21/50:  60%|██████    | 24/40 [03:25<02:14,  8.43s/it]
Epoch 21/50:  62%|██████▎   | 25/40 [03:33<02:06,  8.42s/it]
Epoch 21/50:  65%|██████▌   | 26/40 [03:42<01:58,  8.50s/it]
Epoch 21/50:  68%|██████▊   | 27/40 [03:50<01:50,  8.50s/it]
Epoch 21/50:  70%|███████   | 28/40 [03:59<01:41,  8.48s/it]
Epoch 21/50:  72%|███████▎  | 29/40 [04:07<01:34,  8.55s/it]
Epoch 21/50:  75%|███████▌  | 30/40 [04:16<01:26,  8.64s/it]
Epoch 21/50:  78%|███████▊  | 31/40 [04:25<01:18,  8.71s/it]
Epoch 21/50:  80%|████████  | 32/40 [04:34<01:10,  8.78s/it]
Epoch 21/50:  82%|████████▎ | 33/40 [04:42<01:00,  8.67s/it]
Epoch 21/50:  85%|████████▌ | 34/40 [04:51<00:51,  8.60s/it]
Epoch 21/50:  88%|████████▊ | 35/40 [04:59<00:42,  8.46s/it]
Epoch 21/50:  90%|█████████ | 36/40 [05:07<00:33,  8.47s/it]
Epoch 21/50:  92%|█████████▎| 37/40 [05:16<00:25,  8.44s/it]
Epoch 21/50:  95%|█████████▌| 38/40 [05:24<00:16,  8.44s/it]
Epoch 21/50:  98%|█████████▊| 39/40 [05:33<00:08,  8.42s/it]
Epoch 21/50: 100%|██████████| 40/40 [05:41<00:00,  8.45s/it]
Epoch 21/50: 100%|██████████| 40/40 [05:41<00:00,  8.54s/it]

Epoch 21 — avg train loss: 0.0001

[Train classification report — Epoch 21]
              precision    recall  f1-score   support

     correct       0.04      1.00      0.09         7
        void       1.00      0.02      0.04       152

    accuracy                           0.06       159
   macro avg       0.52      0.51      0.06       159
weighted avg       0.96      0.06      0.04       159


------------------------------------------------------------
DIAGNOSTIC — Epoch 21 | Task: mistake_correction_competence
------------------------------------------------------------

[1] Label token ID check
  'correct' → token_id=19928 → decoded='correct'
  'void' → token_id=1004 → decoded='void'
  ✓ All label token IDs are unique.

[2] Last-token identity (first 3 val samples)

Diag-val epoch 21:   0%|          | 0/10 [00:00<?, ?it/s]
Diag-val epoch 21:  10%|█         | 1/10 [00:02<00:22,  2.48s/it]
Diag-val epoch 21:  20%|██        | 2/10 [00:04<00:19,  2.44s/it]
Diag-val epoch 21:  30%|███       | 3/10 [00:07<00:17,  2.43s/it]
Diag-val epoch 21:  40%|████      | 4/10 [00:09<00:14,  2.39s/it]
Diag-val epoch 21:  50%|█████     | 5/10 [00:12<00:12,  2.43s/it]
Diag-val epoch 21:  60%|██████    | 6/10 [00:14<00:09,  2.44s/it]
Diag-val epoch 21:  70%|███████   | 7/10 [00:16<00:07,  2.42s/it]
Diag-val epoch 21:  80%|████████  | 8/10 [00:19<00:04,  2.43s/it]
Diag-val epoch 21:  90%|█████████ | 9/10 [00:21<00:02,  2.43s/it]
Diag-val epoch 21: 100%|██████████| 10/10 [00:24<00:00,  2.42s/it]
Diag-val epoch 21: 100%|██████████| 10/10 [00:24<00:00,  2.43s/it]
  Sample 0: last real='assistant' (id=77091) ✓ | pos[-1]='assistant' (id=77091) ✓
  Sample 1: last real='assistant' (id=77091) ✓ | pos[-1]='assistant' (id=77091) ✓
  Sample 2: last real='assistant' (id=77091) ✓ | pos[-1]='assistant' (id=77091) ✓

[3] Logit spread over label tokens (first batch)
  'correct': mean=16.625  std=1.041  min=15.375  max=17.875
  'void': mean=27.781  std=1.830  min=25.750  max=29.875
  Max-min spread: mean=11.156  min=7.875  max=13.250
  (Near 0 → not differentiating labels; large → confident)

[4] Prediction vs. true label distribution
  Label                            True %   Pred %
  ------------------------------ -------- --------
  correct                            5.0%     0.0%
  void                              95.0%   100.0% ← collapsed?

[Classification report — Epoch 21]
              precision    recall  f1-score   support

     correct       0.00      0.00      0.00         2
        void       0.95      1.00      0.97        38

    accuracy                           0.95        40
   macro avg       0.47      0.50      0.49        40
weighted avg       0.90      0.95      0.93        40

------------------------------------------------------------
  No improvement (best: epoch 12, macro F1=0.8268)

Epoch 22/50:   0%|          | 0/40 [00:00<?, ?it/s]
Epoch 22/50:   2%|▎         | 1/40 [00:08<05:21,  8.24s/it]
Epoch 22/50:   5%|▌         | 2/40 [00:16<05:16,  8.34s/it]
Epoch 22/50:   8%|▊         | 3/40 [00:25<05:14,  8.50s/it]
Epoch 22/50:  10%|█         | 4/40 [00:33<05:08,  8.56s/it]
Epoch 22/50:  12%|█▎        | 5/40 [00:42<05:02,  8.65s/it]
Epoch 22/50:  15%|█▌        | 6/40 [00:51<04:50,  8.55s/it]
Epoch 22/50:  18%|█▊        | 7/40 [00:59<04:44,  8.62s/it]
Epoch 22/50:  20%|██        | 8/40 [01:08<04:34,  8.59s/it]
Epoch 22/50:  22%|██▎       | 9/40 [01:16<04:24,  8.54s/it]
Epoch 22/50:  25%|██▌       | 10/40 [01:25<04:17,  8.57s/it]
Epoch 22/50:  28%|██▊       | 11/40 [01:33<04:06,  8.50s/it]
Epoch 22/50:  30%|███       | 12/40 [01:42<03:56,  8.46s/it]
Epoch 22/50:  32%|███▎      | 13/40 [01:50<03:50,  8.53s/it]
Epoch 22/50:  35%|███▌      | 14/40 [01:59<03:43,  8.59s/it]
Epoch 22/50:  38%|███▊      | 15/40 [02:08<03:37,  8.70s/it]
Epoch 22/50:  40%|████      | 16/40 [02:17<03:29,  8.71s/it]
Epoch 22/50:  42%|████▎     | 17/40 [02:25<03:18,  8.62s/it]
Epoch 22/50:  45%|████▌     | 18/40 [02:34<03:10,  8.67s/it]
Epoch 22/50:  48%|████▊     | 19/40 [02:42<02:59,  8.55s/it]
Epoch 22/50:  50%|█████     | 20/40 [02:51<02:51,  8.59s/it]
Epoch 22/50:  52%|█████▎    | 21/40 [02:59<02:40,  8.47s/it]
Epoch 22/50:  55%|█████▌    | 22/40 [03:07<02:31,  8.41s/it]
Epoch 22/50:  57%|█████▊    | 23/40 [03:16<02:25,  8.56s/it]
Epoch 22/50:  60%|██████    | 24/40 [03:25<02:16,  8.55s/it]
Epoch 22/50:  62%|██████▎   | 25/40 [03:34<02:10,  8.70s/it]
Epoch 22/50:  65%|██████▌   | 26/40 [03:43<02:01,  8.71s/it]
Epoch 22/50:  68%|██████▊   | 27/40 [03:51<01:51,  8.60s/it]
Epoch 22/50:  70%|███████   | 28/40 [04:00<01:43,  8.62s/it]
Epoch 22/50:  72%|███████▎  | 29/40 [04:08<01:34,  8.64s/it]
Epoch 22/50:  75%|███████▌  | 30/40 [04:17<01:25,  8.59s/it]
Epoch 22/50:  78%|███████▊  | 31/40 [04:25<01:17,  8.56s/it]
Epoch 22/50:  80%|████████  | 32/40 [04:34<01:08,  8.52s/it]
Epoch 22/50:  82%|████████▎ | 33/40 [04:42<00:59,  8.54s/it]
Epoch 22/50:  85%|████████▌ | 34/40 [04:51<00:51,  8.59s/it]
Epoch 22/50:  88%|████████▊ | 35/40 [05:00<00:42,  8.59s/it]
Epoch 22/50:  90%|█████████ | 36/40 [05:08<00:34,  8.57s/it]
Epoch 22/50:  92%|█████████▎| 37/40 [05:17<00:25,  8.56s/it]
Epoch 22/50:  95%|█████████▌| 38/40 [05:26<00:17,  8.66s/it]
Epoch 22/50:  98%|█████████▊| 39/40 [05:34<00:08,  8.51s/it]
Epoch 22/50: 100%|██████████| 40/40 [05:42<00:00,  8.37s/it]
Epoch 22/50: 100%|██████████| 40/40 [05:42<00:00,  8.56s/it]

Epoch 22 — avg train loss: 0.0001

[Train classification report — Epoch 22]
              precision    recall  f1-score   support

     correct       0.04      1.00      0.08         7
        void       1.00      0.01      0.01       152

    accuracy                           0.05       159
   macro avg       0.52      0.50      0.05       159
weighted avg       0.96      0.05      0.02       159


------------------------------------------------------------
DIAGNOSTIC — Epoch 22 | Task: mistake_correction_competence
------------------------------------------------------------

[1] Label token ID check
  'correct' → token_id=19928 → decoded='correct'
  'void' → token_id=1004 → decoded='void'
  ✓ All label token IDs are unique.

[2] Last-token identity (first 3 val samples)

Diag-val epoch 22:   0%|          | 0/10 [00:00<?, ?it/s]
Diag-val epoch 22:  10%|█         | 1/10 [00:02<00:22,  2.47s/it]
Diag-val epoch 22:  20%|██        | 2/10 [00:04<00:19,  2.46s/it]
Diag-val epoch 22:  30%|███       | 3/10 [00:07<00:17,  2.45s/it]
Diag-val epoch 22:  40%|████      | 4/10 [00:09<00:14,  2.40s/it]
Diag-val epoch 22:  50%|█████     | 5/10 [00:12<00:12,  2.43s/it]
Diag-val epoch 22:  60%|██████    | 6/10 [00:14<00:09,  2.43s/it]
Diag-val epoch 22:  70%|███████   | 7/10 [00:17<00:07,  2.42s/it]
Diag-val epoch 22:  80%|████████  | 8/10 [00:19<00:04,  2.43s/it]
Diag-val epoch 22:  90%|█████████ | 9/10 [00:21<00:02,  2.44s/it]
Diag-val epoch 22: 100%|██████████| 10/10 [00:24<00:00,  2.43s/it]
Diag-val epoch 22: 100%|██████████| 10/10 [00:24<00:00,  2.43s/it]
  Sample 0: last real='assistant' (id=77091) ✓ | pos[-1]='assistant' (id=77091) ✓
  Sample 1: last real='assistant' (id=77091) ✓ | pos[-1]='assistant' (id=77091) ✓
  Sample 2: last real='assistant' (id=77091) ✓ | pos[-1]='assistant' (id=77091) ✓

[3] Logit spread over label tokens (first batch)
  'correct': mean=16.391  std=1.362  min=14.875  max=18.125
  'void': mean=28.094  std=1.615  min=26.625  max=30.250
  Max-min spread: mean=11.703  min=9.000  max=13.625
  (Near 0 → not differentiating labels; large → confident)

[4] Prediction vs. true label distribution
  Label                            True %   Pred %
  ------------------------------ -------- --------
  correct                            5.0%     2.5%
  void                              95.0%    97.5% ← collapsed?

[Classification report — Epoch 22]
              precision    recall  f1-score   support

     correct       1.00      0.50      0.67         2
        void       0.97      1.00      0.99        38

    accuracy                           0.97        40
   macro avg       0.99      0.75      0.83        40
weighted avg       0.98      0.97      0.97        40

------------------------------------------------------------
  No improvement (best: epoch 12, macro F1=0.8268)

Epoch 23/50:   0%|          | 0/40 [00:00<?, ?it/s]
Epoch 23/50:   2%|▎         | 1/40 [00:08<05:47,  8.92s/it]
Epoch 23/50:   5%|▌         | 2/40 [00:17<05:29,  8.66s/it]
Epoch 23/50:   8%|▊         | 3/40 [00:25<05:18,  8.61s/it]
Epoch 23/50:  10%|█         | 4/40 [00:34<05:08,  8.56s/it]
Epoch 23/50:  12%|█▎        | 5/40 [00:43<05:00,  8.59s/it]
Epoch 23/50:  15%|█▌        | 6/40 [00:51<04:52,  8.61s/it]
Epoch 23/50:  18%|█▊        | 7/40 [01:00<04:44,  8.63s/it]
Epoch 23/50:  20%|██        | 8/40 [01:08<04:34,  8.58s/it]
Epoch 23/50:  22%|██▎       | 9/40 [01:17<04:23,  8.50s/it]
Epoch 23/50:  25%|██▌       | 10/40 [01:25<04:17,  8.57s/it]
Epoch 23/50:  28%|██▊       | 11/40 [01:34<04:10,  8.65s/it]
Epoch 23/50:  30%|███       | 12/40 [01:43<04:01,  8.63s/it]
Epoch 23/50:  32%|███▎      | 13/40 [01:51<03:51,  8.58s/it]
Epoch 23/50:  35%|███▌      | 14/40 [01:59<03:39,  8.46s/it]
Epoch 23/50:  38%|███▊      | 15/40 [02:08<03:33,  8.53s/it]
Epoch 23/50:  40%|████      | 16/40 [02:17<03:23,  8.48s/it]
Epoch 23/50:  42%|████▎     | 17/40 [02:25<03:16,  8.54s/it]
Epoch 23/50:  45%|████▌     | 18/40 [02:34<03:08,  8.58s/it]
Epoch 23/50:  48%|████▊     | 19/40 [02:43<03:01,  8.62s/it]
Epoch 23/50:  50%|█████     | 20/40 [02:51<02:52,  8.60s/it]
Epoch 23/50:  52%|█████▎    | 21/40 [03:00<02:46,  8.75s/it]
Epoch 23/50:  55%|█████▌    | 22/40 [03:09<02:35,  8.63s/it]
Epoch 23/50:  57%|█████▊    | 23/40 [03:17<02:26,  8.64s/it]
Epoch 23/50:  60%|██████    | 24/40 [03:26<02:17,  8.61s/it]
Epoch 23/50:  62%|██████▎   | 25/40 [03:35<02:10,  8.70s/it]
Epoch 23/50:  65%|██████▌   | 26/40 [03:44<02:02,  8.73s/it]
Epoch 23/50:  68%|██████▊   | 27/40 [03:52<01:53,  8.71s/it]
Epoch 23/50:  70%|███████   | 28/40 [04:01<01:44,  8.67s/it]
Epoch 23/50:  72%|███████▎  | 29/40 [04:09<01:34,  8.63s/it]
Epoch 23/50:  75%|███████▌  | 30/40 [04:18<01:25,  8.59s/it]
Epoch 23/50:  78%|███████▊  | 31/40 [04:26<01:16,  8.49s/it]
Epoch 23/50:  80%|████████  | 32/40 [04:35<01:08,  8.61s/it]
Epoch 23/50:  82%|████████▎ | 33/40 [04:43<00:59,  8.54s/it]
Epoch 23/50:  85%|████████▌ | 34/40 [04:52<00:51,  8.54s/it]
Epoch 23/50:  88%|████████▊ | 35/40 [05:00<00:42,  8.54s/it]
Epoch 23/50:  90%|█████████ | 36/40 [05:09<00:34,  8.52s/it]
Epoch 23/50:  92%|█████████▎| 37/40 [05:17<00:25,  8.52s/it]
Epoch 23/50:  95%|█████████▌| 38/40 [05:26<00:16,  8.44s/it]
Epoch 23/50:  98%|█████████▊| 39/40 [05:34<00:08,  8.43s/it]
Epoch 23/50: 100%|██████████| 40/40 [05:42<00:00,  8.29s/it]
Epoch 23/50: 100%|██████████| 40/40 [05:42<00:00,  8.56s/it]

Epoch 23 — avg train loss: 0.0001

[Train classification report — Epoch 23]
              precision    recall  f1-score   support

     correct       0.05      1.00      0.09         7
        void       1.00      0.03      0.06       152

    accuracy                           0.08       159
   macro avg       0.52      0.52      0.08       159
weighted avg       0.96      0.08      0.06       159


------------------------------------------------------------
DIAGNOSTIC — Epoch 23 | Task: mistake_correction_competence
------------------------------------------------------------

[1] Label token ID check
  'correct' → token_id=19928 → decoded='correct'
  'void' → token_id=1004 → decoded='void'
  ✓ All label token IDs are unique.

[2] Last-token identity (first 3 val samples)

Diag-val epoch 23:   0%|          | 0/10 [00:00<?, ?it/s]
Diag-val epoch 23:  10%|█         | 1/10 [00:02<00:22,  2.49s/it]
Diag-val epoch 23:  20%|██        | 2/10 [00:04<00:19,  2.45s/it]
Diag-val epoch 23:  30%|███       | 3/10 [00:07<00:17,  2.44s/it]
Diag-val epoch 23:  40%|████      | 4/10 [00:09<00:14,  2.40s/it]
Diag-val epoch 23:  50%|█████     | 5/10 [00:12<00:12,  2.42s/it]
Diag-val epoch 23:  60%|██████    | 6/10 [00:14<00:09,  2.43s/it]
Diag-val epoch 23:  70%|███████   | 7/10 [00:16<00:07,  2.42s/it]
Diag-val epoch 23:  80%|████████  | 8/10 [00:19<00:04,  2.43s/it]
Diag-val epoch 23:  90%|█████████ | 9/10 [00:21<00:02,  2.43s/it]
Diag-val epoch 23: 100%|██████████| 10/10 [00:24<00:00,  2.42s/it]
Diag-val epoch 23: 100%|██████████| 10/10 [00:24<00:00,  2.43s/it]
  Sample 0: last real='assistant' (id=77091) ✓ | pos[-1]='assistant' (id=77091) ✓
  Sample 1: last real='assistant' (id=77091) ✓ | pos[-1]='assistant' (id=77091) ✓
  Sample 2: last real='assistant' (id=77091) ✓ | pos[-1]='assistant' (id=77091) ✓

[3] Logit spread over label tokens (first batch)
  'correct': mean=16.266  std=1.051  min=15.062  max=17.625
  'void': mean=27.375  std=1.741  min=25.125  max=28.750
  Max-min spread: mean=11.109  min=7.500  max=13.688
  (Near 0 → not differentiating labels; large → confident)

[4] Prediction vs. true label distribution
  Label                            True %   Pred %
  ------------------------------ -------- --------
  correct                            5.0%     2.5%
  void                              95.0%    97.5% ← collapsed?

[Classification report — Epoch 23]
              precision    recall  f1-score   support

     correct       1.00      0.50      0.67         2
        void       0.97      1.00      0.99        38

    accuracy                           0.97        40
   macro avg       0.99      0.75      0.83        40
weighted avg       0.98      0.97      0.97        40

------------------------------------------------------------
  No improvement (best: epoch 12, macro F1=0.8268)

Epoch 24/50:   0%|          | 0/40 [00:00<?, ?it/s]
Epoch 24/50:   2%|▎         | 1/40 [00:08<05:37,  8.66s/it]
Epoch 24/50:   5%|▌         | 2/40 [00:17<05:25,  8.58s/it]
Epoch 24/50:   8%|▊         | 3/40 [00:25<05:18,  8.60s/it]
Epoch 24/50:  10%|█         | 4/40 [00:34<05:07,  8.54s/it]
Epoch 24/50:  12%|█▎        | 5/40 [00:42<04:57,  8.49s/it]
Epoch 24/50:  15%|█▌        | 6/40 [00:50<04:46,  8.42s/it]
Epoch 24/50:  18%|█▊        | 7/40 [00:59<04:39,  8.46s/it]
Epoch 24/50:  20%|██        | 8/40 [01:08<04:37,  8.69s/it]
Epoch 24/50:  22%|██▎       | 9/40 [01:17<04:27,  8.64s/it]
Epoch 24/50:  25%|██▌       | 10/40 [01:25<04:18,  8.60s/it]
Epoch 24/50:  28%|██▊       | 11/40 [01:34<04:12,  8.72s/it]
Epoch 24/50:  30%|███       | 12/40 [01:43<04:04,  8.75s/it]
Epoch 24/50:  32%|███▎      | 13/40 [01:52<03:54,  8.67s/it]
Epoch 24/50:  35%|███▌      | 14/40 [02:00<03:42,  8.55s/it]
Epoch 24/50:  38%|███▊      | 15/40 [02:08<03:33,  8.53s/it]
Epoch 24/50:  40%|████      | 16/40 [02:17<03:24,  8.51s/it]
Epoch 24/50:  42%|████▎     | 17/40 [02:25<03:14,  8.47s/it]
Epoch 24/50:  45%|████▌     | 18/40 [02:34<03:06,  8.49s/it]
Epoch 24/50:  48%|████▊     | 19/40 [02:42<02:59,  8.54s/it]
Epoch 24/50:  50%|█████     | 20/40 [02:51<02:51,  8.60s/it]
Epoch 24/50:  52%|█████▎    | 21/40 [03:00<02:43,  8.60s/it]
Epoch 24/50:  55%|█████▌    | 22/40 [03:08<02:35,  8.63s/it]
Epoch 24/50:  57%|█████▊    | 23/40 [03:17<02:26,  8.64s/it]
Epoch 24/50:  60%|██████    | 24/40 [03:26<02:19,  8.74s/it]
Epoch 24/50:  62%|██████▎   | 25/40 [03:34<02:10,  8.67s/it]
Epoch 24/50:  65%|██████▌   | 26/40 [03:43<02:00,  8.62s/it]
Epoch 24/50:  68%|██████▊   | 27/40 [03:52<01:51,  8.60s/it]
Epoch 24/50:  70%|███████   | 28/40 [04:00<01:43,  8.65s/it]
Epoch 24/50:  72%|███████▎  | 29/40 [04:09<01:34,  8.55s/it]
Epoch 24/50:  75%|███████▌  | 30/40 [04:17<01:25,  8.51s/it]
Epoch 24/50:  78%|███████▊  | 31/40 [04:26<01:16,  8.54s/it]
Epoch 24/50:  80%|████████  | 32/40 [04:34<01:08,  8.50s/it]
Epoch 24/50:  82%|████████▎ | 33/40 [04:43<01:00,  8.61s/it]
Epoch 24/50:  85%|████████▌ | 34/40 [04:51<00:51,  8.53s/it]
Epoch 24/50:  88%|████████▊ | 35/40 [05:00<00:42,  8.45s/it]
Epoch 24/50:  90%|█████████ | 36/40 [05:08<00:33,  8.46s/it]
Epoch 24/50:  92%|█████████▎| 37/40 [05:17<00:25,  8.53s/it]
Epoch 24/50:  95%|█████████▌| 38/40 [05:25<00:17,  8.59s/it]
Epoch 24/50:  98%|█████████▊| 39/40 [05:34<00:08,  8.57s/it]
Epoch 24/50: 100%|██████████| 40/40 [05:42<00:00,  8.37s/it]
Epoch 24/50: 100%|██████████| 40/40 [05:42<00:00,  8.56s/it]

Epoch 24 — avg train loss: 0.0001

[Train classification report — Epoch 24]
              precision    recall  f1-score   support

     correct       0.05      1.00      0.09         7
        void       1.00      0.05      0.10       152

    accuracy                           0.09       159
   macro avg       0.52      0.53      0.09       159
weighted avg       0.96      0.09      0.10       159


------------------------------------------------------------
DIAGNOSTIC — Epoch 24 | Task: mistake_correction_competence
------------------------------------------------------------

[1] Label token ID check
  'correct' → token_id=19928 → decoded='correct'
  'void' → token_id=1004 → decoded='void'
  ✓ All label token IDs are unique.

[2] Last-token identity (first 3 val samples)

Diag-val epoch 24:   0%|          | 0/10 [00:00<?, ?it/s]
Diag-val epoch 24:  10%|█         | 1/10 [00:02<00:22,  2.49s/it]
Diag-val epoch 24:  20%|██        | 2/10 [00:04<00:19,  2.45s/it]
Diag-val epoch 24:  30%|███       | 3/10 [00:07<00:17,  2.43s/it]
Diag-val epoch 24:  40%|████      | 4/10 [00:09<00:14,  2.39s/it]
Diag-val epoch 24:  50%|█████     | 5/10 [00:12<00:12,  2.41s/it]
Diag-val epoch 24:  60%|██████    | 6/10 [00:14<00:09,  2.42s/it]
Diag-val epoch 24:  70%|███████   | 7/10 [00:16<00:07,  2.41s/it]
Diag-val epoch 24:  80%|████████  | 8/10 [00:19<00:04,  2.42s/it]
Diag-val epoch 24:  90%|█████████ | 9/10 [00:21<00:02,  2.42s/it]
Diag-val epoch 24: 100%|██████████| 10/10 [00:24<00:00,  2.42s/it]
Diag-val epoch 24: 100%|██████████| 10/10 [00:24<00:00,  2.42s/it]
  Sample 0: last real='assistant' (id=77091) ✓ | pos[-1]='assistant' (id=77091) ✓
  Sample 1: last real='assistant' (id=77091) ✓ | pos[-1]='assistant' (id=77091) ✓
  Sample 2: last real='assistant' (id=77091) ✓ | pos[-1]='assistant' (id=77091) ✓

[3] Logit spread over label tokens (first batch)
  'correct': mean=16.031  std=0.788  min=15.250  max=17.125
  'void': mean=27.719  std=1.297  min=26.625  max=29.375
  Max-min spread: mean=11.688  min=9.625  max=13.438
  (Near 0 → not differentiating labels; large → confident)

[4] Prediction vs. true label distribution
  Label                            True %   Pred %
  ------------------------------ -------- --------
  correct                            5.0%     2.5%
  void                              95.0%    97.5% ← collapsed?

[Classification report — Epoch 24]
              precision    recall  f1-score   support

     correct       1.00      0.50      0.67         2
        void       0.97      1.00      0.99        38

    accuracy                           0.97        40
   macro avg       0.99      0.75      0.83        40
weighted avg       0.98      0.97      0.97        40

------------------------------------------------------------
  No improvement (best: epoch 12, macro F1=0.8268)

Epoch 25/50:   0%|          | 0/40 [00:00<?, ?it/s]
Epoch 25/50:   2%|▎         | 1/40 [00:08<05:39,  8.71s/it]
Epoch 25/50:   5%|▌         | 2/40 [00:17<05:26,  8.58s/it]
Epoch 25/50:   8%|▊         | 3/40 [00:25<05:16,  8.54s/it]
Epoch 25/50:  10%|█         | 4/40 [00:34<05:07,  8.53s/it]
Epoch 25/50:  12%|█▎        | 5/40 [00:42<04:59,  8.55s/it]
Epoch 25/50:  15%|█▌        | 6/40 [00:51<04:48,  8.49s/it]
Epoch 25/50:  18%|█▊        | 7/40 [00:59<04:40,  8.50s/it]
Epoch 25/50:  20%|██        | 8/40 [01:08<04:35,  8.60s/it]
Epoch 25/50:  22%|██▎       | 9/40 [01:16<04:23,  8.51s/it]
Epoch 25/50:  25%|██▌       | 10/40 [01:25<04:15,  8.52s/it]
Epoch 25/50:  28%|██▊       | 11/40 [01:33<04:05,  8.48s/it]
Epoch 25/50:  30%|███       | 12/40 [01:42<04:00,  8.59s/it]
Epoch 25/50:  32%|███▎      | 13/40 [01:51<03:52,  8.60s/it]
Epoch 25/50:  35%|███▌      | 14/40 [02:00<03:46,  8.70s/it]
Epoch 25/50:  38%|███▊      | 15/40 [02:09<03:40,  8.81s/it]
Epoch 25/50:  40%|████      | 16/40 [02:17<03:29,  8.73s/it]
Epoch 25/50:  42%|████▎     | 17/40 [02:26<03:19,  8.67s/it]
Epoch 25/50:  45%|████▌     | 18/40 [02:34<03:07,  8.53s/it]
Epoch 25/50:  48%|████▊     | 19/40 [02:42<02:57,  8.46s/it]
Epoch 25/50:  50%|█████     | 20/40 [02:51<02:50,  8.54s/it]
Epoch 25/50:  52%|█████▎    | 21/40 [03:00<02:42,  8.55s/it]
Epoch 25/50:  55%|█████▌    | 22/40 [03:08<02:33,  8.52s/it]
Epoch 25/50:  57%|█████▊    | 23/40 [03:17<02:24,  8.52s/it]
Epoch 25/50:  60%|██████    | 24/40 [03:25<02:15,  8.49s/it]
Epoch 25/50:  62%|██████▎   | 25/40 [03:34<02:08,  8.54s/it]
Epoch 25/50:  65%|██████▌   | 26/40 [03:42<01:59,  8.55s/it]
Epoch 25/50:  68%|██████▊   | 27/40 [03:51<01:50,  8.54s/it]
Epoch 25/50:  70%|███████   | 28/40 [03:59<01:43,  8.60s/it]
Epoch 25/50:  72%|███████▎  | 29/40 [04:08<01:35,  8.68s/it]
Epoch 25/50:  75%|███████▌  | 30/40 [04:17<01:25,  8.55s/it]
Epoch 25/50:  78%|███████▊  | 31/40 [04:25<01:17,  8.60s/it]
Epoch 25/50:  80%|████████  | 32/40 [04:34<01:09,  8.66s/it]
Epoch 25/50:  82%|████████▎ | 33/40 [04:43<01:00,  8.69s/it]
Epoch 25/50:  85%|████████▌ | 34/40 [04:51<00:51,  8.64s/it]
Epoch 25/50:  88%|████████▊ | 35/40 [05:00<00:42,  8.59s/it]
Epoch 25/50:  90%|█████████ | 36/40 [05:08<00:34,  8.61s/it]
Epoch 25/50:  92%|█████████▎| 37/40 [05:17<00:25,  8.58s/it]
Epoch 25/50:  95%|█████████▌| 38/40 [05:25<00:17,  8.53s/it]
Epoch 25/50:  98%|█████████▊| 39/40 [05:34<00:08,  8.55s/it]
Epoch 25/50: 100%|██████████| 40/40 [05:42<00:00,  8.39s/it]
Epoch 25/50: 100%|██████████| 40/40 [05:42<00:00,  8.56s/it]

Epoch 25 — avg train loss: 0.0001

[Train classification report — Epoch 25]
              precision    recall  f1-score   support

     correct       0.05      1.00      0.09         7
        void       1.00      0.03      0.06       152

    accuracy                           0.08       159
   macro avg       0.52      0.52      0.08       159
weighted avg       0.96      0.08      0.06       159


------------------------------------------------------------
DIAGNOSTIC — Epoch 25 | Task: mistake_correction_competence
------------------------------------------------------------

[1] Label token ID check
  'correct' → token_id=19928 → decoded='correct'
  'void' → token_id=1004 → decoded='void'
  ✓ All label token IDs are unique.

[2] Last-token identity (first 3 val samples)

Diag-val epoch 25:   0%|          | 0/10 [00:00<?, ?it/s]
Diag-val epoch 25:  10%|█         | 1/10 [00:02<00:22,  2.48s/it]
Diag-val epoch 25:  20%|██        | 2/10 [00:04<00:19,  2.45s/it]
Diag-val epoch 25:  30%|███       | 3/10 [00:07<00:17,  2.43s/it]
Diag-val epoch 25:  40%|████      | 4/10 [00:09<00:14,  2.39s/it]
Diag-val epoch 25:  50%|█████     | 5/10 [00:12<00:12,  2.41s/it]
Diag-val epoch 25:  60%|██████    | 6/10 [00:14<00:09,  2.42s/it]
Diag-val epoch 25:  70%|███████   | 7/10 [00:16<00:07,  2.41s/it]
Diag-val epoch 25:  80%|████████  | 8/10 [00:19<00:04,  2.43s/it]
Diag-val epoch 25:  90%|█████████ | 9/10 [00:21<00:02,  2.43s/it]
Diag-val epoch 25: 100%|██████████| 10/10 [00:24<00:00,  2.42s/it]
Diag-val epoch 25: 100%|██████████| 10/10 [00:24<00:00,  2.43s/it]
  Sample 0: last real='assistant' (id=77091) ✓ | pos[-1]='assistant' (id=77091) ✓
  Sample 1: last real='assistant' (id=77091) ✓ | pos[-1]='assistant' (id=77091) ✓
  Sample 2: last real='assistant' (id=77091) ✓ | pos[-1]='assistant' (id=77091) ✓

[3] Logit spread over label tokens (first batch)
  'correct': mean=16.422  std=1.626  min=14.062  max=17.750
  'void': mean=28.031  std=1.505  min=25.875  max=29.375
  Max-min spread: mean=11.609  min=8.750  max=14.312
  (Near 0 → not differentiating labels; large → confident)

[4] Prediction vs. true label distribution
  Label                            True %   Pred %
  ------------------------------ -------- --------
  correct                            5.0%     2.5%
  void                              95.0%    97.5% ← collapsed?

[Classification report — Epoch 25]
              precision    recall  f1-score   support

     correct       1.00      0.50      0.67         2
        void       0.97      1.00      0.99        38

    accuracy                           0.97        40
   macro avg       0.99      0.75      0.83        40
weighted avg       0.98      0.97      0.97        40

------------------------------------------------------------
  No improvement (best: epoch 12, macro F1=0.8268)

Epoch 26/50:   0%|          | 0/40 [00:00<?, ?it/s]
Epoch 26/50:   2%|▎         | 1/40 [00:08<05:28,  8.42s/it]
Epoch 26/50:   5%|▌         | 2/40 [00:16<05:21,  8.47s/it]
Epoch 26/50:   8%|▊         | 3/40 [00:25<05:15,  8.52s/it]
Epoch 26/50:  10%|█         | 4/40 [00:33<05:04,  8.46s/it]
Epoch 26/50:  12%|█▎        | 5/40 [00:42<05:02,  8.65s/it]
Epoch 26/50:  15%|█▌        | 6/40 [00:51<04:48,  8.50s/it]
Epoch 26/50:  18%|█▊        | 7/40 [00:59<04:41,  8.55s/it]
Epoch 26/50:  20%|██        | 8/40 [01:08<04:33,  8.56s/it]
Epoch 26/50:  22%|██▎       | 9/40 [01:17<04:28,  8.65s/it]
Epoch 26/50:  25%|██▌       | 10/40 [01:25<04:16,  8.54s/it]
Epoch 26/50:  28%|██▊       | 11/40 [01:34<04:09,  8.59s/it]
Epoch 26/50:  30%|███       | 12/40 [01:43<04:03,  8.68s/it]
Epoch 26/50:  32%|███▎      | 13/40 [01:51<03:51,  8.59s/it]
Epoch 26/50:  35%|███▌      | 14/40 [02:00<03:43,  8.61s/it]
Epoch 26/50:  38%|███▊      | 15/40 [02:08<03:33,  8.53s/it]
Epoch 26/50:  40%|████      | 16/40 [02:17<03:26,  8.59s/it]
Epoch 26/50:  42%|████▎     | 17/40 [02:25<03:17,  8.60s/it]
Epoch 26/50:  45%|████▌     | 18/40 [02:34<03:08,  8.58s/it]
Epoch 26/50:  48%|████▊     | 19/40 [02:42<02:59,  8.56s/it]
Epoch 26/50:  50%|█████     | 20/40 [02:51<02:51,  8.56s/it]
Epoch 26/50:  52%|█████▎    | 21/40 [03:00<02:43,  8.59s/it]
Epoch 26/50:  55%|█████▌    | 22/40 [03:08<02:33,  8.56s/it]
Epoch 26/50:  57%|█████▊    | 23/40 [03:16<02:24,  8.51s/it]
Epoch 26/50:  60%|██████    | 24/40 [03:25<02:16,  8.56s/it]
Epoch 26/50:  62%|██████▎   | 25/40 [03:34<02:08,  8.56s/it]
Epoch 26/50:  65%|██████▌   | 26/40 [03:42<02:00,  8.61s/it]
Epoch 26/50:  68%|██████▊   | 27/40 [03:51<01:51,  8.57s/it]
Epoch 26/50:  70%|███████   | 28/40 [04:00<01:43,  8.63s/it]
Epoch 26/50:  72%|███████▎  | 29/40 [04:08<01:35,  8.68s/it]
Epoch 26/50:  75%|███████▌  | 30/40 [04:17<01:26,  8.64s/it]
Epoch 26/50:  78%|███████▊  | 31/40 [04:25<01:16,  8.55s/it]
Epoch 26/50:  80%|████████  | 32/40 [04:34<01:08,  8.51s/it]
Epoch 26/50:  82%|████████▎ | 33/40 [04:42<00:59,  8.51s/it]
Epoch 26/50:  85%|████████▌ | 34/40 [04:51<00:51,  8.57s/it]
Epoch 26/50:  88%|████████▊ | 35/40 [04:59<00:42,  8.51s/it]
Epoch 26/50:  90%|█████████ | 36/40 [05:08<00:33,  8.48s/it]
Epoch 26/50:  92%|█████████▎| 37/40 [05:16<00:25,  8.37s/it]
Epoch 26/50:  95%|█████████▌| 38/40 [05:24<00:16,  8.36s/it]
Epoch 26/50:  98%|█████████▊| 39/40 [05:33<00:08,  8.42s/it]
Epoch 26/50: 100%|██████████| 40/40 [05:41<00:00,  8.44s/it]
Epoch 26/50: 100%|██████████| 40/40 [05:41<00:00,  8.54s/it]

Epoch 26 — avg train loss: 0.0001

[Train classification report — Epoch 26]
              precision    recall  f1-score   support

     correct       0.05      1.00      0.09         7
        void       1.00      0.04      0.08       152

    accuracy                           0.08       159
   macro avg       0.52      0.52      0.08       159
weighted avg       0.96      0.08      0.08       159


------------------------------------------------------------
DIAGNOSTIC — Epoch 26 | Task: mistake_correction_competence
------------------------------------------------------------

[1] Label token ID check
  'correct' → token_id=19928 → decoded='correct'
  'void' → token_id=1004 → decoded='void'
  ✓ All label token IDs are unique.

[2] Last-token identity (first 3 val samples)

Diag-val epoch 26:   0%|          | 0/10 [00:00<?, ?it/s]
Diag-val epoch 26:  10%|█         | 1/10 [00:02<00:22,  2.48s/it]
Diag-val epoch 26:  20%|██        | 2/10 [00:04<00:19,  2.44s/it]
Diag-val epoch 26:  30%|███       | 3/10 [00:07<00:17,  2.43s/it]
Diag-val epoch 26:  40%|████      | 4/10 [00:09<00:14,  2.39s/it]
Diag-val epoch 26:  50%|█████     | 5/10 [00:12<00:12,  2.41s/it]
Diag-val epoch 26:  60%|██████    | 6/10 [00:14<00:09,  2.42s/it]
Diag-val epoch 26:  70%|███████   | 7/10 [00:16<00:07,  2.41s/it]
Diag-val epoch 26:  80%|████████  | 8/10 [00:19<00:04,  2.42s/it]
Diag-val epoch 26:  90%|█████████ | 9/10 [00:21<00:02,  2.43s/it]
Diag-val epoch 26: 100%|██████████| 10/10 [00:24<00:00,  2.42s/it]
Diag-val epoch 26: 100%|██████████| 10/10 [00:24<00:00,  2.42s/it]
  Sample 0: last real='assistant' (id=77091) ✓ | pos[-1]='assistant' (id=77091) ✓
  Sample 1: last real='assistant' (id=77091) ✓ | pos[-1]='assistant' (id=77091) ✓
  Sample 2: last real='assistant' (id=77091) ✓ | pos[-1]='assistant' (id=77091) ✓

[3] Logit spread over label tokens (first batch)
  'correct': mean=16.016  std=1.476  min=14.500  max=17.625
  'void': mean=27.656  std=1.595  min=25.875  max=29.125
  Max-min spread: mean=11.641  min=8.250  max=14.062
  (Near 0 → not differentiating labels; large → confident)

[4] Prediction vs. true label distribution
  Label                            True %   Pred %
  ------------------------------ -------- --------
  correct                            5.0%     2.5%
  void                              95.0%    97.5% ← collapsed?

[Classification report — Epoch 26]
              precision    recall  f1-score   support

     correct       1.00      0.50      0.67         2
        void       0.97      1.00      0.99        38

    accuracy                           0.97        40
   macro avg       0.99      0.75      0.83        40
weighted avg       0.98      0.97      0.97        40

------------------------------------------------------------
  No improvement (best: epoch 12, macro F1=0.8268)

Epoch 27/50:   0%|          | 0/40 [00:00<?, ?it/s]
Epoch 27/50:   2%|▎         | 1/40 [00:08<05:30,  8.46s/it]
Epoch 27/50:   5%|▌         | 2/40 [00:17<05:33,  8.76s/it]
Epoch 27/50:   8%|▊         | 3/40 [00:26<05:22,  8.72s/it]
Epoch 27/50:  10%|█         | 4/40 [00:34<05:16,  8.78s/it]
Epoch 27/50:  12%|█▎        | 5/40 [00:43<05:04,  8.69s/it]
Epoch 27/50:  15%|█▌        | 6/40 [00:52<04:54,  8.66s/it]
Epoch 27/50:  18%|█▊        | 7/40 [01:00<04:44,  8.62s/it]
Epoch 27/50:  20%|██        | 8/40 [01:09<04:36,  8.63s/it]
Epoch 27/50:  22%|██▎       | 9/40 [01:17<04:25,  8.57s/it]
Epoch 27/50:  25%|██▌       | 10/40 [01:26<04:18,  8.61s/it]
Epoch 27/50:  28%|██▊       | 11/40 [01:34<04:05,  8.46s/it]
Epoch 27/50:  30%|███       | 12/40 [01:43<03:58,  8.51s/it]
Epoch 27/50:  32%|███▎      | 13/40 [01:51<03:50,  8.55s/it]
Epoch 27/50:  35%|███▌      | 14/40 [02:00<03:43,  8.58s/it]
Epoch 27/50:  38%|███▊      | 15/40 [02:08<03:33,  8.55s/it]
Epoch 27/50:  40%|████      | 16/40 [02:17<03:25,  8.56s/it]
Epoch 27/50:  42%|████▎     | 17/40 [02:26<03:18,  8.65s/it]
Epoch 27/50:  45%|████▌     | 18/40 [02:34<03:08,  8.58s/it]
Epoch 27/50:  48%|████▊     | 19/40 [02:43<03:01,  8.62s/it]
Epoch 27/50:  50%|█████     | 20/40 [02:51<02:50,  8.51s/it]
Epoch 27/50:  52%|█████▎    | 21/40 [03:00<02:42,  8.54s/it]
Epoch 27/50:  55%|█████▌    | 22/40 [03:08<02:33,  8.53s/it]
Epoch 27/50:  57%|█████▊    | 23/40 [03:17<02:24,  8.47s/it]
Epoch 27/50:  60%|██████    | 24/40 [03:25<02:14,  8.39s/it]
Epoch 27/50:  62%|██████▎   | 25/40 [03:33<02:04,  8.32s/it]
Epoch 27/50:  65%|██████▌   | 26/40 [03:41<01:56,  8.33s/it]
Epoch 27/50:  68%|██████▊   | 27/40 [03:50<01:49,  8.43s/it]
Epoch 27/50:  70%|███████   | 28/40 [03:59<01:42,  8.57s/it]
Epoch 27/50:  72%|███████▎  | 29/40 [04:07<01:33,  8.54s/it]
Epoch 27/50:  75%|███████▌  | 30/40 [04:16<01:25,  8.51s/it]
Epoch 27/50:  78%|███████▊  | 31/40 [04:24<01:16,  8.53s/it]
Epoch 27/50:  80%|████████  | 32/40 [04:33<01:08,  8.53s/it]
Epoch 27/50:  82%|████████▎ | 33/40 [04:42<01:00,  8.65s/it]
Epoch 27/50:  85%|████████▌ | 34/40 [04:51<00:51,  8.65s/it]
Epoch 27/50:  88%|████████▊ | 35/40 [04:59<00:42,  8.59s/it]
Epoch 27/50:  90%|█████████ | 36/40 [05:08<00:34,  8.60s/it]
Epoch 27/50:  92%|█████████▎| 37/40 [05:16<00:25,  8.59s/it]
Epoch 27/50:  95%|█████████▌| 38/40 [05:25<00:17,  8.53s/it]
Epoch 27/50:  98%|█████████▊| 39/40 [05:33<00:08,  8.59s/it]
Epoch 27/50: 100%|██████████| 40/40 [05:41<00:00,  8.42s/it]
Epoch 27/50: 100%|██████████| 40/40 [05:41<00:00,  8.55s/it]

Epoch 27 — avg train loss: 0.0001

[Train classification report — Epoch 27]
              precision    recall  f1-score   support

     correct       0.05      1.00      0.09         7
        void       1.00      0.05      0.09       152

    accuracy                           0.09       159
   macro avg       0.52      0.52      0.09       159
weighted avg       0.96      0.09      0.09       159


------------------------------------------------------------
DIAGNOSTIC — Epoch 27 | Task: mistake_correction_competence
------------------------------------------------------------

[1] Label token ID check
  'correct' → token_id=19928 → decoded='correct'
  'void' → token_id=1004 → decoded='void'
  ✓ All label token IDs are unique.

[2] Last-token identity (first 3 val samples)

Diag-val epoch 27:   0%|          | 0/10 [00:00<?, ?it/s]
Diag-val epoch 27:  10%|█         | 1/10 [00:02<00:22,  2.48s/it]
Diag-val epoch 27:  20%|██        | 2/10 [00:04<00:19,  2.44s/it]
Diag-val epoch 27:  30%|███       | 3/10 [00:07<00:17,  2.44s/it]
Diag-val epoch 27:  40%|████      | 4/10 [00:09<00:14,  2.40s/it]
Diag-val epoch 27:  50%|█████     | 5/10 [00:12<00:12,  2.42s/it]
Diag-val epoch 27:  60%|██████    | 6/10 [00:14<00:09,  2.43s/it]
Diag-val epoch 27:  70%|███████   | 7/10 [00:16<00:07,  2.41s/it]
Diag-val epoch 27:  80%|████████  | 8/10 [00:19<00:04,  2.42s/it]
Diag-val epoch 27:  90%|█████████ | 9/10 [00:21<00:02,  2.42s/it]
Diag-val epoch 27: 100%|██████████| 10/10 [00:24<00:00,  2.42s/it]
Diag-val epoch 27: 100%|██████████| 10/10 [00:24<00:00,  2.42s/it]
  Sample 0: last real='assistant' (id=77091) ✓ | pos[-1]='assistant' (id=77091) ✓
  Sample 1: last real='assistant' (id=77091) ✓ | pos[-1]='assistant' (id=77091) ✓
  Sample 2: last real='assistant' (id=77091) ✓ | pos[-1]='assistant' (id=77091) ✓

[3] Logit spread over label tokens (first batch)
  'correct': mean=17.094  std=0.753  min=16.375  max=18.125
  'void': mean=28.125  std=1.702  min=25.750  max=29.750
  Max-min spread: mean=11.031  min=8.625  max=13.000
  (Near 0 → not differentiating labels; large → confident)

[4] Prediction vs. true label distribution
  Label                            True %   Pred %
  ------------------------------ -------- --------
  correct                            5.0%     2.5%
  void                              95.0%    97.5% ← collapsed?

[Classification report — Epoch 27]
              precision    recall  f1-score   support

     correct       1.00      0.50      0.67         2
        void       0.97      1.00      0.99        38

    accuracy                           0.97        40
   macro avg       0.99      0.75      0.83        40
weighted avg       0.98      0.97      0.97        40

------------------------------------------------------------
  No improvement (best: epoch 12, macro F1=0.8268)

Epoch 28/50:   0%|          | 0/40 [00:00<?, ?it/s]
Epoch 28/50:   2%|▎         | 1/40 [00:08<05:32,  8.52s/it]
Epoch 28/50:   5%|▌         | 2/40 [00:16<05:16,  8.34s/it]
Epoch 28/50:   8%|▊         | 3/40 [00:25<05:08,  8.35s/it]
Epoch 28/50:  10%|█         | 4/40 [00:33<05:03,  8.43s/it]
Epoch 28/50:  12%|█▎        | 5/40 [00:41<04:52,  8.35s/it]
Epoch 28/50:  15%|█▌        | 6/40 [00:49<04:40,  8.24s/it]
Epoch 28/50:  18%|█▊        | 7/40 [00:58<04:35,  8.35s/it]
Epoch 28/50:  20%|██        | 8/40 [01:06<04:28,  8.38s/it]
Epoch 28/50:  22%|██▎       | 9/40 [01:15<04:23,  8.51s/it]
Epoch 28/50:  25%|██▌       | 10/40 [01:24<04:17,  8.59s/it]
Epoch 28/50:  28%|██▊       | 11/40 [01:32<04:07,  8.55s/it]
Epoch 28/50:  30%|███       | 12/40 [01:41<03:56,  8.44s/it]
Epoch 28/50:  32%|███▎      | 13/40 [01:49<03:48,  8.45s/it]
Epoch 28/50:  35%|███▌      | 14/40 [01:58<03:42,  8.54s/it]
Epoch 28/50:  38%|███▊      | 15/40 [02:07<03:34,  8.60s/it]
Epoch 28/50:  40%|████      | 16/40 [02:15<03:25,  8.55s/it]
Epoch 28/50:  42%|████▎     | 17/40 [02:24<03:17,  8.58s/it]
Epoch 28/50:  45%|████▌     | 18/40 [02:32<03:10,  8.65s/it]
Epoch 28/50:  48%|████▊     | 19/40 [02:41<03:01,  8.64s/it]
Epoch 28/50:  50%|█████     | 20/40 [02:50<02:52,  8.61s/it]
Epoch 28/50:  52%|█████▎    | 21/40 [02:58<02:42,  8.56s/it]
Epoch 28/50:  55%|█████▌    | 22/40 [03:07<02:36,  8.69s/it]
Epoch 28/50:  57%|█████▊    | 23/40 [03:16<02:27,  8.68s/it]
Epoch 28/50:  60%|██████    | 24/40 [03:25<02:19,  8.73s/it]
Epoch 28/50:  62%|██████▎   | 25/40 [03:33<02:08,  8.60s/it]
Epoch 28/50:  65%|██████▌   | 26/40 [03:41<01:59,  8.56s/it]
Epoch 28/50:  68%|██████▊   | 27/40 [03:50<01:50,  8.54s/it]
Epoch 28/50:  70%|███████   | 28/40 [03:58<01:41,  8.46s/it]
Epoch 28/50:  72%|███████▎  | 29/40 [04:07<01:33,  8.46s/it]
Epoch 28/50:  75%|███████▌  | 30/40 [04:15<01:24,  8.46s/it]
Epoch 28/50:  78%|███████▊  | 31/40 [04:24<01:17,  8.62s/it]
Epoch 28/50:  80%|████████  | 32/40 [04:33<01:08,  8.59s/it]
Epoch 28/50:  82%|████████▎ | 33/40 [04:41<01:00,  8.62s/it]
Epoch 28/50:  85%|████████▌ | 34/40 [04:50<00:51,  8.53s/it]
Epoch 28/50:  88%|████████▊ | 35/40 [04:58<00:42,  8.51s/it]
Epoch 28/50:  90%|█████████ | 36/40 [05:06<00:33,  8.44s/it]
Epoch 28/50:  92%|█████████▎| 37/40 [05:15<00:25,  8.51s/it]
Epoch 28/50:  95%|█████████▌| 38/40 [05:24<00:17,  8.54s/it]
Epoch 28/50:  98%|█████████▊| 39/40 [05:32<00:08,  8.53s/it]
Epoch 28/50: 100%|██████████| 40/40 [05:40<00:00,  8.41s/it]
Epoch 28/50: 100%|██████████| 40/40 [05:40<00:00,  8.52s/it]

Epoch 28 — avg train loss: 0.0001

[Train classification report — Epoch 28]
              precision    recall  f1-score   support

     correct       0.05      1.00      0.09         7
        void       1.00      0.04      0.08       152

    accuracy                           0.08       159
   macro avg       0.52      0.52      0.08       159
weighted avg       0.96      0.08      0.08       159


------------------------------------------------------------
DIAGNOSTIC — Epoch 28 | Task: mistake_correction_competence
------------------------------------------------------------

[1] Label token ID check
  'correct' → token_id=19928 → decoded='correct'
  'void' → token_id=1004 → decoded='void'
  ✓ All label token IDs are unique.

[2] Last-token identity (first 3 val samples)

Diag-val epoch 28:   0%|          | 0/10 [00:00<?, ?it/s]
Diag-val epoch 28:  10%|█         | 1/10 [00:02<00:22,  2.50s/it]
Diag-val epoch 28:  20%|██        | 2/10 [00:04<00:19,  2.45s/it]
Diag-val epoch 28:  30%|███       | 3/10 [00:07<00:17,  2.44s/it]
Diag-val epoch 28:  40%|████      | 4/10 [00:09<00:14,  2.39s/it]
Diag-val epoch 28:  50%|█████     | 5/10 [00:12<00:12,  2.42s/it]
Diag-val epoch 28:  60%|██████    | 6/10 [00:14<00:09,  2.42s/it]
Diag-val epoch 28:  70%|███████   | 7/10 [00:16<00:07,  2.41s/it]
Diag-val epoch 28:  80%|████████  | 8/10 [00:19<00:04,  2.42s/it]
Diag-val epoch 28:  90%|█████████ | 9/10 [00:21<00:02,  2.42s/it]
Diag-val epoch 28: 100%|██████████| 10/10 [00:24<00:00,  2.41s/it]
Diag-val epoch 28: 100%|██████████| 10/10 [00:24<00:00,  2.42s/it]
  Sample 0: last real='assistant' (id=77091) ✓ | pos[-1]='assistant' (id=77091) ✓
  Sample 1: last real='assistant' (id=77091) ✓ | pos[-1]='assistant' (id=77091) ✓
  Sample 2: last real='assistant' (id=77091) ✓ | pos[-1]='assistant' (id=77091) ✓

[3] Logit spread over label tokens (first batch)
  'correct': mean=16.422  std=0.773  min=15.688  max=17.500
  'void': mean=27.688  std=1.602  min=26.125  max=29.250
  Max-min spread: mean=11.266  min=8.625  max=13.562
  (Near 0 → not differentiating labels; large → confident)

[4] Prediction vs. true label distribution
  Label                            True %   Pred %
  ------------------------------ -------- --------
  correct                            5.0%     0.0%
  void                              95.0%   100.0% ← collapsed?

[Classification report — Epoch 28]
              precision    recall  f1-score   support

     correct       0.00      0.00      0.00         2
        void       0.95      1.00      0.97        38

    accuracy                           0.95        40
   macro avg       0.47      0.50      0.49        40
weighted avg       0.90      0.95      0.93        40

------------------------------------------------------------
  No improvement (best: epoch 12, macro F1=0.8268)

Epoch 29/50:   0%|          | 0/40 [00:00<?, ?it/s]
Epoch 29/50:   2%|▎         | 1/40 [00:08<05:38,  8.68s/it]
Epoch 29/50:   5%|▌         | 2/40 [00:17<05:28,  8.65s/it]
Epoch 29/50:   8%|▊         | 3/40 [00:25<05:17,  8.58s/it]
Epoch 29/50:  10%|█         | 4/40 [00:34<05:11,  8.64s/it]
Epoch 29/50:  12%|█▎        | 5/40 [00:42<04:59,  8.56s/it]
Epoch 29/50:  15%|█▌        | 6/40 [00:51<04:49,  8.52s/it]
Epoch 29/50:  18%|█▊        | 7/40 [01:00<04:43,  8.58s/it]
Epoch 29/50:  20%|██        | 8/40 [01:08<04:30,  8.46s/it]
Epoch 29/50:  22%|██▎       | 9/40 [01:16<04:22,  8.47s/it]
Epoch 29/50:  25%|██▌       | 10/40 [01:25<04:16,  8.56s/it]
Epoch 29/50:  28%|██▊       | 11/40 [01:34<04:10,  8.64s/it]
Epoch 29/50:  30%|███       | 12/40 [01:43<04:04,  8.74s/it]
Epoch 29/50:  32%|███▎      | 13/40 [01:51<03:54,  8.68s/it]
Epoch 29/50:  35%|███▌      | 14/40 [02:00<03:44,  8.63s/it]
Epoch 29/50:  38%|███▊      | 15/40 [02:09<03:37,  8.71s/it]
Epoch 29/50:  40%|████      | 16/40 [02:18<03:30,  8.75s/it]
Epoch 29/50:  42%|████▎     | 17/40 [02:26<03:20,  8.71s/it]
Epoch 29/50:  45%|████▌     | 18/40 [02:35<03:08,  8.59s/it]
Epoch 29/50:  48%|████▊     | 19/40 [02:43<03:00,  8.57s/it]
Epoch 29/50:  50%|█████     | 20/40 [02:52<02:51,  8.56s/it]
Epoch 29/50:  52%|█████▎    | 21/40 [03:00<02:42,  8.56s/it]
Epoch 29/50:  55%|█████▌    | 22/40 [03:09<02:33,  8.53s/it]
Epoch 29/50:  57%|█████▊    | 23/40 [03:17<02:24,  8.51s/it]
Epoch 29/50:  60%|██████    | 24/40 [03:26<02:16,  8.50s/it]
Epoch 29/50:  62%|██████▎   | 25/40 [03:34<02:08,  8.56s/it]
Epoch 29/50:  65%|██████▌   | 26/40 [03:43<02:00,  8.60s/it]
Epoch 29/50:  68%|██████▊   | 27/40 [03:52<01:51,  8.61s/it]
Epoch 29/50:  70%|███████   | 28/40 [04:00<01:42,  8.55s/it]
Epoch 29/50:  72%|███████▎  | 29/40 [04:08<01:33,  8.47s/it]
Epoch 29/50:  75%|███████▌  | 30/40 [04:17<01:24,  8.49s/it]
Epoch 29/50:  78%|███████▊  | 31/40 [04:25<01:15,  8.39s/it]
Epoch 29/50:  80%|████████  | 32/40 [04:34<01:08,  8.57s/it]
Epoch 29/50:  82%|████████▎ | 33/40 [04:42<00:59,  8.54s/it]
Epoch 29/50:  85%|████████▌ | 34/40 [04:51<00:51,  8.55s/it]
Epoch 29/50:  88%|████████▊ | 35/40 [04:59<00:42,  8.50s/it]
Epoch 29/50:  90%|█████████ | 36/40 [05:08<00:34,  8.51s/it]
Epoch 29/50:  92%|█████████▎| 37/40 [05:16<00:25,  8.43s/it]
Epoch 29/50:  95%|█████████▌| 38/40 [05:25<00:17,  8.54s/it]
Epoch 29/50:  98%|█████████▊| 39/40 [05:34<00:08,  8.59s/it]
Epoch 29/50: 100%|██████████| 40/40 [05:42<00:00,  8.44s/it]
Epoch 29/50: 100%|██████████| 40/40 [05:42<00:00,  8.56s/it]

Epoch 29 — avg train loss: 0.0001

[Train classification report — Epoch 29]
              precision    recall  f1-score   support

     correct       0.05      1.00      0.09         7
        void       1.00      0.04      0.08       152

    accuracy                           0.08       159
   macro avg       0.52      0.52      0.08       159
weighted avg       0.96      0.08      0.08       159


------------------------------------------------------------
DIAGNOSTIC — Epoch 29 | Task: mistake_correction_competence
------------------------------------------------------------

[1] Label token ID check
  'correct' → token_id=19928 → decoded='correct'
  'void' → token_id=1004 → decoded='void'
  ✓ All label token IDs are unique.

[2] Last-token identity (first 3 val samples)

Diag-val epoch 29:   0%|          | 0/10 [00:00<?, ?it/s]
Diag-val epoch 29:  10%|█         | 1/10 [00:02<00:22,  2.47s/it]
Diag-val epoch 29:  20%|██        | 2/10 [00:04<00:19,  2.44s/it]
Diag-val epoch 29:  30%|███       | 3/10 [00:07<00:17,  2.43s/it]
Diag-val epoch 29:  40%|████      | 4/10 [00:09<00:14,  2.39s/it]
Diag-val epoch 29:  50%|█████     | 5/10 [00:12<00:12,  2.41s/it]
Diag-val epoch 29:  60%|██████    | 6/10 [00:14<00:09,  2.42s/it]
Diag-val epoch 29:  70%|███████   | 7/10 [00:16<00:07,  2.41s/it]
Diag-val epoch 29:  80%|████████  | 8/10 [00:19<00:04,  2.42s/it]
Diag-val epoch 29:  90%|█████████ | 9/10 [00:21<00:02,  2.42s/it]
Diag-val epoch 29: 100%|██████████| 10/10 [00:24<00:00,  2.42s/it]
Diag-val epoch 29: 100%|██████████| 10/10 [00:24<00:00,  2.42s/it]
  Sample 0: last real='assistant' (id=77091) ✓ | pos[-1]='assistant' (id=77091) ✓
  Sample 1: last real='assistant' (id=77091) ✓ | pos[-1]='assistant' (id=77091) ✓
  Sample 2: last real='assistant' (id=77091) ✓ | pos[-1]='assistant' (id=77091) ✓

[3] Logit spread over label tokens (first batch)
  'correct': mean=16.281  std=1.234  min=15.562  max=18.125
  'void': mean=27.812  std=1.301  min=26.625  max=29.000
  Max-min spread: mean=11.531  min=8.625  max=13.250
  (Near 0 → not differentiating labels; large → confident)

[4] Prediction vs. true label distribution
  Label                            True %   Pred %
  ------------------------------ -------- --------
  correct                            5.0%     0.0%
  void                              95.0%   100.0% ← collapsed?

[Classification report — Epoch 29]
              precision    recall  f1-score   support

     correct       0.00      0.00      0.00         2
        void       0.95      1.00      0.97        38

    accuracy                           0.95        40
   macro avg       0.47      0.50      0.49        40
weighted avg       0.90      0.95      0.93        40

------------------------------------------------------------
  No improvement (best: epoch 12, macro F1=0.8268)

Epoch 30/50:   0%|          | 0/40 [00:00<?, ?it/s]
Epoch 30/50:   2%|▎         | 1/40 [00:08<05:34,  8.58s/it]
Epoch 30/50:   5%|▌         | 2/40 [00:17<05:34,  8.79s/it]
Epoch 30/50:   8%|▊         | 3/40 [00:25<05:19,  8.62s/it]
Epoch 30/50:  10%|█         | 4/40 [00:34<05:07,  8.56s/it]
Epoch 30/50:  12%|█▎        | 5/40 [00:43<05:01,  8.60s/it]
Epoch 30/50:  15%|█▌        | 6/40 [00:51<04:49,  8.51s/it]
Epoch 30/50:  18%|█▊        | 7/40 [01:00<04:44,  8.63s/it]
Epoch 30/50:  20%|██        | 8/40 [01:08<04:34,  8.58s/it]
Epoch 30/50:  22%|██▎       | 9/40 [01:17<04:25,  8.55s/it]
Epoch 30/50:  25%|██▌       | 10/40 [01:25<04:15,  8.51s/it]
Epoch 30/50:  28%|██▊       | 11/40 [01:34<04:09,  8.61s/it]
Epoch 30/50:  30%|███       | 12/40 [01:43<04:01,  8.64s/it]
Epoch 30/50:  32%|███▎      | 13/40 [01:51<03:52,  8.60s/it]
Epoch 30/50:  35%|███▌      | 14/40 [02:00<03:44,  8.64s/it]
Epoch 30/50:  38%|███▊      | 15/40 [02:08<03:33,  8.53s/it]
Epoch 30/50:  40%|████      | 16/40 [02:17<03:25,  8.55s/it]
Epoch 30/50:  42%|████▎     | 17/40 [02:25<03:15,  8.51s/it]
Epoch 30/50:  45%|████▌     | 18/40 [02:34<03:07,  8.52s/it]
Epoch 30/50:  48%|████▊     | 19/40 [02:42<02:58,  8.50s/it]
Epoch 30/50:  50%|█████     | 20/40 [02:51<02:48,  8.44s/it]
Epoch 30/50:  52%|█████▎    | 21/40 [02:59<02:40,  8.47s/it]
Epoch 30/50:  55%|█████▌    | 22/40 [03:08<02:33,  8.54s/it]
Epoch 30/50:  57%|█████▊    | 23/40 [03:16<02:25,  8.53s/it]
Epoch 30/50:  60%|██████    | 24/40 [03:25<02:17,  8.58s/it]
Epoch 30/50:  62%|██████▎   | 25/40 [03:34<02:09,  8.66s/it]
Epoch 30/50:  65%|██████▌   | 26/40 [03:42<02:00,  8.63s/it]
Epoch 30/50:  68%|██████▊   | 27/40 [03:51<01:51,  8.61s/it]
Epoch 30/50:  70%|███████   | 28/40 [03:59<01:42,  8.56s/it]
Epoch 30/50:  72%|███████▎  | 29/40 [04:08<01:33,  8.46s/it]
Epoch 30/50:  75%|███████▌  | 30/40 [04:16<01:25,  8.55s/it]
Epoch 30/50:  78%|███████▊  | 31/40 [04:25<01:18,  8.68s/it]
Epoch 30/50:  80%|████████  | 32/40 [04:34<01:09,  8.68s/it]
Epoch 30/50:  82%|████████▎ | 33/40 [04:43<01:00,  8.69s/it]
Epoch 30/50:  85%|████████▌ | 34/40 [04:51<00:51,  8.61s/it]
Epoch 30/50:  88%|████████▊ | 35/40 [05:00<00:43,  8.62s/it]
Epoch 30/50:  90%|█████████ | 36/40 [05:09<00:34,  8.66s/it]
Epoch 30/50:  92%|█████████▎| 37/40 [05:18<00:26,  8.78s/it]
Epoch 30/50:  95%|█████████▌| 38/40 [05:26<00:17,  8.72s/it]
Epoch 30/50:  98%|█████████▊| 39/40 [05:35<00:08,  8.63s/it]
Epoch 30/50: 100%|██████████| 40/40 [05:43<00:00,  8.43s/it]
Epoch 30/50: 100%|██████████| 40/40 [05:43<00:00,  8.58s/it]

Epoch 30 — avg train loss: 0.0001

[Train classification report — Epoch 30]
              precision    recall  f1-score   support

     correct       0.05      1.00      0.09         7
        void       1.00      0.04      0.08       152

    accuracy                           0.08       159
   macro avg       0.52      0.52      0.08       159
weighted avg       0.96      0.08      0.08       159


------------------------------------------------------------
DIAGNOSTIC — Epoch 30 | Task: mistake_correction_competence
------------------------------------------------------------

[1] Label token ID check
  'correct' → token_id=19928 → decoded='correct'
  'void' → token_id=1004 → decoded='void'
  ✓ All label token IDs are unique.

[2] Last-token identity (first 3 val samples)

Diag-val epoch 30:   0%|          | 0/10 [00:00<?, ?it/s]
Diag-val epoch 30:  10%|█         | 1/10 [00:02<00:22,  2.48s/it]
Diag-val epoch 30:  20%|██        | 2/10 [00:04<00:19,  2.45s/it]
Diag-val epoch 30:  30%|███       | 3/10 [00:07<00:17,  2.44s/it]
Diag-val epoch 30:  40%|████      | 4/10 [00:09<00:14,  2.40s/it]
Diag-val epoch 30:  50%|█████     | 5/10 [00:12<00:12,  2.42s/it]
Diag-val epoch 30:  60%|██████    | 6/10 [00:14<00:09,  2.43s/it]
Diag-val epoch 30:  70%|███████   | 7/10 [00:16<00:07,  2.42s/it]
Diag-val epoch 30:  80%|████████  | 8/10 [00:19<00:04,  2.43s/it]
Diag-val epoch 30:  90%|█████████ | 9/10 [00:21<00:02,  2.44s/it]
Diag-val epoch 30: 100%|██████████| 10/10 [00:24<00:00,  2.43s/it]
Diag-val epoch 30: 100%|██████████| 10/10 [00:24<00:00,  2.43s/it]
  Sample 0: last real='assistant' (id=77091) ✓ | pos[-1]='assistant' (id=77091) ✓
  Sample 1: last real='assistant' (id=77091) ✓ | pos[-1]='assistant' (id=77091) ✓
  Sample 2: last real='assistant' (id=77091) ✓ | pos[-1]='assistant' (id=77091) ✓

[3] Logit spread over label tokens (first batch)
  'correct': mean=15.625  std=1.300  min=14.688  max=17.500
  'void': mean=27.938  std=1.309  min=26.625  max=29.125
  Max-min spread: mean=12.312  min=9.500  max=14.438
  (Near 0 → not differentiating labels; large → confident)

[4] Prediction vs. true label distribution
  Label                            True %   Pred %
  ------------------------------ -------- --------
  correct                            5.0%     2.5%
  void                              95.0%    97.5% ← collapsed?

[Classification report — Epoch 30]
              precision    recall  f1-score   support

     correct       1.00      0.50      0.67         2
        void       0.97      1.00      0.99        38

    accuracy                           0.97        40
   macro avg       0.99      0.75      0.83        40
weighted avg       0.98      0.97      0.97        40

------------------------------------------------------------
  No improvement (best: epoch 12, macro F1=0.8268)

Epoch 31/50:   0%|          | 0/40 [00:00<?, ?it/s]
Epoch 31/50:   2%|▎         | 1/40 [00:08<05:20,  8.23s/it]
Epoch 31/50:   5%|▌         | 2/40 [00:17<05:28,  8.64s/it]
Epoch 31/50:   8%|▊         | 3/40 [00:26<05:26,  8.81s/it]
Epoch 31/50:  10%|█         | 4/40 [00:34<05:13,  8.71s/it]
Epoch 31/50:  12%|█▎        | 5/40 [00:43<05:01,  8.61s/it]
Epoch 31/50:  15%|█▌        | 6/40 [00:51<04:53,  8.62s/it]
Epoch 31/50:  18%|█▊        | 7/40 [01:00<04:42,  8.55s/it]
Epoch 31/50:  20%|██        | 8/40 [01:09<04:37,  8.67s/it]
Epoch 31/50:  22%|██▎       | 9/40 [01:17<04:29,  8.68s/it]
Epoch 31/50:  25%|██▌       | 10/40 [01:26<04:16,  8.54s/it]
Epoch 31/50:  28%|██▊       | 11/40 [01:34<04:08,  8.58s/it]
Epoch 31/50:  30%|███       | 12/40 [01:43<04:02,  8.64s/it]
Epoch 31/50:  32%|███▎      | 13/40 [01:52<03:52,  8.62s/it]
Epoch 31/50:  35%|███▌      | 14/40 [02:01<03:46,  8.73s/it]
Epoch 31/50:  38%|███▊      | 15/40 [02:09<03:36,  8.67s/it]
Epoch 31/50:  40%|████      | 16/40 [02:18<03:26,  8.60s/it]
Epoch 31/50:  42%|████▎     | 17/40 [02:26<03:16,  8.55s/it]
Epoch 31/50:  45%|████▌     | 18/40 [02:35<03:09,  8.61s/it]
Epoch 31/50:  48%|████▊     | 19/40 [02:43<03:00,  8.60s/it]
Epoch 31/50:  50%|█████     | 20/40 [02:52<02:50,  8.54s/it]
Epoch 31/50:  52%|█████▎    | 21/40 [03:00<02:42,  8.56s/it]
Epoch 31/50:  55%|█████▌    | 22/40 [03:09<02:34,  8.56s/it]
Epoch 31/50:  57%|█████▊    | 23/40 [03:18<02:27,  8.66s/it]
Epoch 31/50:  60%|██████    | 24/40 [03:26<02:18,  8.67s/it]
Epoch 31/50:  62%|██████▎   | 25/40 [03:35<02:08,  8.60s/it]
Epoch 31/50:  65%|██████▌   | 26/40 [03:43<01:59,  8.55s/it]
Epoch 31/50:  68%|██████▊   | 27/40 [03:52<01:51,  8.57s/it]
Epoch 31/50:  70%|███████   | 28/40 [04:01<01:43,  8.62s/it]
Epoch 31/50:  72%|███████▎  | 29/40 [04:09<01:33,  8.47s/it]
Epoch 31/50:  75%|███████▌  | 30/40 [04:17<01:24,  8.49s/it]
Epoch 31/50:  78%|███████▊  | 31/40 [04:26<01:16,  8.48s/it]
Epoch 31/50:  80%|████████  | 32/40 [04:35<01:08,  8.61s/it]
Epoch 31/50:  82%|████████▎ | 33/40 [04:43<00:59,  8.57s/it]
Epoch 31/50:  85%|████████▌ | 34/40 [04:51<00:50,  8.49s/it]
Epoch 31/50:  88%|████████▊ | 35/40 [05:00<00:42,  8.41s/it]
Epoch 31/50:  90%|█████████ | 36/40 [05:08<00:33,  8.48s/it]
Epoch 31/50:  92%|█████████▎| 37/40 [05:17<00:25,  8.40s/it]
Epoch 31/50:  95%|█████████▌| 38/40 [05:25<00:16,  8.50s/it]
Epoch 31/50:  98%|█████████▊| 39/40 [05:34<00:08,  8.44s/it]
Epoch 31/50: 100%|██████████| 40/40 [05:41<00:00,  8.27s/it]
Epoch 31/50: 100%|██████████| 40/40 [05:41<00:00,  8.55s/it]

Epoch 31 — avg train loss: 0.0001

[Train classification report — Epoch 31]
              precision    recall  f1-score   support

     correct       0.05      1.00      0.09         7
        void       1.00      0.03      0.05       152

    accuracy                           0.07       159
   macro avg       0.52      0.51      0.07       159
weighted avg       0.96      0.07      0.05       159


------------------------------------------------------------
DIAGNOSTIC — Epoch 31 | Task: mistake_correction_competence
------------------------------------------------------------

[1] Label token ID check
  'correct' → token_id=19928 → decoded='correct'
  'void' → token_id=1004 → decoded='void'
  ✓ All label token IDs are unique.

[2] Last-token identity (first 3 val samples)

Diag-val epoch 31:   0%|          | 0/10 [00:00<?, ?it/s]
Diag-val epoch 31:  10%|█         | 1/10 [00:02<00:22,  2.48s/it]
Diag-val epoch 31:  20%|██        | 2/10 [00:04<00:19,  2.45s/it]
Diag-val epoch 31:  30%|███       | 3/10 [00:07<00:17,  2.44s/it]
Diag-val epoch 31:  40%|████      | 4/10 [00:09<00:14,  2.39s/it]
Diag-val epoch 31:  50%|█████     | 5/10 [00:12<00:12,  2.42s/it]
Diag-val epoch 31:  60%|██████    | 6/10 [00:14<00:09,  2.42s/it]
Diag-val epoch 31:  70%|███████   | 7/10 [00:16<00:07,  2.43s/it]
Diag-val epoch 31:  80%|████████  | 8/10 [00:19<00:04,  2.44s/it]
Diag-val epoch 31:  90%|█████████ | 9/10 [00:21<00:02,  2.44s/it]
Diag-val epoch 31: 100%|██████████| 10/10 [00:24<00:00,  2.43s/it]
Diag-val epoch 31: 100%|██████████| 10/10 [00:24<00:00,  2.43s/it]
  Sample 0: last real='assistant' (id=77091) ✓ | pos[-1]='assistant' (id=77091) ✓
  Sample 1: last real='assistant' (id=77091) ✓ | pos[-1]='assistant' (id=77091) ✓
  Sample 2: last real='assistant' (id=77091) ✓ | pos[-1]='assistant' (id=77091) ✓

[3] Logit spread over label tokens (first batch)
  'correct': mean=15.906  std=1.505  min=14.750  max=18.000
  'void': mean=28.250  std=0.714  min=27.250  max=28.875
  Max-min spread: mean=12.344  min=9.250  max=14.125
  (Near 0 → not differentiating labels; large → confident)

[4] Prediction vs. true label distribution
  Label                            True %   Pred %
  ------------------------------ -------- --------
  correct                            5.0%     2.5%
  void                              95.0%    97.5% ← collapsed?

[Classification report — Epoch 31]
              precision    recall  f1-score   support

     correct       1.00      0.50      0.67         2
        void       0.97      1.00      0.99        38

    accuracy                           0.97        40
   macro avg       0.99      0.75      0.83        40
weighted avg       0.98      0.97      0.97        40

------------------------------------------------------------
  No improvement (best: epoch 12, macro F1=0.8268)

Epoch 32/50:   0%|          | 0/40 [00:00<?, ?it/s]
Epoch 32/50:   2%|▎         | 1/40 [00:08<05:31,  8.49s/it]
Epoch 32/50:   5%|▌         | 2/40 [00:17<05:32,  8.74s/it]
Epoch 32/50:   8%|▊         | 3/40 [00:25<05:17,  8.57s/it]
Epoch 32/50:  10%|█         | 4/40 [00:34<05:08,  8.56s/it]
Epoch 32/50:  12%|█▎        | 5/40 [00:42<04:58,  8.53s/it]
Epoch 32/50:  15%|█▌        | 6/40 [00:51<04:49,  8.50s/it]
Epoch 32/50:  18%|█▊        | 7/40 [00:59<04:43,  8.58s/it]
Epoch 32/50:  20%|██        | 8/40 [01:08<04:33,  8.55s/it]
Epoch 32/50:  22%|██▎       | 9/40 [01:16<04:24,  8.52s/it]
Epoch 32/50:  25%|██▌       | 10/40 [01:25<04:14,  8.49s/it]
Epoch 32/50:  28%|██▊       | 11/40 [01:33<04:06,  8.49s/it]
Epoch 32/50:  30%|███       | 12/40 [01:42<03:57,  8.49s/it]
Epoch 32/50:  32%|███▎      | 13/40 [01:50<03:48,  8.48s/it]
Epoch 32/50:  35%|███▌      | 14/40 [01:59<03:42,  8.55s/it]
Epoch 32/50:  38%|███▊      | 15/40 [02:08<03:35,  8.60s/it]
Epoch 32/50:  40%|████      | 16/40 [02:16<03:26,  8.59s/it]
Epoch 32/50:  42%|████▎     | 17/40 [02:25<03:15,  8.51s/it]
Epoch 32/50:  45%|████▌     | 18/40 [02:33<03:07,  8.51s/it]
Epoch 32/50:  48%|████▊     | 19/40 [02:42<03:00,  8.57s/it]
Epoch 32/50:  50%|█████     | 20/40 [02:51<02:54,  8.71s/it]
Epoch 32/50:  52%|█████▎    | 21/40 [02:59<02:44,  8.64s/it]
Epoch 32/50:  55%|█████▌    | 22/40 [03:08<02:35,  8.67s/it]
Epoch 32/50:  57%|█████▊    | 23/40 [03:16<02:26,  8.59s/it]
Epoch 32/50:  60%|██████    | 24/40 [03:25<02:18,  8.63s/it]
Epoch 32/50:  62%|██████▎   | 25/40 [03:34<02:08,  8.57s/it]
Epoch 32/50:  65%|██████▌   | 26/40 [03:42<01:59,  8.50s/it]
Epoch 32/50:  68%|██████▊   | 27/40 [03:50<01:49,  8.43s/it]
Epoch 32/50:  70%|███████   | 28/40 [03:59<01:41,  8.45s/it]
Epoch 32/50:  72%|███████▎  | 29/40 [04:07<01:33,  8.54s/it]
Epoch 32/50:  75%|███████▌  | 30/40 [04:16<01:25,  8.55s/it]
Epoch 32/50:  78%|███████▊  | 31/40 [04:24<01:16,  8.48s/it]
Epoch 32/50:  80%|████████  | 32/40 [04:33<01:07,  8.41s/it]
Epoch 32/50:  82%|████████▎ | 33/40 [04:41<00:59,  8.49s/it]
Epoch 32/50:  85%|████████▌ | 34/40 [04:50<00:51,  8.51s/it]
Epoch 32/50:  88%|████████▊ | 35/40 [04:59<00:43,  8.61s/it]
Epoch 32/50:  90%|█████████ | 36/40 [05:08<00:34,  8.68s/it]
Epoch 32/50:  92%|█████████▎| 37/40 [05:16<00:26,  8.69s/it]
Epoch 32/50:  95%|█████████▌| 38/40 [05:25<00:17,  8.65s/it]
Epoch 32/50:  98%|█████████▊| 39/40 [05:33<00:08,  8.65s/it]
Epoch 32/50: 100%|██████████| 40/40 [05:41<00:00,  8.44s/it]
Epoch 32/50: 100%|██████████| 40/40 [05:41<00:00,  8.55s/it]

Epoch 32 — avg train loss: 0.0001

[Train classification report — Epoch 32]
              precision    recall  f1-score   support

     correct       0.04      1.00      0.09         7
        void       1.00      0.02      0.04       152

    accuracy                           0.06       159
   macro avg       0.52      0.51      0.06       159
weighted avg       0.96      0.06      0.04       159


------------------------------------------------------------
DIAGNOSTIC — Epoch 32 | Task: mistake_correction_competence
------------------------------------------------------------

[1] Label token ID check
  'correct' → token_id=19928 → decoded='correct'
  'void' → token_id=1004 → decoded='void'
  ✓ All label token IDs are unique.

[2] Last-token identity (first 3 val samples)

Diag-val epoch 32:   0%|          | 0/10 [00:00<?, ?it/s]
Diag-val epoch 32:  10%|█         | 1/10 [00:02<00:22,  2.48s/it]
Diag-val epoch 32:  20%|██        | 2/10 [00:04<00:19,  2.44s/it]
Diag-val epoch 32:  30%|███       | 3/10 [00:07<00:17,  2.43s/it]
Diag-val epoch 32:  40%|████      | 4/10 [00:09<00:14,  2.41s/it]
Diag-val epoch 32:  50%|█████     | 5/10 [00:12<00:12,  2.43s/it]
Diag-val epoch 32:  60%|██████    | 6/10 [00:14<00:09,  2.43s/it]
Diag-val epoch 32:  70%|███████   | 7/10 [00:16<00:07,  2.42s/it]
Diag-val epoch 32:  80%|████████  | 8/10 [00:19<00:04,  2.43s/it]
Diag-val epoch 32:  90%|█████████ | 9/10 [00:21<00:02,  2.44s/it]
Diag-val epoch 32: 100%|██████████| 10/10 [00:24<00:00,  2.43s/it]
Diag-val epoch 32: 100%|██████████| 10/10 [00:24<00:00,  2.43s/it]
  Sample 0: last real='assistant' (id=77091) ✓ | pos[-1]='assistant' (id=77091) ✓
  Sample 1: last real='assistant' (id=77091) ✓ | pos[-1]='assistant' (id=77091) ✓
  Sample 2: last real='assistant' (id=77091) ✓ | pos[-1]='assistant' (id=77091) ✓

[3] Logit spread over label tokens (first batch)
  'correct': mean=16.719  std=0.856  min=16.250  max=18.000
  'void': mean=28.094  std=1.209  min=27.125  max=29.625
  Max-min spread: mean=11.375  min=9.125  max=13.375
  (Near 0 → not differentiating labels; large → confident)

[4] Prediction vs. true label distribution
  Label                            True %   Pred %
  ------------------------------ -------- --------
  correct                            5.0%     2.5%
  void                              95.0%    97.5% ← collapsed?

[Classification report — Epoch 32]
              precision    recall  f1-score   support

     correct       1.00      0.50      0.67         2
        void       0.97      1.00      0.99        38

    accuracy                           0.97        40
   macro avg       0.99      0.75      0.83        40
weighted avg       0.98      0.97      0.97        40

------------------------------------------------------------
  No improvement (best: epoch 12, macro F1=0.8268)

Epoch 33/50:   0%|          | 0/40 [00:00<?, ?it/s]
Epoch 33/50:   2%|▎         | 1/40 [00:08<05:37,  8.66s/it]
Epoch 33/50:   5%|▌         | 2/40 [00:17<05:25,  8.57s/it]
Epoch 33/50:   8%|▊         | 3/40 [00:26<05:21,  8.70s/it]
Epoch 33/50:  10%|█         | 4/40 [00:34<05:07,  8.54s/it]
Epoch 33/50:  12%|█▎        | 5/40 [00:42<04:59,  8.56s/it]
Epoch 33/50:  15%|█▌        | 6/40 [00:51<04:51,  8.56s/it]
Epoch 33/50:  18%|█▊        | 7/40 [01:00<04:43,  8.60s/it]
Epoch 33/50:  20%|██        | 8/40 [01:08<04:35,  8.62s/it]
Epoch 33/50:  22%|██▎       | 9/40 [01:17<04:27,  8.64s/it]
Epoch 33/50:  25%|██▌       | 10/40 [01:26<04:19,  8.65s/it]
Epoch 33/50:  28%|██▊       | 11/40 [01:34<04:08,  8.56s/it]
Epoch 33/50:  30%|███       | 12/40 [01:43<04:01,  8.64s/it]
Epoch 33/50:  32%|███▎      | 13/40 [01:51<03:51,  8.59s/it]
Epoch 33/50:  35%|███▌      | 14/40 [02:00<03:43,  8.61s/it]
Epoch 33/50:  38%|███▊      | 15/40 [02:09<03:35,  8.62s/it]
Epoch 33/50:  40%|████      | 16/40 [02:17<03:25,  8.56s/it]
Epoch 33/50:  42%|████▎     | 17/40 [02:25<03:15,  8.52s/it]
Epoch 33/50:  45%|████▌     | 18/40 [02:34<03:06,  8.46s/it]
Epoch 33/50:  48%|████▊     | 19/40 [02:42<02:59,  8.53s/it]
Epoch 33/50:  50%|█████     | 20/40 [02:51<02:50,  8.53s/it]
Epoch 33/50:  52%|█████▎    | 21/40 [02:59<02:41,  8.51s/it]
Epoch 33/50:  55%|█████▌    | 22/40 [03:08<02:33,  8.51s/it]
Epoch 33/50:  57%|█████▊    | 23/40 [03:17<02:24,  8.51s/it]
Epoch 33/50:  60%|██████    | 24/40 [03:25<02:14,  8.39s/it]
Epoch 33/50:  62%|██████▎   | 25/40 [03:33<02:06,  8.45s/it]
Epoch 33/50:  65%|██████▌   | 26/40 [03:42<01:58,  8.50s/it]
Epoch 33/50:  68%|██████▊   | 27/40 [03:51<01:51,  8.60s/it]
Epoch 33/50:  70%|███████   | 28/40 [03:59<01:42,  8.54s/it]
Epoch 33/50:  72%|███████▎  | 29/40 [04:07<01:33,  8.47s/it]
Epoch 33/50:  75%|███████▌  | 30/40 [04:16<01:24,  8.46s/it]
Epoch 33/50:  78%|███████▊  | 31/40 [04:25<01:17,  8.59s/it]
Epoch 33/50:  80%|████████  | 32/40 [04:33<01:08,  8.61s/it]
Epoch 33/50:  82%|████████▎ | 33/40 [04:42<01:00,  8.58s/it]
Epoch 33/50:  85%|████████▌ | 34/40 [04:50<00:51,  8.54s/it]
Epoch 33/50:  88%|████████▊ | 35/40 [04:59<00:42,  8.58s/it]
Epoch 33/50:  90%|█████████ | 36/40 [05:08<00:34,  8.58s/it]
Epoch 33/50:  92%|█████████▎| 37/40 [05:16<00:25,  8.51s/it]
Epoch 33/50:  95%|█████████▌| 38/40 [05:24<00:16,  8.50s/it]
Epoch 33/50:  98%|█████████▊| 39/40 [05:33<00:08,  8.65s/it]
Epoch 33/50: 100%|██████████| 40/40 [05:41<00:00,  8.48s/it]
Epoch 33/50: 100%|██████████| 40/40 [05:41<00:00,  8.55s/it]

Epoch 33 — avg train loss: 0.0001

[Train classification report — Epoch 33]
              precision    recall  f1-score   support

     correct       0.05      1.00      0.09         7
        void       1.00      0.03      0.05       152

    accuracy                           0.07       159
   macro avg       0.52      0.51      0.07       159
weighted avg       0.96      0.07      0.05       159


------------------------------------------------------------
DIAGNOSTIC — Epoch 33 | Task: mistake_correction_competence
------------------------------------------------------------

[1] Label token ID check
  'correct' → token_id=19928 → decoded='correct'
  'void' → token_id=1004 → decoded='void'
  ✓ All label token IDs are unique.

[2] Last-token identity (first 3 val samples)

Diag-val epoch 33:   0%|          | 0/10 [00:00<?, ?it/s]
Diag-val epoch 33:  10%|█         | 1/10 [00:02<00:22,  2.48s/it]
Diag-val epoch 33:  20%|██        | 2/10 [00:04<00:19,  2.47s/it]
Diag-val epoch 33:  30%|███       | 3/10 [00:07<00:17,  2.45s/it]
Diag-val epoch 33:  40%|████      | 4/10 [00:09<00:14,  2.40s/it]
Diag-val epoch 33:  50%|█████     | 5/10 [00:12<00:12,  2.43s/it]
Diag-val epoch 33:  60%|██████    | 6/10 [00:14<00:09,  2.43s/it]
Diag-val epoch 33:  70%|███████   | 7/10 [00:17<00:07,  2.42s/it]
Diag-val epoch 33:  80%|████████  | 8/10 [00:19<00:04,  2.43s/it]
Diag-val epoch 33:  90%|█████████ | 9/10 [00:21<00:02,  2.43s/it]
Diag-val epoch 33: 100%|██████████| 10/10 [00:24<00:00,  2.43s/it]
Diag-val epoch 33: 100%|██████████| 10/10 [00:24<00:00,  2.43s/it]
  Sample 0: last real='assistant' (id=77091) ✓ | pos[-1]='assistant' (id=77091) ✓
  Sample 1: last real='assistant' (id=77091) ✓ | pos[-1]='assistant' (id=77091) ✓
  Sample 2: last real='assistant' (id=77091) ✓ | pos[-1]='assistant' (id=77091) ✓

[3] Logit spread over label tokens (first batch)
  'correct': mean=15.703  std=1.258  min=14.000  max=16.875
  'void': mean=27.688  std=1.615  min=26.125  max=29.375
  Max-min spread: mean=11.984  min=9.250  max=14.750
  (Near 0 → not differentiating labels; large → confident)

[4] Prediction vs. true label distribution
  Label                            True %   Pred %
  ------------------------------ -------- --------
  correct                            5.0%     2.5%
  void                              95.0%    97.5% ← collapsed?

[Classification report — Epoch 33]
              precision    recall  f1-score   support

     correct       1.00      0.50      0.67         2
        void       0.97      1.00      0.99        38

    accuracy                           0.97        40
   macro avg       0.99      0.75      0.83        40
weighted avg       0.98      0.97      0.97        40

------------------------------------------------------------
  No improvement (best: epoch 12, macro F1=0.8268)

Epoch 34/50:   0%|          | 0/40 [00:00<?, ?it/s]
Epoch 34/50:   2%|▎         | 1/40 [00:08<05:49,  8.95s/it]
Epoch 34/50:   5%|▌         | 2/40 [00:17<05:29,  8.68s/it]
Epoch 34/50:   8%|▊         | 3/40 [00:25<05:14,  8.49s/it]
Epoch 34/50:  10%|█         | 4/40 [00:34<05:08,  8.56s/it]
Epoch 34/50:  12%|█▎        | 5/40 [00:42<04:58,  8.53s/it]
Epoch 34/50:  15%|█▌        | 6/40 [00:51<04:51,  8.59s/it]
Epoch 34/50:  18%|█▊        | 7/40 [00:59<04:40,  8.49s/it]
Epoch 34/50:  20%|██        | 8/40 [01:08<04:33,  8.55s/it]
Epoch 34/50:  22%|██▎       | 9/40 [01:17<04:25,  8.58s/it]
Epoch 34/50:  25%|██▌       | 10/40 [01:25<04:18,  8.63s/it]
Epoch 34/50:  28%|██▊       | 11/40 [01:34<04:06,  8.50s/it]
Epoch 34/50:  30%|███       | 12/40 [01:42<03:56,  8.46s/it]
Epoch 34/50:  32%|███▎      | 13/40 [01:51<03:50,  8.53s/it]
Epoch 34/50:  35%|███▌      | 14/40 [01:59<03:43,  8.61s/it]
Epoch 34/50:  38%|███▊      | 15/40 [02:08<03:34,  8.57s/it]
Epoch 34/50:  40%|████      | 16/40 [02:16<03:25,  8.56s/it]
Epoch 34/50:  42%|████▎     | 17/40 [02:25<03:16,  8.54s/it]
Epoch 34/50:  45%|████▌     | 18/40 [02:33<03:07,  8.53s/it]
Epoch 34/50:  48%|████▊     | 19/40 [02:42<02:59,  8.56s/it]
Epoch 34/50:  50%|█████     | 20/40 [02:51<02:53,  8.67s/it]
Epoch 34/50:  52%|█████▎    | 21/40 [03:00<02:43,  8.62s/it]
Epoch 34/50:  55%|█████▌    | 22/40 [03:08<02:34,  8.60s/it]
Epoch 34/50:  57%|█████▊    | 23/40 [03:16<02:24,  8.51s/it]
Epoch 34/50:  60%|██████    | 24/40 [03:25<02:15,  8.47s/it]
Epoch 34/50:  62%|██████▎   | 25/40 [03:33<02:06,  8.46s/it]
Epoch 34/50:  65%|██████▌   | 26/40 [03:42<02:00,  8.62s/it]
Epoch 34/50:  68%|██████▊   | 27/40 [03:51<01:52,  8.65s/it]
Epoch 34/50:  70%|███████   | 28/40 [04:00<01:44,  8.69s/it]
Epoch 34/50:  72%|███████▎  | 29/40 [04:08<01:35,  8.64s/it]
Epoch 34/50:  75%|███████▌  | 30/40 [04:17<01:26,  8.62s/it]
Epoch 34/50:  78%|███████▊  | 31/40 [04:25<01:16,  8.52s/it]
Epoch 34/50:  80%|████████  | 32/40 [04:33<01:07,  8.49s/it]
Epoch 34/50:  82%|████████▎ | 33/40 [04:42<01:00,  8.59s/it]
Epoch 34/50:  85%|████████▌ | 34/40 [04:51<00:51,  8.64s/it]
Epoch 34/50:  88%|████████▊ | 35/40 [05:00<00:43,  8.65s/it]
Epoch 34/50:  90%|█████████ | 36/40 [05:08<00:34,  8.64s/it]
Epoch 34/50:  92%|█████████▎| 37/40 [05:17<00:25,  8.63s/it]
Epoch 34/50:  95%|█████████▌| 38/40 [05:25<00:17,  8.56s/it]
Epoch 34/50:  98%|█████████▊| 39/40 [05:34<00:08,  8.55s/it]
Epoch 34/50: 100%|██████████| 40/40 [05:42<00:00,  8.43s/it]
Epoch 34/50: 100%|██████████| 40/40 [05:42<00:00,  8.56s/it]

Epoch 34 — avg train loss: 0.0001

[Train classification report — Epoch 34]
              precision    recall  f1-score   support

     correct       0.04      1.00      0.09         7
        void       1.00      0.02      0.04       152

    accuracy                           0.06       159
   macro avg       0.52      0.51      0.06       159
weighted avg       0.96      0.06      0.04       159


------------------------------------------------------------
DIAGNOSTIC — Epoch 34 | Task: mistake_correction_competence
------------------------------------------------------------

[1] Label token ID check
  'correct' → token_id=19928 → decoded='correct'
  'void' → token_id=1004 → decoded='void'
  ✓ All label token IDs are unique.

[2] Last-token identity (first 3 val samples)

Diag-val epoch 34:   0%|          | 0/10 [00:00<?, ?it/s]
Diag-val epoch 34:  10%|█         | 1/10 [00:02<00:22,  2.48s/it]
Diag-val epoch 34:  20%|██        | 2/10 [00:04<00:19,  2.45s/it]
Diag-val epoch 34:  30%|███       | 3/10 [00:07<00:17,  2.44s/it]
Diag-val epoch 34:  40%|████      | 4/10 [00:09<00:14,  2.40s/it]
Diag-val epoch 34:  50%|█████     | 5/10 [00:12<00:12,  2.42s/it]
Diag-val epoch 34:  60%|██████    | 6/10 [00:14<00:09,  2.43s/it]
Diag-val epoch 34:  70%|███████   | 7/10 [00:16<00:07,  2.42s/it]
Diag-val epoch 34:  80%|████████  | 8/10 [00:19<00:04,  2.43s/it]
Diag-val epoch 34:  90%|█████████ | 9/10 [00:21<00:02,  2.43s/it]
Diag-val epoch 34: 100%|██████████| 10/10 [00:24<00:00,  2.42s/it]
Diag-val epoch 34: 100%|██████████| 10/10 [00:24<00:00,  2.43s/it]
  Sample 0: last real='assistant' (id=77091) ✓ | pos[-1]='assistant' (id=77091) ✓
  Sample 1: last real='assistant' (id=77091) ✓ | pos[-1]='assistant' (id=77091) ✓
  Sample 2: last real='assistant' (id=77091) ✓ | pos[-1]='assistant' (id=77091) ✓

[3] Logit spread over label tokens (first batch)
  'correct': mean=15.938  std=1.488  min=14.250  max=17.750
  'void': mean=27.781  std=1.129  min=26.500  max=29.250
  Max-min spread: mean=11.844  min=8.750  max=13.875
  (Near 0 → not differentiating labels; large → confident)

[4] Prediction vs. true label distribution
  Label                            True %   Pred %
  ------------------------------ -------- --------
  correct                            5.0%     2.5%
  void                              95.0%    97.5% ← collapsed?

[Classification report — Epoch 34]
              precision    recall  f1-score   support

     correct       1.00      0.50      0.67         2
        void       0.97      1.00      0.99        38

    accuracy                           0.97        40
   macro avg       0.99      0.75      0.83        40
weighted avg       0.98      0.97      0.97        40

------------------------------------------------------------
  No improvement (best: epoch 12, macro F1=0.8268)

Epoch 35/50:   0%|          | 0/40 [00:00<?, ?it/s]
Epoch 35/50:   2%|▎         | 1/40 [00:08<05:31,  8.50s/it]
Epoch 35/50:   5%|▌         | 2/40 [00:16<05:22,  8.49s/it]
Epoch 35/50:   8%|▊         | 3/40 [00:25<05:14,  8.49s/it]
Epoch 35/50:  10%|█         | 4/40 [00:33<05:03,  8.44s/it]
Epoch 35/50:  12%|█▎        | 5/40 [00:42<04:56,  8.47s/it]
Epoch 35/50:  15%|█▌        | 6/40 [00:50<04:47,  8.46s/it]
Epoch 35/50:  18%|█▊        | 7/40 [00:59<04:38,  8.44s/it]
Epoch 35/50:  20%|██        | 8/40 [01:08<04:34,  8.59s/it]
Epoch 35/50:  22%|██▎       | 9/40 [01:16<04:24,  8.54s/it]
Epoch 35/50:  25%|██▌       | 10/40 [01:24<04:15,  8.50s/it]
Epoch 35/50:  28%|██▊       | 11/40 [01:33<04:08,  8.56s/it]
Epoch 35/50:  30%|███       | 12/40 [01:42<04:01,  8.61s/it]
Epoch 35/50:  32%|███▎      | 13/40 [01:50<03:49,  8.52s/it]
Epoch 35/50:  35%|███▌      | 14/40 [01:59<03:40,  8.49s/it]
Epoch 35/50:  38%|███▊      | 15/40 [02:07<03:33,  8.55s/it]
Epoch 35/50:  40%|████      | 16/40 [02:16<03:25,  8.55s/it]
Epoch 35/50:  42%|████▎     | 17/40 [02:24<03:16,  8.55s/it]
Epoch 35/50:  45%|████▌     | 18/40 [02:33<03:10,  8.65s/it]
Epoch 35/50:  48%|████▊     | 19/40 [02:42<03:00,  8.60s/it]
Epoch 35/50:  50%|█████     | 20/40 [02:51<02:53,  8.65s/it]
Epoch 35/50:  52%|█████▎    | 21/40 [03:00<02:46,  8.78s/it]
Epoch 35/50:  55%|█████▌    | 22/40 [03:08<02:37,  8.75s/it]
Epoch 35/50:  57%|█████▊    | 23/40 [03:17<02:28,  8.73s/it]
Epoch 35/50:  60%|██████    | 24/40 [03:25<02:17,  8.57s/it]
Epoch 35/50:  62%|██████▎   | 25/40 [03:34<02:09,  8.65s/it]
Epoch 35/50:  65%|██████▌   | 26/40 [03:42<02:00,  8.59s/it]
Epoch 35/50:  68%|██████▊   | 27/40 [03:51<01:51,  8.56s/it]
Epoch 35/50:  70%|███████   | 28/40 [03:59<01:42,  8.54s/it]
Epoch 35/50:  72%|███████▎  | 29/40 [04:08<01:33,  8.52s/it]
Epoch 35/50:  75%|███████▌  | 30/40 [04:17<01:25,  8.56s/it]
Epoch 35/50:  78%|███████▊  | 31/40 [04:25<01:17,  8.56s/it]
Epoch 35/50:  80%|████████  | 32/40 [04:34<01:08,  8.61s/it]
Epoch 35/50:  82%|████████▎ | 33/40 [04:43<01:00,  8.65s/it]
Epoch 35/50:  85%|████████▌ | 34/40 [04:51<00:51,  8.57s/it]
Epoch 35/50:  88%|████████▊ | 35/40 [05:00<00:43,  8.68s/it]
Epoch 35/50:  90%|█████████ | 36/40 [05:08<00:34,  8.64s/it]
Epoch 35/50:  92%|█████████▎| 37/40 [05:17<00:25,  8.56s/it]
Epoch 35/50:  95%|█████████▌| 38/40 [05:25<00:17,  8.55s/it]
Epoch 35/50:  98%|█████████▊| 39/40 [05:34<00:08,  8.50s/it]
Epoch 35/50: 100%|██████████| 40/40 [05:42<00:00,  8.39s/it]
Epoch 35/50: 100%|██████████| 40/40 [05:42<00:00,  8.56s/it]

Epoch 35 — avg train loss: 0.0001

[Train classification report — Epoch 35]
              precision    recall  f1-score   support

     correct       0.04      1.00      0.09         7
        void       1.00      0.02      0.04       152

    accuracy                           0.06       159
   macro avg       0.52      0.51      0.06       159
weighted avg       0.96      0.06      0.04       159


------------------------------------------------------------
DIAGNOSTIC — Epoch 35 | Task: mistake_correction_competence
------------------------------------------------------------

[1] Label token ID check
  'correct' → token_id=19928 → decoded='correct'
  'void' → token_id=1004 → decoded='void'
  ✓ All label token IDs are unique.

[2] Last-token identity (first 3 val samples)

Diag-val epoch 35:   0%|          | 0/10 [00:00<?, ?it/s]
Diag-val epoch 35:  10%|█         | 1/10 [00:02<00:22,  2.47s/it]
Diag-val epoch 35:  20%|██        | 2/10 [00:04<00:19,  2.44s/it]
Diag-val epoch 35:  30%|███       | 3/10 [00:07<00:17,  2.44s/it]
Diag-val epoch 35:  40%|████      | 4/10 [00:09<00:14,  2.40s/it]
Diag-val epoch 35:  50%|█████     | 5/10 [00:12<00:12,  2.42s/it]
Diag-val epoch 35:  60%|██████    | 6/10 [00:14<00:09,  2.43s/it]
Diag-val epoch 35:  70%|███████   | 7/10 [00:16<00:07,  2.42s/it]
Diag-val epoch 35:  80%|████████  | 8/10 [00:19<00:04,  2.43s/it]
Diag-val epoch 35:  90%|█████████ | 9/10 [00:21<00:02,  2.43s/it]
Diag-val epoch 35: 100%|██████████| 10/10 [00:24<00:00,  2.43s/it]
Diag-val epoch 35: 100%|██████████| 10/10 [00:24<00:00,  2.43s/it]
  Sample 0: last real='assistant' (id=77091) ✓ | pos[-1]='assistant' (id=77091) ✓
  Sample 1: last real='assistant' (id=77091) ✓ | pos[-1]='assistant' (id=77091) ✓
  Sample 2: last real='assistant' (id=77091) ✓ | pos[-1]='assistant' (id=77091) ✓

[3] Logit spread over label tokens (first batch)
  'correct': mean=15.906  std=1.360  min=14.812  max=17.875
  'void': mean=28.031  std=1.484  min=26.250  max=29.375
  Max-min spread: mean=12.125  min=8.375  max=14.312
  (Near 0 → not differentiating labels; large → confident)

[4] Prediction vs. true label distribution
  Label                            True %   Pred %
  ------------------------------ -------- --------
  correct                            5.0%     2.5%
  void                              95.0%    97.5% ← collapsed?

[Classification report — Epoch 35]
              precision    recall  f1-score   support

     correct       1.00      0.50      0.67         2
        void       0.97      1.00      0.99        38

    accuracy                           0.97        40
   macro avg       0.99      0.75      0.83        40
weighted avg       0.98      0.97      0.97        40

------------------------------------------------------------
  No improvement (best: epoch 12, macro F1=0.8268)

Epoch 36/50:   0%|          | 0/40 [00:00<?, ?it/s]
Epoch 36/50:   2%|▎         | 1/40 [00:08<05:19,  8.19s/it]
Epoch 36/50:   5%|▌         | 2/40 [00:17<05:29,  8.66s/it]
Epoch 36/50:   8%|▊         | 3/40 [00:25<05:14,  8.49s/it]
Epoch 36/50:  10%|█         | 4/40 [00:34<05:06,  8.51s/it]
Epoch 36/50:  12%|█▎        | 5/40 [00:41<04:49,  8.29s/it]
Epoch 36/50:  15%|█▌        | 6/40 [00:50<04:46,  8.42s/it]
Epoch 36/50:  18%|█▊        | 7/40 [00:59<04:40,  8.50s/it]
Epoch 36/50:  20%|██        | 8/40 [01:07<04:33,  8.53s/it]
Epoch 36/50:  22%|██▎       | 9/40 [01:16<04:27,  8.64s/it]
Epoch 36/50:  25%|██▌       | 10/40 [01:25<04:19,  8.64s/it]
Epoch 36/50:  28%|██▊       | 11/40 [01:34<04:10,  8.64s/it]
Epoch 36/50:  30%|███       | 12/40 [01:42<04:04,  8.74s/it]
Epoch 36/50:  32%|███▎      | 13/40 [01:51<03:55,  8.73s/it]
Epoch 36/50:  35%|███▌      | 14/40 [02:00<03:46,  8.72s/it]
Epoch 36/50:  38%|███▊      | 15/40 [02:08<03:36,  8.66s/it]
Epoch 36/50:  40%|████      | 16/40 [02:17<03:27,  8.65s/it]
Epoch 36/50:  42%|████▎     | 17/40 [02:25<03:16,  8.52s/it]
Epoch 36/50:  45%|████▌     | 18/40 [02:34<03:07,  8.54s/it]
Epoch 36/50:  48%|████▊     | 19/40 [02:42<03:00,  8.57s/it]
Epoch 36/50:  50%|█████     | 20/40 [02:51<02:51,  8.56s/it]
Epoch 36/50:  52%|█████▎    | 21/40 [03:00<02:42,  8.54s/it]
Epoch 36/50:  55%|█████▌    | 22/40 [03:08<02:34,  8.61s/it]
Epoch 36/50:  57%|█████▊    | 23/40 [03:17<02:26,  8.61s/it]
Epoch 36/50:  60%|██████    | 24/40 [03:25<02:17,  8.57s/it]
Epoch 36/50:  62%|██████▎   | 25/40 [03:34<02:07,  8.52s/it]
Epoch 36/50:  65%|██████▌   | 26/40 [03:42<02:00,  8.57s/it]
Epoch 36/50:  68%|██████▊   | 27/40 [03:51<01:50,  8.53s/it]
Epoch 36/50:  70%|███████   | 28/40 [03:59<01:41,  8.49s/it]
Epoch 36/50:  72%|███████▎  | 29/40 [04:08<01:33,  8.51s/it]
Epoch 36/50:  75%|███████▌  | 30/40 [04:16<01:24,  8.45s/it]
Epoch 36/50:  78%|███████▊  | 31/40 [04:25<01:16,  8.52s/it]
Epoch 36/50:  80%|████████  | 32/40 [04:34<01:08,  8.56s/it]
Epoch 36/50:  82%|████████▎ | 33/40 [04:42<00:59,  8.50s/it]
Epoch 36/50:  85%|████████▌ | 34/40 [04:50<00:50,  8.46s/it]
Epoch 36/50:  88%|████████▊ | 35/40 [04:59<00:42,  8.57s/it]
Epoch 36/50:  90%|█████████ | 36/40 [05:07<00:34,  8.51s/it]
Epoch 36/50:  92%|█████████▎| 37/40 [05:16<00:25,  8.62s/it]
Epoch 36/50:  95%|█████████▌| 38/40 [05:25<00:17,  8.56s/it]
Epoch 36/50:  98%|█████████▊| 39/40 [05:33<00:08,  8.54s/it]
Epoch 36/50: 100%|██████████| 40/40 [05:41<00:00,  8.39s/it]
Epoch 36/50: 100%|██████████| 40/40 [05:41<00:00,  8.54s/it]

Epoch 36 — avg train loss: 0.0001

[Train classification report — Epoch 36]
              precision    recall  f1-score   support

     correct       0.05      1.00      0.09         7
        void       1.00      0.03      0.06       152

    accuracy                           0.08       159
   macro avg       0.52      0.52      0.08       159
weighted avg       0.96      0.08      0.06       159


------------------------------------------------------------
DIAGNOSTIC — Epoch 36 | Task: mistake_correction_competence
------------------------------------------------------------

[1] Label token ID check
  'correct' → token_id=19928 → decoded='correct'
  'void' → token_id=1004 → decoded='void'
  ✓ All label token IDs are unique.

[2] Last-token identity (first 3 val samples)

Diag-val epoch 36:   0%|          | 0/10 [00:00<?, ?it/s]
Diag-val epoch 36:  10%|█         | 1/10 [00:02<00:22,  2.49s/it]
Diag-val epoch 36:  20%|██        | 2/10 [00:04<00:19,  2.44s/it]
Diag-val epoch 36:  30%|███       | 3/10 [00:07<00:17,  2.43s/it]
Diag-val epoch 36:  40%|████      | 4/10 [00:09<00:14,  2.38s/it]
Diag-val epoch 36:  50%|█████     | 5/10 [00:12<00:12,  2.41s/it]
Diag-val epoch 36:  60%|██████    | 6/10 [00:14<00:09,  2.42s/it]
Diag-val epoch 36:  70%|███████   | 7/10 [00:16<00:07,  2.40s/it]
Diag-val epoch 36:  80%|████████  | 8/10 [00:19<00:04,  2.42s/it]
Diag-val epoch 36:  90%|█████████ | 9/10 [00:21<00:02,  2.42s/it]
Diag-val epoch 36: 100%|██████████| 10/10 [00:24<00:00,  2.41s/it]
Diag-val epoch 36: 100%|██████████| 10/10 [00:24<00:00,  2.42s/it]
  Sample 0: last real='assistant' (id=77091) ✓ | pos[-1]='assistant' (id=77091) ✓
  Sample 1: last real='assistant' (id=77091) ✓ | pos[-1]='assistant' (id=77091) ✓
  Sample 2: last real='assistant' (id=77091) ✓ | pos[-1]='assistant' (id=77091) ✓

[3] Logit spread over label tokens (first batch)
  'correct': mean=16.969  std=0.959  min=16.250  max=18.375
  'void': mean=28.469  std=1.408  min=26.750  max=30.000
  Max-min spread: mean=11.500  min=9.625  max=13.250
  (Near 0 → not differentiating labels; large → confident)

[4] Prediction vs. true label distribution
  Label                            True %   Pred %
  ------------------------------ -------- --------
  correct                            5.0%     0.0%
  void                              95.0%   100.0% ← collapsed?

[Classification report — Epoch 36]
              precision    recall  f1-score   support

     correct       0.00      0.00      0.00         2
        void       0.95      1.00      0.97        38

    accuracy                           0.95        40
   macro avg       0.47      0.50      0.49        40
weighted avg       0.90      0.95      0.93        40

------------------------------------------------------------
  No improvement (best: epoch 12, macro F1=0.8268)

Epoch 37/50:   0%|          | 0/40 [00:00<?, ?it/s]
Epoch 37/50:   2%|▎         | 1/40 [00:08<05:36,  8.64s/it]
Epoch 37/50:   5%|▌         | 2/40 [00:16<05:13,  8.26s/it]
Epoch 37/50:   8%|▊         | 3/40 [00:25<05:08,  8.35s/it]
Epoch 37/50:  10%|█         | 4/40 [00:33<05:02,  8.39s/it]
Epoch 37/50:  12%|█▎        | 5/40 [00:42<04:56,  8.48s/it]
Epoch 37/50:  15%|█▌        | 6/40 [00:50<04:51,  8.59s/it]
Epoch 37/50:  18%|█▊        | 7/40 [00:59<04:38,  8.43s/it]
Epoch 37/50:  20%|██        | 8/40 [01:07<04:32,  8.52s/it]
Epoch 37/50:  22%|██▎       | 9/40 [01:16<04:24,  8.52s/it]
Epoch 37/50:  25%|██▌       | 10/40 [01:24<04:15,  8.51s/it]
Epoch 37/50:  28%|██▊       | 11/40 [01:33<04:07,  8.52s/it]
Epoch 37/50:  30%|███       | 12/40 [01:41<03:58,  8.51s/it]
Epoch 37/50:  32%|███▎      | 13/40 [01:50<03:54,  8.67s/it]
Epoch 37/50:  35%|███▌      | 14/40 [01:59<03:43,  8.61s/it]
Epoch 37/50:  38%|███▊      | 15/40 [02:07<03:34,  8.57s/it]
Epoch 37/50:  40%|████      | 16/40 [02:16<03:26,  8.60s/it]
Epoch 37/50:  42%|████▎     | 17/40 [02:24<03:15,  8.51s/it]
Epoch 37/50:  45%|████▌     | 18/40 [02:33<03:07,  8.53s/it]
Epoch 37/50:  48%|████▊     | 19/40 [02:42<03:00,  8.58s/it]
Epoch 37/50:  50%|█████     | 20/40 [02:50<02:50,  8.52s/it]
Epoch 37/50:  52%|█████▎    | 21/40 [02:58<02:41,  8.51s/it]
Epoch 37/50:  55%|█████▌    | 22/40 [03:07<02:31,  8.44s/it]
Epoch 37/50:  57%|█████▊    | 23/40 [03:15<02:24,  8.51s/it]
Epoch 37/50:  60%|██████    | 24/40 [03:24<02:17,  8.56s/it]
Epoch 37/50:  62%|██████▎   | 25/40 [03:33<02:07,  8.52s/it]
Epoch 37/50:  65%|██████▌   | 26/40 [03:41<02:00,  8.63s/it]
Epoch 37/50:  68%|██████▊   | 27/40 [03:50<01:50,  8.50s/it]
Epoch 37/50:  70%|███████   | 28/40 [03:58<01:41,  8.44s/it]
Epoch 37/50:  72%|███████▎  | 29/40 [04:07<01:33,  8.51s/it]
Epoch 37/50:  75%|███████▌  | 30/40 [04:15<01:24,  8.49s/it]
Epoch 37/50:  78%|███████▊  | 31/40 [04:23<01:16,  8.48s/it]
Epoch 37/50:  80%|████████  | 32/40 [04:32<01:07,  8.46s/it]
Epoch 37/50:  82%|████████▎ | 33/40 [04:40<00:59,  8.48s/it]
Epoch 37/50:  85%|████████▌ | 34/40 [04:49<00:51,  8.62s/it]
Epoch 37/50:  88%|████████▊ | 35/40 [04:58<00:43,  8.63s/it]
Epoch 37/50:  90%|█████████ | 36/40 [05:06<00:34,  8.55s/it]
Epoch 37/50:  92%|█████████▎| 37/40 [05:15<00:25,  8.58s/it]
Epoch 37/50:  95%|█████████▌| 38/40 [05:24<00:17,  8.68s/it]
Epoch 37/50:  98%|█████████▊| 39/40 [05:33<00:08,  8.69s/it]
Epoch 37/50: 100%|██████████| 40/40 [05:41<00:00,  8.57s/it]
Epoch 37/50: 100%|██████████| 40/40 [05:41<00:00,  8.54s/it]

Epoch 37 — avg train loss: 0.0001

[Train classification report — Epoch 37]
              precision    recall  f1-score   support

     correct       0.05      1.00      0.09         7
        void       1.00      0.03      0.05       152

    accuracy                           0.07       159
   macro avg       0.52      0.51      0.07       159
weighted avg       0.96      0.07      0.05       159


------------------------------------------------------------
DIAGNOSTIC — Epoch 37 | Task: mistake_correction_competence
------------------------------------------------------------

[1] Label token ID check
  'correct' → token_id=19928 → decoded='correct'
  'void' → token_id=1004 → decoded='void'
  ✓ All label token IDs are unique.

[2] Last-token identity (first 3 val samples)

Diag-val epoch 37:   0%|          | 0/10 [00:00<?, ?it/s]
Diag-val epoch 37:  10%|█         | 1/10 [00:02<00:22,  2.48s/it]
Diag-val epoch 37:  20%|██        | 2/10 [00:04<00:19,  2.44s/it]
Diag-val epoch 37:  30%|███       | 3/10 [00:07<00:17,  2.43s/it]
Diag-val epoch 37:  40%|████      | 4/10 [00:09<00:14,  2.40s/it]
Diag-val epoch 37:  50%|█████     | 5/10 [00:12<00:12,  2.43s/it]
Diag-val epoch 37:  60%|██████    | 6/10 [00:14<00:09,  2.43s/it]
Diag-val epoch 37:  70%|███████   | 7/10 [00:16<00:07,  2.42s/it]
Diag-val epoch 37:  80%|████████  | 8/10 [00:19<00:04,  2.43s/it]
Diag-val epoch 37:  90%|█████████ | 9/10 [00:21<00:02,  2.43s/it]
Diag-val epoch 37: 100%|██████████| 10/10 [00:24<00:00,  2.42s/it]
Diag-val epoch 37: 100%|██████████| 10/10 [00:24<00:00,  2.43s/it]
  Sample 0: last real='assistant' (id=77091) ✓ | pos[-1]='assistant' (id=77091) ✓
  Sample 1: last real='assistant' (id=77091) ✓ | pos[-1]='assistant' (id=77091) ✓
  Sample 2: last real='assistant' (id=77091) ✓ | pos[-1]='assistant' (id=77091) ✓

[3] Logit spread over label tokens (first batch)
  'correct': mean=16.719  std=0.862  min=15.625  max=17.625
  'void': mean=27.906  std=1.672  min=26.125  max=29.875
  Max-min spread: mean=11.188  min=8.500  max=13.375
  (Near 0 → not differentiating labels; large → confident)

[4] Prediction vs. true label distribution
  Label                            True %   Pred %
  ------------------------------ -------- --------
  correct                            5.0%     0.0%
  void                              95.0%   100.0% ← collapsed?

[Classification report — Epoch 37]
              precision    recall  f1-score   support

     correct       0.00      0.00      0.00         2
        void       0.95      1.00      0.97        38

    accuracy                           0.95        40
   macro avg       0.47      0.50      0.49        40
weighted avg       0.90      0.95      0.93        40

------------------------------------------------------------
  No improvement (best: epoch 12, macro F1=0.8268)

Epoch 38/50:   0%|          | 0/40 [00:00<?, ?it/s]
Epoch 38/50:   2%|▎         | 1/40 [00:08<05:34,  8.57s/it]
Epoch 38/50:   5%|▌         | 2/40 [00:17<05:23,  8.51s/it]
Epoch 38/50:   8%|▊         | 3/40 [00:25<05:11,  8.43s/it]
Epoch 38/50:  10%|█         | 4/40 [00:33<05:04,  8.47s/it]
Epoch 38/50:  12%|█▎        | 5/40 [00:42<04:56,  8.47s/it]
Epoch 38/50:  15%|█▌        | 6/40 [00:50<04:46,  8.44s/it]
Epoch 38/50:  18%|█▊        | 7/40 [00:59<04:41,  8.52s/it]
Epoch 38/50:  20%|██        | 8/40 [01:07<04:31,  8.50s/it]
Epoch 38/50:  22%|██▎       | 9/40 [01:16<04:23,  8.50s/it]
Epoch 38/50:  25%|██▌       | 10/40 [01:24<04:14,  8.49s/it]
Epoch 38/50:  28%|██▊       | 11/40 [01:33<04:08,  8.55s/it]
Epoch 38/50:  30%|███       | 12/40 [01:42<04:00,  8.58s/it]
Epoch 38/50:  32%|███▎      | 13/40 [01:50<03:50,  8.53s/it]
Epoch 38/50:  35%|███▌      | 14/40 [01:59<03:43,  8.59s/it]
Epoch 38/50:  38%|███▊      | 15/40 [02:08<03:36,  8.66s/it]
Epoch 38/50:  40%|████      | 16/40 [02:16<03:25,  8.56s/it]
Epoch 38/50:  42%|████▎     | 17/40 [02:25<03:17,  8.60s/it]
Epoch 38/50:  45%|████▌     | 18/40 [02:33<03:07,  8.54s/it]
Epoch 38/50:  48%|████▊     | 19/40 [02:42<03:00,  8.59s/it]
Epoch 38/50:  50%|█████     | 20/40 [02:50<02:52,  8.62s/it]
Epoch 38/50:  52%|█████▎    | 21/40 [02:59<02:43,  8.61s/it]
Epoch 38/50:  55%|█████▌    | 22/40 [03:08<02:36,  8.67s/it]
Epoch 38/50:  57%|█████▊    | 23/40 [03:16<02:26,  8.60s/it]
Epoch 38/50:  60%|██████    | 24/40 [03:25<02:17,  8.58s/it]
Epoch 38/50:  62%|██████▎   | 25/40 [03:34<02:10,  8.71s/it]
Epoch 38/50:  65%|██████▌   | 26/40 [03:42<02:00,  8.63s/it]
Epoch 38/50:  68%|██████▊   | 27/40 [03:50<01:50,  8.48s/it]
Epoch 38/50:  70%|███████   | 28/40 [03:59<01:41,  8.49s/it]
Epoch 38/50:  72%|███████▎  | 29/40 [04:07<01:33,  8.49s/it]
Epoch 38/50:  75%|███████▌  | 30/40 [04:16<01:25,  8.55s/it]
Epoch 38/50:  78%|███████▊  | 31/40 [04:25<01:16,  8.52s/it]
Epoch 38/50:  80%|████████  | 32/40 [04:33<01:08,  8.57s/it]
Epoch 38/50:  82%|████████▎ | 33/40 [04:42<01:00,  8.68s/it]
Epoch 38/50:  85%|████████▌ | 34/40 [04:51<00:51,  8.58s/it]
Epoch 38/50:  88%|████████▊ | 35/40 [04:59<00:42,  8.58s/it]
Epoch 38/50:  90%|█████████ | 36/40 [05:08<00:34,  8.53s/it]
Epoch 38/50:  92%|█████████▎| 37/40 [05:16<00:25,  8.64s/it]
Epoch 38/50:  95%|█████████▌| 38/40 [05:25<00:17,  8.52s/it]
Epoch 38/50:  98%|█████████▊| 39/40 [05:33<00:08,  8.53s/it]
Epoch 38/50: 100%|██████████| 40/40 [05:41<00:00,  8.38s/it]
Epoch 38/50: 100%|██████████| 40/40 [05:41<00:00,  8.54s/it]

Epoch 38 — avg train loss: 0.0001

[Train classification report — Epoch 38]
              precision    recall  f1-score   support

     correct       0.05      1.00      0.09         7
        void       1.00      0.03      0.05       152

    accuracy                           0.07       159
   macro avg       0.52      0.51      0.07       159
weighted avg       0.96      0.07      0.05       159


------------------------------------------------------------
DIAGNOSTIC — Epoch 38 | Task: mistake_correction_competence
------------------------------------------------------------

[1] Label token ID check
  'correct' → token_id=19928 → decoded='correct'
  'void' → token_id=1004 → decoded='void'
  ✓ All label token IDs are unique.

[2] Last-token identity (first 3 val samples)

Diag-val epoch 38:   0%|          | 0/10 [00:00<?, ?it/s]
Diag-val epoch 38:  10%|█         | 1/10 [00:02<00:22,  2.47s/it]
Diag-val epoch 38:  20%|██        | 2/10 [00:04<00:19,  2.44s/it]
Diag-val epoch 38:  30%|███       | 3/10 [00:07<00:17,  2.45s/it]
Diag-val epoch 38:  40%|████      | 4/10 [00:09<00:14,  2.40s/it]
Diag-val epoch 38:  50%|█████     | 5/10 [00:12<00:12,  2.42s/it]
Diag-val epoch 38:  60%|██████    | 6/10 [00:14<00:09,  2.43s/it]
Diag-val epoch 38:  70%|███████   | 7/10 [00:16<00:07,  2.42s/it]
Diag-val epoch 38:  80%|████████  | 8/10 [00:19<00:04,  2.43s/it]
Diag-val epoch 38:  90%|█████████ | 9/10 [00:21<00:02,  2.43s/it]
Diag-val epoch 38: 100%|██████████| 10/10 [00:24<00:00,  2.42s/it]
Diag-val epoch 38: 100%|██████████| 10/10 [00:24<00:00,  2.42s/it]
  Sample 0: last real='assistant' (id=77091) ✓ | pos[-1]='assistant' (id=77091) ✓
  Sample 1: last real='assistant' (id=77091) ✓ | pos[-1]='assistant' (id=77091) ✓
  Sample 2: last real='assistant' (id=77091) ✓ | pos[-1]='assistant' (id=77091) ✓

[3] Logit spread over label tokens (first batch)
  'correct': mean=16.000  std=1.113  min=15.000  max=17.250
  'void': mean=28.312  std=1.379  min=26.625  max=29.500
  Max-min spread: mean=12.312  min=10.500  max=14.500
  (Near 0 → not differentiating labels; large → confident)

[4] Prediction vs. true label distribution
  Label                            True %   Pred %
  ------------------------------ -------- --------
  correct                            5.0%     2.5%
  void                              95.0%    97.5% ← collapsed?

[Classification report — Epoch 38]
              precision    recall  f1-score   support

     correct       1.00      0.50      0.67         2
        void       0.97      1.00      0.99        38

    accuracy                           0.97        40
   macro avg       0.99      0.75      0.83        40
weighted avg       0.98      0.97      0.97        40

------------------------------------------------------------
  No improvement (best: epoch 12, macro F1=0.8268)

Epoch 39/50:   0%|          | 0/40 [00:00<?, ?it/s]
Epoch 39/50:   2%|▎         | 1/40 [00:08<05:32,  8.52s/it]
Epoch 39/50:   5%|▌         | 2/40 [00:17<05:25,  8.57s/it]
Epoch 39/50:   8%|▊         | 3/40 [00:25<05:19,  8.65s/it]
Epoch 39/50:  10%|█         | 4/40 [00:34<05:14,  8.74s/it]
Epoch 39/50:  12%|█▎        | 5/40 [00:43<05:07,  8.79s/it]
Epoch 39/50:  15%|█▌        | 6/40 [00:52<04:58,  8.78s/it]
Epoch 39/50:  18%|█▊        | 7/40 [01:00<04:47,  8.72s/it]
Epoch 39/50:  20%|██        | 8/40 [01:09<04:41,  8.78s/it]
Epoch 39/50:  22%|██▎       | 9/40 [01:18<04:33,  8.83s/it]
Epoch 39/50:  25%|██▌       | 10/40 [01:27<04:22,  8.75s/it]
Epoch 39/50:  28%|██▊       | 11/40 [01:36<04:12,  8.72s/it]
Epoch 39/50:  30%|███       | 12/40 [01:44<04:03,  8.69s/it]
Epoch 39/50:  32%|███▎      | 13/40 [01:53<03:53,  8.66s/it]
Epoch 39/50:  35%|███▌      | 14/40 [02:01<03:45,  8.67s/it]
Epoch 39/50:  38%|███▊      | 15/40 [02:10<03:35,  8.64s/it]
Epoch 39/50:  40%|████      | 16/40 [02:18<03:25,  8.57s/it]
Epoch 39/50:  42%|████▎     | 17/40 [02:27<03:18,  8.62s/it]
Epoch 39/50:  45%|████▌     | 18/40 [02:36<03:09,  8.60s/it]
Epoch 39/50:  48%|████▊     | 19/40 [02:44<02:58,  8.50s/it]
Epoch 39/50:  50%|█████     | 20/40 [02:52<02:49,  8.48s/it]
Epoch 39/50:  52%|█████▎    | 21/40 [03:01<02:41,  8.52s/it]
Epoch 39/50:  55%|█████▌    | 22/40 [03:09<02:32,  8.46s/it]
Epoch 39/50:  57%|█████▊    | 23/40 [03:18<02:25,  8.56s/it]
Epoch 39/50:  60%|██████    | 24/40 [03:27<02:16,  8.53s/it]
Epoch 39/50:  62%|██████▎   | 25/40 [03:35<02:07,  8.53s/it]
Epoch 39/50:  65%|██████▌   | 26/40 [03:44<01:59,  8.50s/it]
Epoch 39/50:  68%|██████▊   | 27/40 [03:52<01:51,  8.56s/it]
Epoch 39/50:  70%|███████   | 28/40 [04:01<01:42,  8.55s/it]
Epoch 39/50:  72%|███████▎  | 29/40 [04:09<01:34,  8.55s/it]
Epoch 39/50:  75%|███████▌  | 30/40 [04:18<01:25,  8.54s/it]
Epoch 39/50:  78%|███████▊  | 31/40 [04:27<01:17,  8.58s/it]
Epoch 39/50:  80%|████████  | 32/40 [04:35<01:08,  8.61s/it]
Epoch 39/50:  82%|████████▎ | 33/40 [04:44<00:59,  8.53s/it]
Epoch 39/50:  85%|████████▌ | 34/40 [04:52<00:51,  8.51s/it]
Epoch 39/50:  88%|████████▊ | 35/40 [05:00<00:42,  8.40s/it]
Epoch 39/50:  90%|█████████ | 36/40 [05:09<00:33,  8.38s/it]
Epoch 39/50:  92%|█████████▎| 37/40 [05:17<00:25,  8.42s/it]
Epoch 39/50:  95%|█████████▌| 38/40 [05:26<00:16,  8.48s/it]
Epoch 39/50:  98%|█████████▊| 39/40 [05:34<00:08,  8.48s/it]
Epoch 39/50: 100%|██████████| 40/40 [05:42<00:00,  8.31s/it]
Epoch 39/50: 100%|██████████| 40/40 [05:42<00:00,  8.56s/it]

Epoch 39 — avg train loss: 0.0001

[Train classification report — Epoch 39]
              precision    recall  f1-score   support

     correct       0.05      1.00      0.09         7
        void       1.00      0.03      0.06       152

    accuracy                           0.08       159
   macro avg       0.52      0.52      0.08       159
weighted avg       0.96      0.08      0.06       159


------------------------------------------------------------
DIAGNOSTIC — Epoch 39 | Task: mistake_correction_competence
------------------------------------------------------------

[1] Label token ID check
  'correct' → token_id=19928 → decoded='correct'
  'void' → token_id=1004 → decoded='void'
  ✓ All label token IDs are unique.

[2] Last-token identity (first 3 val samples)

Diag-val epoch 39:   0%|          | 0/10 [00:00<?, ?it/s]
Diag-val epoch 39:  10%|█         | 1/10 [00:02<00:22,  2.48s/it]
Diag-val epoch 39:  20%|██        | 2/10 [00:04<00:19,  2.44s/it]
Diag-val epoch 39:  30%|███       | 3/10 [00:07<00:17,  2.43s/it]
Diag-val epoch 39:  40%|████      | 4/10 [00:09<00:14,  2.39s/it]
Diag-val epoch 39:  50%|█████     | 5/10 [00:12<00:12,  2.42s/it]
Diag-val epoch 39:  60%|██████    | 6/10 [00:14<00:09,  2.43s/it]
Diag-val epoch 39:  70%|███████   | 7/10 [00:16<00:07,  2.41s/it]
Diag-val epoch 39:  80%|████████  | 8/10 [00:19<00:04,  2.42s/it]
Diag-val epoch 39:  90%|█████████ | 9/10 [00:21<00:02,  2.42s/it]
Diag-val epoch 39: 100%|██████████| 10/10 [00:24<00:00,  2.42s/it]
Diag-val epoch 39: 100%|██████████| 10/10 [00:24<00:00,  2.42s/it]
  Sample 0: last real='assistant' (id=77091) ✓ | pos[-1]='assistant' (id=77091) ✓
  Sample 1: last real='assistant' (id=77091) ✓ | pos[-1]='assistant' (id=77091) ✓
  Sample 2: last real='assistant' (id=77091) ✓ | pos[-1]='assistant' (id=77091) ✓

[3] Logit spread over label tokens (first batch)
  'correct': mean=16.094  std=1.379  min=14.562  max=17.875
  'void': mean=28.031  std=1.196  min=26.875  max=29.125
  Max-min spread: mean=11.938  min=9.250  max=14.438
  (Near 0 → not differentiating labels; large → confident)

[4] Prediction vs. true label distribution
  Label                            True %   Pred %
  ------------------------------ -------- --------
  correct                            5.0%     0.0%
  void                              95.0%   100.0% ← collapsed?

[Classification report — Epoch 39]
              precision    recall  f1-score   support

     correct       0.00      0.00      0.00         2
        void       0.95      1.00      0.97        38

    accuracy                           0.95        40
   macro avg       0.47      0.50      0.49        40
weighted avg       0.90      0.95      0.93        40

------------------------------------------------------------
  No improvement (best: epoch 12, macro F1=0.8268)

Epoch 40/50:   0%|          | 0/40 [00:00<?, ?it/s]
Epoch 40/50:   2%|▎         | 1/40 [00:08<05:27,  8.39s/it]
Epoch 40/50:   5%|▌         | 2/40 [00:16<05:20,  8.45s/it]
Epoch 40/50:   8%|▊         | 3/40 [00:25<05:12,  8.45s/it]
Epoch 40/50:  10%|█         | 4/40 [00:33<05:03,  8.44s/it]
Epoch 40/50:  12%|█▎        | 5/40 [00:42<04:54,  8.42s/it]
Epoch 40/50:  15%|█▌        | 6/40 [00:50<04:47,  8.45s/it]
Epoch 40/50:  18%|█▊        | 7/40 [00:58<04:36,  8.38s/it]
Epoch 40/50:  20%|██        | 8/40 [01:07<04:31,  8.48s/it]
Epoch 40/50:  22%|██▎       | 9/40 [01:16<04:23,  8.49s/it]
Epoch 40/50:  25%|██▌       | 10/40 [01:24<04:16,  8.54s/it]
Epoch 40/50:  28%|██▊       | 11/40 [01:33<04:08,  8.56s/it]
Epoch 40/50:  30%|███       | 12/40 [01:42<04:00,  8.60s/it]
Epoch 40/50:  32%|███▎      | 13/40 [01:50<03:52,  8.62s/it]
Epoch 40/50:  35%|███▌      | 14/40 [01:59<03:43,  8.60s/it]
Epoch 40/50:  38%|███▊      | 15/40 [02:07<03:33,  8.54s/it]
Epoch 40/50:  40%|████      | 16/40 [02:16<03:24,  8.52s/it]
Epoch 40/50:  42%|████▎     | 17/40 [02:24<03:17,  8.59s/it]
Epoch 40/50:  45%|████▌     | 18/40 [02:33<03:07,  8.54s/it]
Epoch 40/50:  48%|████▊     | 19/40 [02:41<03:00,  8.57s/it]
Epoch 40/50:  50%|█████     | 20/40 [02:50<02:50,  8.51s/it]
Epoch 40/50:  52%|█████▎    | 21/40 [02:59<02:44,  8.66s/it]
Epoch 40/50:  55%|█████▌    | 22/40 [03:07<02:35,  8.66s/it]
Epoch 40/50:  57%|█████▊    | 23/40 [03:16<02:27,  8.68s/it]
Epoch 40/50:  60%|██████    | 24/40 [03:25<02:18,  8.67s/it]
Epoch 40/50:  62%|██████▎   | 25/40 [03:34<02:10,  8.67s/it]
Epoch 40/50:  65%|██████▌   | 26/40 [03:42<01:59,  8.50s/it]
Epoch 40/50:  68%|██████▊   | 27/40 [03:51<01:52,  8.64s/it]
Epoch 40/50:  70%|███████   | 28/40 [04:00<01:45,  8.75s/it]
Epoch 40/50:  70%|███████   | 28/40 [04:08<01:46,  8.88s/it]
KeyboardInterrupt
